// nefuOS built-in CJK bitmap font (16x16)
// GB2312 level-1 hanzi (16-55 qu) + full-width symbols (A1 qu)
// Rendered from simhei.ttf at build time; glyph shapes (CJK ideographs)
// are not copyrightable and are shared for interoperability.
#pragma once
#include <stdint.h>

static const int g_cjk_count = 3848;
static const uint16_t g_cjk_uni[3848] = {
    0x3001,0x3002,0x30FB,0x02C9,0x02C7,0x00A8,0x3003,0x3005,0x2015,0xFF5E,0x2016,0x2026,
    0x2018,0x2019,0x201C,0x201D,0x3014,0x3015,0x3008,0x3009,0x300A,0x300B,0x300C,0x300D,
    0x300E,0x300F,0x3016,0x3017,0x3010,0x3011,0x00B1,0x00D7,0x00F7,0x2236,0x2227,0x2228,
    0x2211,0x220F,0x222A,0x2229,0x2208,0x2237,0x221A,0x22A5,0x2225,0x2220,0x2312,0x2299,
    0x222B,0x222E,0x2261,0x224C,0x2248,0x223D,0x221D,0x2260,0x226E,0x226F,0x2264,0x2265,
    0x221E,0x2235,0x2234,0x2642,0x2640,0x00B0,0x2032,0x2033,0x2103,0xFF04,0x00A4,0xFFE0,
    0xFFE1,0x2030,0x00A7,0x2116,0x2606,0x2605,0x25CB,0x25CF,0x25CE,0x25C7,0x25C6,0x25A1,
    0x25A0,0x25B3,0x25B2,0x203B,0x2192,0x2190,0x2191,0x2193,0x3013,0x554A,0x963F,0x57C3,
    0x6328,0x54CE,0x5509,0x54C0,0x7691,0x764C,0x853C,0x77EE,0x827E,0x788D,0x7231,0x9698,
    0x978D,0x6C28,0x5B89,0x4FFA,0x6309,0x6697,0x5CB8,0x80FA,0x6848,0x80AE,0x6602,0x76CE,
    0x51F9,0x6556,0x71AC,0x7FF1,0x8884,0x50B2,0x5965,0x61CA,0x6FB3,0x82AD,0x634C,0x6252,
    0x53ED,0x5427,0x7B06,0x516B,0x75A4,0x5DF4,0x62D4,0x8DCB,0x9776,0x628A,0x8019,0x575D,
    0x9738,0x7F62,0x7238,0x767D,0x67CF,0x767E,0x6446,0x4F70,0x8D25,0x62DC,0x7A17,0x6591,
    0x73ED,0x642C,0x6273,0x822C,0x9881,0x677F,0x7248,0x626E,0x62CC,0x4F34,0x74E3,0x534A,
    0x529E,0x7ECA,0x90A6,0x5E2E,0x6886,0x699C,0x8180,0x7ED1,0x68D2,0x78C5,0x868C,0x9551,
    0x508D,0x8C24,0x82DE,0x80DE,0x5305,0x8912,0x5265,0x8584,0x96F9,0x4FDD,0x5821,0x9971,
    0x5B9D,0x62B1,0x62A5,0x66B4,0x8C79,0x9C8D,0x7206,0x676F,0x7891,0x60B2,0x5351,0x5317,
    0x8F88,0x80CC,0x8D1D,0x94A1,0x500D,0x72C8,0x5907,0x60EB,0x7119,0x88AB,0x5954,0x82EF,
    0x672C,0x7B28,0x5D29,0x7EF7,0x752D,0x6CF5,0x8E66,0x8FF8,0x903C,0x9F3B,0x6BD4,0x9119,
    0x7B14,0x5F7C,0x78A7,0x84D6,0x853D,0x6BD5,0x6BD9,0x6BD6,0x5E01,0x5E87,0x75F9,0x95ED,
    0x655D,0x5F0A,0x5FC5,0x8F9F,0x58C1,0x81C2,0x907F,0x965B,0x97AD,0x8FB9,0x7F16,0x8D2C,
    0x6241,0x4FBF,0x53D8,0x535E,0x8FA8,0x8FA9,0x8FAB,0x904D,0x6807,0x5F6A,0x8198,0x8868,
    0x9CD6,0x618B,0x522B,0x762A,0x5F6C,0x658C,0x6FD2,0x6EE8,0x5BBE,0x6448,0x5175,0x51B0,
    0x67C4,0x4E19,0x79C9,0x997C,0x70B3,0x75C5,0x5E76,0x73BB,0x83E0,0x64AD,0x62E8,0x94B5,
    0x6CE2,0x535A,0x52C3,0x640F,0x94C2,0x7B94,0x4F2F,0x5E1B,0x8236,0x8116,0x818A,0x6E24,
    0x6CCA,0x9A73,0x6355,0x535C,0x54FA,0x8865,0x57E0,0x4E0D,0x5E03,0x6B65,0x7C3F,0x90E8,
    0x6016,0x64E6,0x731C,0x88C1,0x6750,0x624D,0x8D22,0x776C,0x8E29,0x91C7,0x5F69,0x83DC,
    0x8521,0x9910,0x53C2,0x8695,0x6B8B,0x60ED,0x60E8,0x707F,0x82CD,0x8231,0x4ED3,0x6CA7,
    0x85CF,0x64CD,0x7CD9,0x69FD,0x66F9,0x8349,0x5395,0x7B56,0x4FA7,0x518C,0x6D4B,0x5C42,
    0x8E6D,0x63D2,0x53C9,0x832C,0x8336,0x67E5,0x78B4,0x643D,0x5BDF,0x5C94,0x5DEE,0x8BE7,
    0x62C6,0x67F4,0x8C7A,0x6400,0x63BA,0x8749,0x998B,0x8C17,0x7F20,0x94F2,0x4EA7,0x9610,
    0x98A4,0x660C,0x7316,0x573A,0x5C1D,0x5E38,0x957F,0x507F,0x80A0,0x5382,0x655E,0x7545,
    0x5531,0x5021,0x8D85,0x6284,0x949E,0x671D,0x5632,0x6F6E,0x5DE2,0x5435,0x7092,0x8F66,
    0x626F,0x64A4,0x63A3,0x5F7B,0x6F88,0x90F4,0x81E3,0x8FB0,0x5C18,0x6668,0x5FF1,0x6C89,
    0x9648,0x8D81,0x886C,0x6491,0x79F0,0x57CE,0x6A59,0x6210,0x5448,0x4E58,0x7A0B,0x60E9,
    0x6F84,0x8BDA,0x627F,0x901E,0x9A8B,0x79E4,0x5403,0x75F4,0x6301,0x5319,0x6C60,0x8FDF,
    0x5F1B,0x9A70,0x803B,0x9F7F,0x4F88,0x5C3A,0x8D64,0x7FC5,0x65A5,0x70BD,0x5145,0x51B2,
    0x866B,0x5D07,0x5BA0,0x62BD,0x916C,0x7574,0x8E0C,0x7A20,0x6101,0x7B79,0x4EC7,0x7EF8,
    0x7785,0x4E11,0x81ED,0x521D,0x51FA,0x6A71,0x53A8,0x8E87,0x9504,0x96CF,0x6EC1,0x9664,
    0x695A,0x7840,0x50A8,0x77D7,0x6410,0x89E6,0x5904,0x63E3,0x5DDD,0x7A7F,0x693D,0x4F20,
    0x8239,0x5598,0x4E32,0x75AE,0x7A97,0x5E62,0x5E8A,0x95EF,0x521B,0x5439,0x708A,0x6376,
    0x9524,0x5782,0x6625,0x693F,0x9187,0x5507,0x6DF3,0x7EAF,0x8822,0x6233,0x7EF0,0x75B5,
    0x8328,0x78C1,0x96CC,0x8F9E,0x6148,0x74F7,0x8BCD,0x6B64,0x523A,0x8D50,0x6B21,0x806A,
    0x8471,0x56F1,0x5306,0x4ECE,0x4E1B,0x51D1,0x7C97,0x918B,0x7C07,0x4FC3,0x8E7F,0x7BE1,
    0x7A9C,0x6467,0x5D14,0x50AC,0x8106,0x7601,0x7CB9,0x6DEC,0x7FE0,0x6751,0x5B58,0x5BF8,
    0x78CB,0x64AE,0x6413,0x63AA,0x632B,0x9519,0x642D,0x8FBE,0x7B54,0x7629,0x6253,0x5927,
    0x5446,0x6B79,0x50A3,0x6234,0x5E26,0x6B86,0x4EE3,0x8D37,0x888B,0x5F85,0x902E,0x6020,
    0x803D,0x62C5,0x4E39,0x5355,0x90F8,0x63B8,0x80C6,0x65E6,0x6C2E,0x4F46,0x60EE,0x6DE1,
    0x8BDE,0x5F39,0x86CB,0x5F53,0x6321,0x515A,0x8361,0x6863,0x5200,0x6363,0x8E48,0x5012,
    0x5C9B,0x7977,0x5BFC,0x5230,0x7A3B,0x60BC,0x9053,0x76D7,0x5FB7,0x5F97,0x7684,0x8E6C,
    0x706F,0x767B,0x7B49,0x77AA,0x51F3,0x9093,0x5824,0x4F4E,0x6EF4,0x8FEA,0x654C,0x7B1B,
    0x72C4,0x6DA4,0x7FDF,0x5AE1,0x62B5,0x5E95,0x5730,0x8482,0x7B2C,0x5E1D,0x5F1F,0x9012,
    0x7F14,0x98A0,0x6382,0x6EC7,0x7898,0x70B9,0x5178,0x975B,0x57AB,0x7535,0x4F43,0x7538,
    0x5E97,0x60E6,0x5960,0x6DC0,0x6BBF,0x7889,0x53FC,0x96D5,0x51CB,0x5201,0x6389,0x540A,
    0x9493,0x8C03,0x8DCC,0x7239,0x789F,0x8776,0x8FED,0x8C0D,0x53E0,0x4E01,0x76EF,0x53EE,
    0x9489,0x9876,0x9F0E,0x952D,0x5B9A,0x8BA2,0x4E22,0x4E1C,0x51AC,0x8463,0x61C2,0x52A8,
    0x680B,0x4F97,0x606B,0x51BB,0x6D1E,0x515C,0x6296,0x6597,0x9661,0x8C46,0x9017,0x75D8,
    0x90FD,0x7763,0x6BD2,0x728A,0x72EC,0x8BFB,0x5835,0x7779,0x8D4C,0x675C,0x9540,0x809A,
    0x5EA6,0x6E21,0x5992,0x7AEF,0x77ED,0x953B,0x6BB5,0x65AD,0x7F0E,0x5806,0x5151,0x961F,
    0x5BF9,0x58A9,0x5428,0x8E72,0x6566,0x987F,0x56E4,0x949D,0x76FE,0x9041,0x6387,0x54C6,
    0x591A,0x593A,0x579B,0x8EB2,0x6735,0x8DFA,0x8235,0x5241,0x60F0,0x5815,0x86FE,0x5CE8,
    0x9E45,0x4FC4,0x989D,0x8BB9,0x5A25,0x6076,0x5384,0x627C,0x904F,0x9102,0x997F,0x6069,
    0x800C,0x513F,0x8033,0x5C14,0x9975,0x6D31,0x4E8C,0x8D30,0x53D1,0x7F5A,0x7B4F,0x4F10,
    0x4E4F,0x9600,0x6CD5,0x73D0,0x85E9,0x5E06,0x756A,0x7FFB,0x6A0A,0x77FE,0x9492,0x7E41,
    0x51E1,0x70E6,0x53CD,0x8FD4,0x8303,0x8D29,0x72AF,0x996D,0x6CDB,0x574A,0x82B3,0x65B9,
    0x80AA,0x623F,0x9632,0x59A8,0x4EFF,0x8BBF,0x7EBA,0x653E,0x83F2,0x975E,0x5561,0x98DE,
    0x80A5,0x532A,0x8BFD,0x5420,0x80BA,0x5E9F,0x6CB8,0x8D39,0x82AC,0x915A,0x5429,0x6C1B,
    0x5206,0x7EB7,0x575F,0x711A,0x6C7E,0x7C89,0x594B,0x4EFD,0x5FFF,0x6124,0x7CAA,0x4E30,
    0x5C01,0x67AB,0x8702,0x5CF0,0x950B,0x98CE,0x75AF,0x70FD,0x9022,0x51AF,0x7F1D,0x8BBD,
    0x5949,0x51E4,0x4F5B,0x5426,0x592B,0x6577,0x80A4,0x5B75,0x6276,0x62C2,0x8F90,0x5E45,
    0x6C1F,0x7B26,0x4F0F,0x4FD8,0x670D,0x6D6E,0x6DAA,0x798F,0x88B1,0x5F17,0x752B,0x629A,
    0x8F85,0x4FEF,0x91DC,0x65A7,0x812F,0x8151,0x5E9C,0x8150,0x8D74,0x526F,0x8986,0x8D4B,
    0x590D,0x5085,0x4ED8,0x961C,0x7236,0x8179,0x8D1F,0x5BCC,0x8BA3,0x9644,0x5987,0x7F1A,
    0x5490,0x5676,0x560E,0x8BE5,0x6539,0x6982,0x9499,0x76D6,0x6E89,0x5E72,0x7518,0x6746,
    0x67D1,0x7AFF,0x809D,0x8D76,0x611F,0x79C6,0x6562,0x8D63,0x5188,0x521A,0x94A2,0x7F38,
    0x809B,0x7EB2,0x5C97,0x6E2F,0x6760,0x7BD9,0x768B,0x9AD8,0x818F,0x7F94,0x7CD5,0x641E,
    0x9550,0x7A3F,0x544A,0x54E5,0x6B4C,0x6401,0x6208,0x9E3D,0x80F3,0x7599,0x5272,0x9769,
    0x845B,0x683C,0x86E4,0x9601,0x9694,0x94EC,0x4E2A,0x5404,0x7ED9,0x6839,0x8DDF,0x8015,
    0x66F4,0x5E9A,0x7FB9,0x57C2,0x803F,0x6897,0x5DE5,0x653B,0x529F,0x606D,0x9F9A,0x4F9B,
    0x8EAC,0x516C,0x5BAB,0x5F13,0x5DE9,0x6C5E,0x62F1,0x8D21,0x5171,0x94A9,0x52FE,0x6C9F,
    0x82DF,0x72D7,0x57A2,0x6784,0x8D2D,0x591F,0x8F9C,0x83C7,0x5495,0x7B8D,0x4F30,0x6CBD,
    0x5B64,0x59D1,0x9F13,0x53E4,0x86CA,0x9AA8,0x8C37,0x80A1,0x6545,0x987E,0x56FA,0x96C7,
    0x522E,0x74DC,0x5250,0x5BE1,0x6302,0x8902,0x4E56,0x62D0,0x602A,0x68FA,0x5173,0x5B98,
    0x51A0,0x89C2,0x7BA1,0x9986,0x7F50,0x60EF,0x704C,0x8D2F,0x5149,0x5E7F,0x901B,0x7470,
    0x89C4,0x572D,0x7845,0x5F52,0x9F9F,0x95FA,0x8F68,0x9B3C,0x8BE1,0x7678,0x6842,0x67DC,
    0x8DEA,0x8D35,0x523D,0x8F8A,0x6EDA,0x68CD,0x9505,0x90ED,0x56FD,0x679C,0x88F9,0x8FC7,
    0x54C8,0x9AB8,0x5B69,0x6D77,0x6C26,0x4EA5,0x5BB3,0x9A87,0x9163,0x61A8,0x90AF,0x97E9,
    0x542B,0x6DB5,0x5BD2,0x51FD,0x558A,0x7F55,0x7FF0,0x64BC,0x634D,0x65F1,0x61BE,0x608D,
    0x710A,0x6C57,0x6C49,0x592F,0x676D,0x822A,0x58D5,0x568E,0x8C6A,0x6BEB,0x90DD,0x597D,
    0x8017,0x53F7,0x6D69,0x5475,0x559D,0x8377,0x83CF,0x6838,0x79BE,0x548C,0x4F55,0x5408,
    0x76D2,0x8C89,0x9602,0x6CB3,0x6DB8,0x8D6B,0x8910,0x9E64,0x8D3A,0x563F,0x9ED1,0x75D5,
    0x5F88,0x72E0,0x6068,0x54FC,0x4EA8,0x6A2A,0x8861,0x6052,0x8F70,0x54C4,0x70D8,0x8679,
    0x9E3F,0x6D2A,0x5B8F,0x5F18,0x7EA2,0x5589,0x4FAF,0x7334,0x543C,0x539A,0x5019,0x540E,
    0x547C,0x4E4E,0x5FFD,0x745A,0x58F6,0x846B,0x80E1,0x8774,0x72D0,0x7CCA,0x6E56,0x5F27,
    0x864E,0x552C,0x62A4,0x4E92,0x6CAA,0x6237,0x82B1,0x54D7,0x534E,0x733E,0x6ED1,0x753B,
    0x5212,0x5316,0x8BDD,0x69D0,0x5F8A,0x6000,0x6DEE,0x574F,0x6B22,0x73AF,0x6853,0x8FD8,
    0x7F13,0x6362,0x60A3,0x5524,0x75EA,0x8C62,0x7115,0x6DA3,0x5BA6,0x5E7B,0x8352,0x614C,
    0x9EC4,0x78FA,0x8757,0x7C27,0x7687,0x51F0,0x60F6,0x714C,0x6643,0x5E4C,0x604D,0x8C0E,
    0x7070,0x6325,0x8F89,0x5FBD,0x6062,0x86D4,0x56DE,0x6BC1,0x6094,0x6167,0x5349,0x60E0,
    0x6666,0x8D3F,0x79FD,0x4F1A,0x70E9,0x6C47,0x8BB3,0x8BF2,0x7ED8,0x8364,0x660F,0x5A5A,
    0x9B42,0x6D51,0x6DF7,0x8C41,0x6D3B,0x4F19,0x706B,0x83B7,0x6216,0x60D1,0x970D,0x8D27,
    0x7978,0x51FB,0x573E,0x57FA,0x673A,0x7578,0x7A3D,0x79EF,0x7B95,0x808C,0x9965,0x8FF9,
    0x6FC0,0x8BA5,0x9E21,0x59EC,0x7EE9,0x7F09,0x5409,0x6781,0x68D8,0x8F91,0x7C4D,0x96C6,
    0x53CA,0x6025,0x75BE,0x6C72,0x5373,0x5AC9,0x7EA7,0x6324,0x51E0,0x810A,0x5DF1,0x84DF,
    0x6280,0x5180,0x5B63,0x4F0E,0x796D,0x5242,0x60B8,0x6D4E,0x5BC4,0x5BC2,0x8BA1,0x8BB0,
    0x65E2,0x5FCC,0x9645,0x5993,0x7EE7,0x7EAA,0x5609,0x67B7,0x5939,0x4F73,0x5BB6,0x52A0,
    0x835A,0x988A,0x8D3E,0x7532,0x94BE,0x5047,0x7A3C,0x4EF7,0x67B6,0x9A7E,0x5AC1,0x6B7C,
    0x76D1,0x575A,0x5C16,0x7B3A,0x95F4,0x714E,0x517C,0x80A9,0x8270,0x5978,0x7F04,0x8327,
    0x68C0,0x67EC,0x78B1,0x7877,0x62E3,0x6361,0x7B80,0x4FED,0x526A,0x51CF,0x8350,0x69DB,
    0x9274,0x8DF5,0x8D31,0x89C1,0x952E,0x7BAD,0x4EF6,0x5065,0x8230,0x5251,0x996F,0x6E10,
    0x6E85,0x6DA7,0x5EFA,0x50F5,0x59DC,0x5C06,0x6D46,0x6C5F,0x7586,0x848B,0x6868,0x5956,
    0x8BB2,0x5320,0x9171,0x964D,0x8549,0x6912,0x7901,0x7126,0x80F6,0x4EA4,0x90CA,0x6D47,
    0x9A84,0x5A07,0x56BC,0x6405,0x94F0,0x77EB,0x4FA5,0x811A,0x72E1,0x89D2,0x997A,0x7F34,
    0x7EDE,0x527F,0x6559,0x9175,0x8F7F,0x8F83,0x53EB,0x7A96,0x63ED,0x63A5,0x7686,0x79F8,
    0x8857,0x9636,0x622A,0x52AB,0x8282,0x6854,0x6770,0x6377,0x776B,0x7AED,0x6D01,0x7ED3,
    0x89E3,0x59D0,0x6212,0x85C9,0x82A5,0x754C,0x501F,0x4ECB,0x75A5,0x8BEB,0x5C4A,0x5DFE,
    0x7B4B,0x65A4,0x91D1,0x4ECA,0x6D25,0x895F,0x7D27,0x9526,0x4EC5,0x8C28,0x8FDB,0x9773,
    0x664B,0x7981,0x8FD1,0x70EC,0x6D78,0x5C3D,0x52B2,0x8346,0x5162,0x830E,0x775B,0x6676,
    0x9CB8,0x4EAC,0x60CA,0x7CBE,0x7CB3,0x7ECF,0x4E95,0x8B66,0x666F,0x9888,0x9759,0x5883,
    0x656C,0x955C,0x5F84,0x75C9,0x9756,0x7ADF,0x7ADE,0x51C0,0x70AF,0x7A98,0x63EA,0x7A76,
    0x7EA0,0x7396,0x97ED,0x4E45,0x7078,0x4E5D,0x9152,0x53A9,0x6551,0x65E7,0x81FC,0x8205,
    0x548E,0x5C31,0x759A,0x97A0,0x62D8,0x72D9,0x75BD,0x5C45,0x9A79,0x83CA,0x5C40,0x5480,
    0x77E9,0x4E3E,0x6CAE,0x805A,0x62D2,0x636E,0x5DE8,0x5177,0x8DDD,0x8E1E,0x952F,0x4FF1,
    0x53E5,0x60E7,0x70AC,0x5267,0x6350,0x9E43,0x5A1F,0x5026,0x7737,0x5377,0x7EE2,0x6485,
    0x652B,0x6289,0x6398,0x5014,0x7235,0x89C9,0x51B3,0x8BC0,0x7EDD,0x5747,0x83CC,0x94A7,
    0x519B,0x541B,0x5CFB,0x4FCA,0x7AE3,0x6D5A,0x90E1,0x9A8F,0x5580,0x5496,0x5361,0x54AF,
    0x5F00,0x63E9,0x6977,0x51EF,0x6168,0x520A,0x582A,0x52D8,0x574E,0x780D,0x770B,0x5EB7,
    0x6177,0x7CE0,0x625B,0x6297,0x4EA2,0x7095,0x8003,0x62F7,0x70E4,0x9760,0x5777,0x82DB,
    0x67EF,0x68F5,0x78D5,0x9897,0x79D1,0x58F3,0x54B3,0x53EF,0x6E34,0x514B,0x523B,0x5BA2,
    0x8BFE,0x80AF,0x5543,0x57A6,0x6073,0x5751,0x542D,0x7A7A,0x6050,0x5B54,0x63A7,0x62A0,
    0x53E3,0x6263,0x5BC7,0x67AF,0x54ED,0x7A9F,0x82E6,0x9177,0x5E93,0x88E4,0x5938,0x57AE,
    0x630E,0x8DE8,0x80EF,0x5757,0x7B77,0x4FA9,0x5FEB,0x5BBD,0x6B3E,0x5321,0x7B50,0x72C2,
    0x6846,0x77FF,0x7736,0x65F7,0x51B5,0x4E8F,0x76D4,0x5CBF,0x7AA5,0x8475,0x594E,0x9B41,
    0x5080,0x9988,0x6127,0x6E83,0x5764,0x6606,0x6346,0x56F0,0x62EC,0x6269,0x5ED3,0x9614,
    0x5783,0x62C9,0x5587,0x8721,0x814A,0x8FA3,0x5566,0x83B1,0x6765,0x8D56,0x84DD,0x5A6A,
    0x680F,0x62E6,0x7BEE,0x9611,0x5170,0x6F9C,0x8C30,0x63FD,0x89C8,0x61D2,0x7F06,0x70C2,
    0x6EE5,0x7405,0x6994,0x72FC,0x5ECA,0x90CE,0x6717,0x6D6A,0x635E,0x52B3,0x7262,0x8001,
    0x4F6C,0x59E5,0x916A,0x70D9,0x6D9D,0x52D2,0x4E50,0x96F7,0x956D,0x857E,0x78CA,0x7D2F,
    0x5121,0x5792,0x64C2,0x808B,0x7C7B,0x6CEA,0x68F1,0x695E,0x51B7,0x5398,0x68A8,0x7281,
    0x9ECE,0x7BF1,0x72F8,0x79BB,0x6F13,0x7406,0x674E,0x91CC,0x9CA4,0x793C,0x8389,0x8354,
    0x540F,0x6817,0x4E3D,0x5389,0x52B1,0x783E,0x5386,0x5229,0x5088,0x4F8B,0x4FD0,0x75E2,
    0x7ACB,0x7C92,0x6CA5,0x96B6,0x529B,0x7483,0x54E9,0x4FE9,0x8054,0x83B2,0x8FDE,0x9570,
    0x5EC9,0x601C,0x6D9F,0x5E18,0x655B,0x8138,0x94FE,0x604B,0x70BC,0x7EC3,0x7CAE,0x51C9,
    0x6881,0x7CB1,0x826F,0x4E24,0x8F86,0x91CF,0x667E,0x4EAE,0x8C05,0x64A9,0x804A,0x50DA,
    0x7597,0x71CE,0x5BE5,0x8FBD,0x6F66,0x4E86,0x6482,0x9563,0x5ED6,0x6599,0x5217,0x88C2,
    0x70C8,0x52A3,0x730E,0x7433,0x6797,0x78F7,0x9716,0x4E34,0x90BB,0x9CDE,0x6DCB,0x51DB,
    0x8D41,0x541D,0x62CE,0x73B2,0x83F1,0x96F6,0x9F84,0x94C3,0x4F36,0x7F9A,0x51CC,0x7075,
    0x9675,0x5CAD,0x9886,0x53E6,0x4EE4,0x6E9C,0x7409,0x69B4,0x786B,0x998F,0x7559,0x5218,
    0x7624,0x6D41,0x67F3,0x516D,0x9F99,0x804B,0x5499,0x7B3C,0x7ABF,0x9686,0x5784,0x62E2,
    0x9647,0x697C,0x5A04,0x6402,0x7BD3,0x6F0F,0x964B,0x82A6,0x5362,0x9885,0x5E90,0x7089,
    0x63B3,0x5364,0x864F,0x9C81,0x9E93,0x788C,0x9732,0x8DEF,0x8D42,0x9E7F,0x6F5E,0x7984,
    0x5F55,0x9646,0x622E,0x9A74,0x5415,0x94DD,0x4FA3,0x65C5,0x5C65,0x5C61,0x7F15,0x8651,
    0x6C2F,0x5F8B,0x7387,0x6EE4,0x7EFF,0x5CE6,0x631B,0x5B6A,0x6EE6,0x5375,0x4E71,0x63A0,
    0x7565,0x62A1,0x8F6E,0x4F26,0x4ED1,0x6CA6,0x7EB6,0x8BBA,0x841D,0x87BA,0x7F57,0x903B,
    0x9523,0x7BA9,0x9AA1,0x88F8,0x843D,0x6D1B,0x9A86,0x7EDC,0x5988,0x9EBB,0x739B,0x7801,
    0x8682,0x9A6C,0x9A82,0x561B,0x5417,0x57CB,0x4E70,0x9EA6,0x5356,0x8FC8,0x8109,0x7792,
    0x9992,0x86EE,0x6EE1,0x8513,0x66FC,0x6162,0x6F2B,0x8C29,0x8292,0x832B,0x76F2,0x6C13,
    0x5FD9,0x83BD,0x732B,0x8305,0x951A,0x6BDB,0x77DB,0x94C6,0x536F,0x8302,0x5192,0x5E3D,
    0x8C8C,0x8D38,0x4E48,0x73AB,0x679A,0x6885,0x9176,0x9709,0x7164,0x6CA1,0x7709,0x5A92,
    0x9541,0x6BCF,0x7F8E,0x6627,0x5BD0,0x59B9,0x5A9A,0x95E8,0x95F7,0x4EEC,0x840C,0x8499,
    0x6AAC,0x76DF,0x9530,0x731B,0x68A6,0x5B5F,0x772F,0x919A,0x9761,0x7CDC,0x8FF7,0x8C1C,
    0x5F25,0x7C73,0x79D8,0x89C5,0x6CCC,0x871C,0x5BC6,0x5E42,0x68C9,0x7720,0x7EF5,0x5195,
    0x514D,0x52C9,0x5A29,0x7F05,0x9762,0x82D7,0x63CF,0x7784,0x85D0,0x79D2,0x6E3A,0x5E99,
    0x5999,0x8511,0x706D,0x6C11,0x62BF,0x76BF,0x654F,0x60AF,0x95FD,0x660E,0x879F,0x9E23,
    0x94ED,0x540D,0x547D,0x8C2C,0x6478,0x6479,0x8611,0x6A21,0x819C,0x78E8,0x6469,0x9B54,
    0x62B9,0x672B,0x83AB,0x58A8,0x9ED8,0x6CAB,0x6F20,0x5BDE,0x964C,0x8C0B,0x725F,0x67D0,
    0x62C7,0x7261,0x4EA9,0x59C6,0x6BCD,0x5893,0x66AE,0x5E55,0x52DF,0x6155,0x6728,0x76EE,
    0x7766,0x7267,0x7A46,0x62FF,0x54EA,0x5450,0x94A0,0x90A3,0x5A1C,0x7EB3,0x6C16,0x4E43,
    0x5976,0x8010,0x5948,0x5357,0x7537,0x96BE,0x56CA,0x6320,0x8111,0x607C,0x95F9,0x6DD6,
    0x5462,0x9981,0x5185,0x5AE9,0x80FD,0x59AE,0x9713,0x502A,0x6CE5,0x5C3C,0x62DF,0x4F60,
    0x533F,0x817B,0x9006,0x6EBA,0x852B,0x62C8,0x5E74,0x78BE,0x64B5,0x637B,0x5FF5,0x5A18,
    0x917F,0x9E1F,0x5C3F,0x634F,0x8042,0x5B7D,0x556E,0x954A,0x954D,0x6D85,0x60A8,0x67E0,
    0x72DE,0x51DD,0x5B81,0x62E7,0x6CDE,0x725B,0x626D,0x94AE,0x7EBD,0x8113,0x6D53,0x519C,
    0x5F04,0x5974,0x52AA,0x6012,0x5973,0x6696,0x8650,0x759F,0x632A,0x61E6,0x7CEF,0x8BFA,
    0x54E6,0x6B27,0x9E25,0x6BB4,0x85D5,0x5455,0x5076,0x6CA4,0x556A,0x8DB4,0x722C,0x5E15,
    0x6015,0x7436,0x62CD,0x6392,0x724C,0x5F98,0x6E43,0x6D3E,0x6500,0x6F58,0x76D8,0x78D0,
    0x76FC,0x7554,0x5224,0x53DB,0x4E53,0x5E9E,0x65C1,0x802A,0x80D6,0x629B,0x5486,0x5228,
    0x70AE,0x888D,0x8DD1,0x6CE1,0x5478,0x80DA,0x57F9,0x88F4,0x8D54,0x966A,0x914D,0x4F69,
    0x6C9B,0x55B7,0x76C6,0x7830,0x62A8,0x70F9,0x6F8E,0x5F6D,0x84EC,0x68DA,0x787C,0x7BF7,
    0x81A8,0x670B,0x9E4F,0x6367,0x78B0,0x576F,0x7812,0x9739,0x6279,0x62AB,0x5288,0x7435,
    0x6BD7,0x5564,0x813E,0x75B2,0x76AE,0x5339,0x75DE,0x50FB,0x5C41,0x8B6C,0x7BC7,0x504F,
    0x7247,0x9A97,0x98D8,0x6F02,0x74E2,0x7968,0x6487,0x77A5,0x62FC,0x9891,0x8D2B,0x54C1,
    0x8058,0x4E52,0x576A,0x82F9,0x840D,0x5E73,0x51ED,0x74F6,0x8BC4,0x5C4F,0x5761,0x6CFC,
    0x9887,0x5A46,0x7834,0x9B44,0x8FEB,0x7C95,0x5256,0x6251,0x94FA,0x4EC6,0x8386,0x8461,
    0x83E9,0x84B2,0x57D4,0x6734,0x5703,0x666E,0x6D66,0x8C31,0x66DD,0x7011,0x671F,0x6B3A,
    0x6816,0x621A,0x59BB,0x4E03,0x51C4,0x6F06,0x67D2,0x6C8F,0x5176,0x68CB,0x5947,0x6B67,
    0x7566,0x5D0E,0x8110,0x9F50,0x65D7,0x7948,0x7941,0x9A91,0x8D77,0x5C82,0x4E5E,0x4F01,
    0x542F,0x5951,0x780C,0x5668,0x6C14,0x8FC4,0x5F03,0x6C7D,0x6CE3,0x8BAB,0x6390,0x6070,
    0x6D3D,0x7275,0x6266,0x948E,0x94C5,0x5343,0x8FC1,0x7B7E,0x4EDF,0x8C26,0x4E7E,0x9ED4,
    0x94B1,0x94B3,0x524D,0x6F5C,0x9063,0x6D45,0x8C34,0x5811,0x5D4C,0x6B20,0x6B49,0x67AA,
    0x545B,0x8154,0x7F8C,0x5899,0x8537,0x5F3A,0x62A2,0x6A47,0x9539,0x6572,0x6084,0x6865,
    0x77A7,0x4E54,0x4FA8,0x5DE7,0x9798,0x64AC,0x7FD8,0x5CED,0x4FCF,0x7A8D,0x5207,0x8304,
    0x4E14,0x602F,0x7A83,0x94A6,0x4FB5,0x4EB2,0x79E6,0x7434,0x52E4,0x82B9,0x64D2,0x79BD,
    0x5BDD,0x6C81,0x9752,0x8F7B,0x6C22,0x503E,0x537F,0x6E05,0x64CE,0x6674,0x6C30,0x60C5,
    0x9877,0x8BF7,0x5E86,0x743C,0x7A77,0x79CB,0x4E18,0x90B1,0x7403,0x6C42,0x56DA,0x914B,
    0x6CC5,0x8D8B,0x533A,0x86C6,0x66F2,0x8EAF,0x5C48,0x9A71,0x6E20,0x53D6,0x5A36,0x9F8B,
    0x8DA3,0x53BB,0x5708,0x98A7,0x6743,0x919B,0x6CC9,0x5168,0x75CA,0x62F3,0x72AC,0x5238,
    0x529D,0x7F3A,0x7094,0x7638,0x5374,0x9E4A,0x69B7,0x786E,0x96C0,0x88D9,0x7FA4,0x7136,
    0x71C3,0x5189,0x67D3,0x74E4,0x58E4,0x6518,0x56B7,0x8BA9,0x9976,0x6270,0x7ED5,0x60F9,
    0x70ED,0x58EC,0x4EC1,0x4EBA,0x5FCD,0x97E7,0x4EFB,0x8BA4,0x5203,0x598A,0x7EAB,0x6254,
    0x4ECD,0x65E5,0x620E,0x8338,0x84C9,0x8363,0x878D,0x7194,0x6EB6,0x5BB9,0x7ED2,0x5197,
    0x63C9,0x67D4,0x8089,0x8339,0x8815,0x5112,0x5B7A,0x5982,0x8FB1,0x4E73,0x6C5D,0x5165,
    0x8925,0x8F6F,0x962E,0x854A,0x745E,0x9510,0x95F0,0x6DA6,0x82E5,0x5F31,0x6492,0x6D12,
    0x8428,0x816E,0x9CC3,0x585E,0x8D5B,0x4E09,0x53C1,0x4F1E,0x6563,0x6851,0x55D3,0x4E27,
    0x6414,0x9A9A,0x626B,0x5AC2,0x745F,0x8272,0x6DA9,0x68EE,0x50E7,0x838E,0x7802,0x6740,
    0x5239,0x6C99,0x7EB1,0x50BB,0x5565,0x715E,0x7B5B,0x6652,0x73CA,0x82EB,0x6749,0x5C71,
    0x5220,0x717D,0x886B,0x95EA,0x9655,0x64C5,0x8D61,0x81B3,0x5584,0x6C55,0x6247,0x7F2E,
    0x5892,0x4F24,0x5546,0x8D4F,0x664C,0x4E0A,0x5C1A,0x88F3,0x68A2,0x634E,0x7A0D,0x70E7,
    0x828D,0x52FA,0x97F6,0x5C11,0x54E8,0x90B5,0x7ECD,0x5962,0x8D4A,0x86C7,0x820C,0x820D,
    0x8D66,0x6444,0x5C04,0x6151,0x6D89,0x793E,0x8BBE,0x7837,0x7533,0x547B,0x4F38,0x8EAB,
    0x6DF1,0x5A20,0x7EC5,0x795E,0x6C88,0x5BA1,0x5A76,0x751A,0x80BE,0x614E,0x6E17,0x58F0,
    0x751F,0x7525,0x7272,0x5347,0x7EF3,0x7701,0x76DB,0x5269,0x80DC,0x5723,0x5E08,0x5931,
    0x72EE,0x65BD,0x6E7F,0x8BD7,0x5C38,0x8671,0x5341,0x77F3,0x62FE,0x65F6,0x4EC0,0x98DF,
    0x8680,0x5B9E,0x8BC6,0x53F2,0x77E2,0x4F7F,0x5C4E,0x9A76,0x59CB,0x5F0F,0x793A,0x58EB,
    0x4E16,0x67FF,0x4E8B,0x62ED,0x8A93,0x901D,0x52BF,0x662F,0x55DC,0x566C,0x9002,0x4ED5,
    0x4F8D,0x91CA,0x9970,0x6C0F,0x5E02,0x6043,0x5BA4,0x89C6,0x8BD5,0x6536,0x624B,0x9996,
    0x5B88,0x5BFF,0x6388,0x552E,0x53D7,0x7626,0x517D,0x852C,0x67A2,0x68B3,0x6B8A,0x6292,
    0x8F93,0x53D4,0x8212,0x6DD1,0x758F,0x4E66,0x8D4E,0x5B70,0x719F,0x85AF,0x6691,0x66D9,
    0x7F72,0x8700,0x9ECD,0x9F20,0x5C5E,0x672F,0x8FF0,0x6811,0x675F,0x620D,0x7AD6,0x5885,
    0x5EB6,0x6570,0x6F31,0x6055,0x5237,0x800D,0x6454,0x8870,0x7529,0x5E05,0x6813,0x62F4,
    0x971C,0x53CC,0x723D,0x8C01,0x6C34,0x7761,0x7A0E,0x542E,0x77AC,0x987A,0x821C,0x8BF4,
    0x7855,0x6714,0x70C1,0x65AF,0x6495,0x5636,0x601D,0x79C1,0x53F8,0x4E1D,0x6B7B,0x8086,
    0x5BFA,0x55E3,0x56DB,0x4F3A,0x4F3C,0x9972,0x5DF3,0x677E,0x8038,0x6002,0x9882,0x9001,
    0x5B8B,0x8BBC,0x8BF5,0x641C,0x8258,0x64DE,0x55FD,0x82CF,0x9165,0x4FD7,0x7D20,0x901F,
    0x7C9F,0x50F3,0x5851,0x6EAF,0x5BBF,0x8BC9,0x8083,0x9178,0x849C,0x7B97,0x867D,0x968B,
    0x968F,0x7EE5,0x9AD3,0x788E,0x5C81,0x7A57,0x9042,0x96A7,0x795F,0x5B59,0x635F,0x7B0B,
    0x84D1,0x68AD,0x5506,0x7F29,0x7410,0x7D22,0x9501,0x6240,0x584C,0x4ED6,0x5B83,0x5979,
    0x5854,0x736D,0x631E,0x8E4B,0x8E0F,0x80CE,0x82D4,0x62AC,0x53F0,0x6CF0,0x915E,0x592A,
    0x6001,0x6C70,0x574D,0x644A,0x8D2A,0x762B,0x6EE9,0x575B,0x6A80,0x75F0,0x6F6D,0x8C2D,
    0x8C08,0x5766,0x6BEF,0x8892,0x78B3,0x63A2,0x53F9,0x70AD,0x6C64,0x5858,0x642A,0x5802,
    0x68E0,0x819B,0x5510,0x7CD6,0x5018,0x8EBA,0x6DCC,0x8D9F,0x70EB,0x638F,0x6D9B,0x6ED4,
    0x7EE6,0x8404,0x6843,0x9003,0x6DD8,0x9676,0x8BA8,0x5957,0x7279,0x85E4,0x817E,0x75BC,
    0x8A8A,0x68AF,0x5254,0x8E22,0x9511,0x63D0,0x9898,0x8E44,0x557C,0x4F53,0x66FF,0x568F,
    0x60D5,0x6D95,0x5243,0x5C49,0x5929,0x6DFB,0x586B,0x7530,0x751C,0x606C,0x8214,0x8146,
    0x6311,0x6761,0x8FE2,0x773A,0x8DF3,0x8D34,0x94C1,0x5E16,0x5385,0x542C,0x70C3,0x6C40,
    0x5EF7,0x505C,0x4EAD,0x5EAD,0x633A,0x8247,0x901A,0x6850,0x916E,0x77B3,0x540C,0x94DC,
    0x5F64,0x7AE5,0x6876,0x6345,0x7B52,0x7EDF,0x75DB,0x5077,0x6295,0x5934,0x900F,0x51F8,
    0x79C3,0x7A81,0x56FE,0x5F92,0x9014,0x6D82,0x5C60,0x571F,0x5410,0x5154,0x6E4D,0x56E2,
    0x63A8,0x9893,0x817F,0x8715,0x892A,0x9000,0x541E,0x5C6F,0x81C0,0x62D6,0x6258,0x8131,
    0x9E35,0x9640,0x9A6E,0x9A7C,0x692D,0x59A5,0x62D3,0x553E,0x6316,0x54C7,0x86D9,0x6D3C,
    0x5A03,0x74E6,0x889C,0x6B6A,0x5916,0x8C4C,0x5F2F,0x6E7E,0x73A9,0x987D,0x4E38,0x70F7,
    0x5B8C,0x7897,0x633D,0x665A,0x7696,0x60CB,0x5B9B,0x5A49,0x4E07,0x8155,0x6C6A,0x738B,
    0x4EA1,0x6789,0x7F51,0x5F80,0x65FA,0x671B,0x5FD8,0x5984,0x5A01,0x5DCD,0x5FAE,0x5371,
    0x97E6,0x8FDD,0x6845,0x56F4,0x552F,0x60DF,0x4E3A,0x6F4D,0x7EF4,0x82C7,0x840E,0x59D4,
    0x4F1F,0x4F2A,0x5C3E,0x7EAC,0x672A,0x851A,0x5473,0x754F,0x80C3,0x5582,0x9B4F,0x4F4D,
    0x6E2D,0x8C13,0x5C09,0x6170,0x536B,0x761F,0x6E29,0x868A,0x6587,0x95FB,0x7EB9,0x543B,
    0x7A33,0x7D0A,0x95EE,0x55E1,0x7FC1,0x74EE,0x631D,0x8717,0x6DA1,0x7A9D,0x6211,0x65A1,
    0x5367,0x63E1,0x6C83,0x5DEB,0x545C,0x94A8,0x4E4C,0x6C61,0x8BEC,0x5C4B,0x65E0,0x829C,
    0x68A7,0x543E,0x5434,0x6BCB,0x6B66,0x4E94,0x6342,0x5348,0x821E,0x4F0D,0x4FAE,0x575E,
    0x620A,0x96FE,0x6664,0x7269,0x52FF,0x52A1,0x609F,0x8BEF,0x6614,0x7199,0x6790,0x897F,
    0x7852,0x77FD,0x6670,0x563B,0x5438,0x9521,0x727A,0x7A00,0x606F,0x5E0C,0x6089,0x819D,
    0x5915,0x60DC,0x7184,0x70EF,0x6EAA,0x6C50,0x7280,0x6A84,0x88AD,0x5E2D,0x4E60,0x5AB3,
    0x559C,0x94E3,0x6D17,0x7CFB,0x9699,0x620F,0x7EC6,0x778E,0x867E,0x5323,0x971E,0x8F96,
    0x6687,0x5CE1,0x4FA0,0x72ED,0x4E0B,0x53A6,0x590F,0x5413,0x6380,0x9528,0x5148,0x4ED9,
    0x9C9C,0x7EA4,0x54B8,0x8D24,0x8854,0x8237,0x95F2,0x6D8E,0x5F26,0x5ACC,0x663E,0x9669,
    0x73B0,0x732E,0x53BF,0x817A,0x9985,0x7FA1,0x5BAA,0x9677,0x9650,0x7EBF,0x76F8,0x53A2,
    0x9576,0x9999,0x7BB1,0x8944,0x6E58,0x4E61,0x7FD4,0x7965,0x8BE6,0x60F3,0x54CD,0x4EAB,
    0x9879,0x5DF7,0x6A61,0x50CF,0x5411,0x8C61,0x8427,0x785D,0x9704,0x524A,0x54EE,0x56A3,
    0x9500,0x6D88,0x5BB5,0x6DC6,0x6653,0x5C0F,0x5B5D,0x6821,0x8096,0x5578,0x7B11,0x6548,
    0x6954,0x4E9B,0x6B47,0x874E,0x978B,0x534F,0x631F,0x643A,0x90AA,0x659C,0x80C1,0x8C10,
    0x5199,0x68B0,0x5378,0x87F9,0x61C8,0x6CC4,0x6CFB,0x8C22,0x5C51,0x85AA,0x82AF,0x950C,
    0x6B23,0x8F9B,0x65B0,0x5FFB,0x5FC3,0x4FE1,0x8845,0x661F,0x8165,0x7329,0x60FA,0x5174,
    0x5211,0x578B,0x5F62,0x90A2,0x884C,0x9192,0x5E78,0x674F,0x6027,0x59D3,0x5144,0x51F6,
    0x80F8,0x5308,0x6C79,0x96C4,0x718A,0x4F11,0x4FEE,0x7F9E,0x673D,0x55C5,0x9508,0x79C0,
    0x8896,0x7EE3,0x589F,0x620C,0x9700,0x865A,0x5618,0x987B,0x5F90,0x8BB8,0x84C4,0x9157,
    0x53D9,0x65ED,0x5E8F,0x755C,0x6064,0x7D6E,0x5A7F,0x7EEA,0x7EED,0x8F69,0x55A7,0x5BA3,
    0x60AC,0x65CB,0x7384,0x9009,0x7663,0x7729,0x7EDA,0x9774,0x859B,0x5B66,0x7A74,0x96EA,
    0x8840,0x52CB,0x718F,0x5FAA,0x65EC,0x8BE2,0x5BFB,0x9A6F,0x5DE1,0x6B89,0x6C5B,0x8BAD,
    0x8BAF,0x900A,0x8FC5,0x538B,0x62BC,0x9E26,0x9E2D,0x5440,0x4E2B,0x82BD,0x7259,0x869C,
    0x5D16,0x8859,0x6DAF,0x96C5,0x54D1,0x4E9A,0x8BB6,0x7109,0x54BD,0x9609,0x70DF,0x6DF9,
    0x76D0,0x4E25,0x7814,0x8712,0x5CA9,0x5EF6,0x8A00,0x989C,0x960E,0x708E,0x6CBF,0x5944,
    0x63A9,0x773C,0x884D,0x6F14,0x8273,0x5830,0x71D5,0x538C,0x781A,0x96C1,0x5501,0x5F66,
    0x7130,0x5BB4,0x8C1A,0x9A8C,0x6B83,0x592E,0x9E2F,0x79E7,0x6768,0x626C,0x4F6F,0x75A1,
    0x7F8A,0x6D0B,0x9633,0x6C27,0x4EF0,0x75D2,0x517B,0x6837,0x6F3E,0x9080,0x8170,0x5996,
    0x7476,0x6447,0x5C27,0x9065,0x7A91,0x8C23,0x59DA,0x54AC,0x8200,0x836F,0x8981,0x8000,
    0x6930,0x564E,0x8036,0x7237,0x91CE,0x51B6,0x4E5F,0x9875,0x6396,0x4E1A,0x53F6,0x66F3,
    0x814B,0x591C,0x6DB2,0x4E00,0x58F9,0x533B,0x63D6,0x94F1,0x4F9D,0x4F0A,0x8863,0x9890,
    0x5937,0x9057,0x79FB,0x4EEA,0x80F0,0x7591,0x6C82,0x5B9C,0x59E8,0x5F5D,0x6905,0x8681,
    0x501A,0x5DF2,0x4E59,0x77E3,0x4EE5,0x827A,0x6291,0x6613,0x9091,0x5C79,0x4EBF,0x5F79,
    0x81C6,0x9038,0x8084,0x75AB,0x4EA6,0x88D4,0x610F,0x6BC5,0x5FC6,0x4E49,0x76CA,0x6EA2,
    0x8BE3,0x8BAE,0x8C0A,0x8BD1,0x5F02,0x7FFC,0x7FCC,0x7ECE,0x8335,0x836B,0x56E0,0x6BB7,
    0x97F3,0x9634,0x59FB,0x541F,0x94F6,0x6DEB,0x5BC5,0x996E,0x5C39,0x5F15,0x9690,0x5370,
    0x82F1,0x6A31,0x5A74,0x9E70,0x5E94,0x7F28,0x83B9,0x8424,0x8425,0x8367,0x8747,0x8FCE,
    0x8D62,0x76C8,0x5F71,0x9896,0x786C,0x6620,0x54DF,0x62E5,0x4F63,0x81C3,0x75C8,0x5EB8,
    0x96CD,0x8E0A,0x86F9,0x548F,0x6CF3,0x6D8C,0x6C38,0x607F,0x52C7,0x7528,0x5E7D,0x4F18,
    0x60A0,0x5FE7,0x5C24,0x7531,0x90AE,0x94C0,0x72B9,0x6CB9,0x6E38,0x9149,0x6709,0x53CB,
    0x53F3,0x4F51,0x91C9,0x8BF1,0x53C8,0x5E7C,0x8FC2,0x6DE4,0x4E8E,0x76C2,0x6986,0x865E,
    0x611A,0x8206,0x4F59,0x4FDE,0x903E,0x9C7C,0x6109,0x6E1D,0x6E14,0x9685,0x4E88,0x5A31,
    0x96E8,0x4E0E,0x5C7F,0x79B9,0x5B87,0x8BED,0x7FBD,0x7389,0x57DF,0x828B,0x90C1,0x5401,
    0x9047,0x55BB,0x5CEA,0x5FA1,0x6108,0x6B32,0x72F1,0x80B2,0x8A89,0x6D74,0x5BD3,0x88D5,
    0x9884,0x8C6B,0x9A6D,0x9E33,0x6E0A,0x51A4,0x5143,0x57A3,0x8881,0x539F,0x63F4,0x8F95,
    0x56ED,0x5458,0x5706,0x733F,0x6E90,0x7F18,0x8FDC,0x82D1,0x613F,0x6028,0x9662,0x66F0,
    0x7EA6,0x8D8A,0x8DC3,0x94A5,0x5CB3,0x7CA4,0x6708,0x60A6,0x9605,0x8018,0x4E91,0x90E7,
    0x5300,0x9668,0x5141,0x8FD0,0x8574,0x915D,0x6655,0x97F5,0x5B55,0x531D,0x7838,0x6742,
    0x683D,0x54C9,0x707E,0x5BB0,0x8F7D,0x518D,0x5728,0x54B1,0x6512,0x6682,0x8D5E,0x8D43,
    0x810F,0x846C,0x906D,0x7CDF,0x51FF,0x85FB,0x67A3,0x65E9,0x6FA1,0x86A4,0x8E81,0x566A,
    0x9020,0x7682,0x7076,0x71E5,0x8D23,0x62E9,0x5219,0x6CFD,0x8D3C,0x600E,0x589E,0x618E,
    0x66FE,0x8D60,0x624E,0x55B3,0x6E23,0x672D,0x8F67,0x94E1,0x95F8,0x7728,0x6805,0x69A8,
    0x548B,0x4E4D,0x70B8,0x8BC8,0x6458,0x658B,0x5B85,0x7A84,0x503A,0x5BE8,0x77BB,0x6BE1,
    0x8A79,0x7C98,0x6CBE,0x76CF,0x65A9,0x8F97,0x5D2D,0x5C55,0x8638,0x6808,0x5360,0x6218,
    0x7AD9,0x6E5B,0x7EFD,0x6A1F,0x7AE0,0x5F70,0x6F33,0x5F20,0x638C,0x6DA8,0x6756,0x4E08,
    0x5E10,0x8D26,0x4ED7,0x80C0,0x7634,0x969C,0x62DB,0x662D,0x627E,0x6CBC,0x8D75,0x7167,
    0x7F69,0x5146,0x8087,0x53EC,0x906E,0x6298,0x54F2,0x86F0,0x8F99,0x8005,0x9517,0x8517,
    0x8FD9,0x6D59,0x73CD,0x659F,0x771F,0x7504,0x7827,0x81FB,0x8D1E,0x9488,0x4FA6,0x6795,
    0x75B9,0x8BCA,0x9707,0x632F,0x9547,0x9635,0x84B8,0x6323,0x7741,0x5F81,0x72F0,0x4E89,
    0x6014,0x6574,0x62EF,0x6B63,0x653F,0x5E27,0x75C7,0x90D1,0x8BC1,0x829D,0x679D,0x652F,
    0x5431,0x8718,0x77E5,0x80A2,0x8102,0x6C41,0x4E4B,0x7EC7,0x804C,0x76F4,0x690D,0x6B96,
    0x6267,0x503C,0x4F84,0x5740,0x6307,0x6B62,0x8DBE,0x53EA,0x65E8,0x7EB8,0x5FD7,0x631A,
    0x63B7,0x81F3,0x81F4,0x7F6E,0x5E1C,0x5CD9,0x5236,0x667A,0x79E9,0x7A1A,0x8D28,0x7099,
    0x75D4,0x6EDE,0x6CBB,0x7A92,0x4E2D,0x76C5,0x5FE0,0x949F,0x8877,0x7EC8,0x79CD,0x80BF,
    0x91CD,0x4EF2,0x4F17,0x821F,0x5468,0x5DDE,0x6D32,0x8BCC,0x7CA5,0x8F74,0x8098,0x5E1A,
    0x5492,0x76B1,0x5B99,0x663C,0x9AA4,0x73E0,0x682A,0x86DB,0x6731,0x732A,0x8BF8,0x8BDB,
    0x9010,0x7AF9,0x70DB,0x716E,0x62C4,0x77A9,0x5631,0x4E3B,0x8457,0x67F1,0x52A9,0x86C0,
    0x8D2E,0x94F8,0x7B51,0x4F4F,0x6CE8,0x795D,0x9A7B,0x6293,0x722A,0x62FD,0x4E13,0x7816,
    0x8F6C,0x64B0,0x8D5A,0x7BC6,0x6869,0x5E84,0x88C5,0x5986,0x649E,0x58EE,0x72B6,0x690E,
    0x9525,0x8FFD,0x8D58,0x5760,0x7F00,0x8C06,0x51C6,0x6349,0x62D9,0x5353,0x684C,0x7422,
    0x8301,0x914C,0x5544,0x7740,0x707C,0x6D4A,0x5179,0x54A8,0x8D44,0x59FF,0x6ECB,0x6DC4,
    0x5B5C,0x7D2B,0x4ED4,0x7C7D,0x6ED3,0x5B50,0x81EA,0x6E0D,0x5B57,0x9B03,0x68D5,0x8E2A,
    0x5B97,0x7EFC,0x603B,0x7EB5,0x90B9,0x8D70,0x594F,0x63CD,0x79DF,0x8DB3,0x5352,0x65CF,
    0x7956,0x8BC5,0x963B,0x7EC4,0x94BB,0x7E82,0x5634,0x9189,0x6700,0x7F6A,0x5C0A,0x9075,
    0x6628,0x5DE6,0x4F50,0x67DE,0x505A,0x4F5C,0x5750,0x5EA7,
};

static const uint8_t g_cjk_bits[123136] = {
    0x00,0x00,0x00,0x00,0x00,0x00,0x00,0x00,0x00,0x00,0x00,0x00,0x10,0x00,0x10,0x00,0x18,0x00,0x0C,0x00,0x00,0x00,0x00,0x00,
    0x00,0x00,0x00,0x00,0x00,0x00,0x00,0x00,0x00,0x00,0x00,0x00,0x00,0x00,0x00,0x00,0x00,0x00,0x00,0x00,0x24,0x00,0x24,0x00,
    0x18,0x00,0x00,0x00,0x00,0x00,0x00,0x00,0x00,0x00,0x00,0x00,0x00,0x00,0x00,0x00,0x00,0x00,0x00,0x00,0x00,0x04,0x00,0x04,
    0x00,0x04,0x00,0x04,0x00,0x04,0x00,0x04,0x00,0x04,0x00,0x04,0x00,0x04,0x00,0x04,0x00,0x04,0x00,0x04,0x20,0x04,0x00,0x00,
    0x00,0x00,0x00,0x00,0x00,0x00,0x03,0xC0,0x00,0x00,0x00,0x00,0x00,0x00,0x00,0x00,0x00,0x00,0x00,0x00,0x00,0x00,0x00,0x00,
    0x00,0x00,0x00,0x00,0x00,0x00,0x00,0x00,0x00,0x00,0x00,0x00,0x04,0x20,0x03,0xC0,0x01,0x80,0x00,0x00,0x00,0x00,0x00,0x00,
    0x00,0x00,0x00,0x00,0x00,0x00,0x00,0x00,0x00,0x00,0x00,0x00,0x00,0x00,0x00,0x00,0x00,0x00,0x00,0x00,0x0C,0x30,0x0C,0x30,
    0x0C,0x30,0x00,0x00,0x00,0x00,0x00,0x00,0x00,0x00,0x00,0x00,0x00,0x00,0x00,0x00,0x00,0x00,0x00,0x00,0x00,0x00,0x00,0x00,
    0x00,0x00,0x00,0x00,0x00,0x00,0x00,0x00,0x01,0x00,0x02,0x40,0x02,0xC0,0x04,0x80,0x00,0x00,0x00,0x00,0x00,0x00,0x00,0x00,
    0x00,0x00,0x00,0x00,0x00,0x00,0x00,0x00,0x00,0x00,0x00,0x00,0x00,0x00,0x03,0x00,0x02,0x00,0x07,0xF0,0x07,0xF8,0x0C,0x18,
    0x18,0x30,0x10,0x20,0x03,0x60,0x01,0xC0,0x00,0x60,0x00,0x20,0x00,0x00,0x00,0x00,0x00,0x00,0x00,0x00,0x00,0x00,0x00,0x00,
    0x00,0x00,0x3F,0xFC,0x00,0x00,0x00,0x00,0x00,0x00,0x00,0x00,0x00,0x00,0x00,0x00,0x00,0x00,0x00,0x00,0x00,0x00,0x00,0x00,
    0x00,0x00,0x00,0x00,0x00,0x00,0x00,0x00,0x00,0x00,0x3F,0x02,0x41,0x84,0x00,0x78,0x00,0x00,0x00,0x00,0x00,0x00,0x00,0x00,
    0x00,0x00,0x00,0x00,0x00,0x00,0x00,0x00,0x00,0x00,0x02,0x40,0x02,0x40,0x02,0x40,0x02,0x40,0x02,0x40,0x02,0x40,0x02,0x40,
    0x02,0x40,0x02,0x40,0x02,0x40,0x02,0x40,0x02,0x40,0x02,0x40,0x02,0x40,0x02,0x40,0x00,0x00,0x00,0x00,0x00,0x00,0x00,0x00,
    0x71,0x8C,0x71,0x8C,0x00,0x00,0x00,0x00,0x00,0x00,0x00,0x00,0x00,0x00,0x00,0x00,0x00,0x00,0x00,0x00,0x00,0x00,0x00,0x00,
    0x00,0x00,0x00,0x00,0x00,0x04,0x00,0x04,0x00,0x0E,0x00,0x06,0x00,0x00,0x00,0x00,0x00,0x00,0x00,0x00,0x00,0x00,0x00,0x00,
    0x00,0x00,0x00,0x00,0x00,0x00,0x00,0x00,0x00,0x00,0x60,0x00,0x60,0x00,0x20,0x00,0x20,0x00,0x00,0x00,0x00,0x00,0x00,0x00,
    0x00,0x00,0x00,0x00,0x00,0x00,0x00,0x00,0x00,0x00,0x00,0x00,0x00,0x00,0x00,0x00,0x00,0x00,0x00,0x20,0x00,0x44,0x00,0x44,
    0x00,0x6E,0x00,0x66,0x00,0x00,0x00,0x00,0x00,0x00,0x00,0x00,0x00,0x00,0x00,0x00,0x00,0x00,0x00,0x00,0x00,0x00,0x00,0x00,
    0x00,0x00,0x66,0x00,0x66,0x00,0x22,0x00,0x22,0x00,0x04,0x00,0x00,0x00,0x00,0x00,0x00,0x00,0x00,0x00,0x00,0x00,0x00,0x00,
    0x00,0x00,0x00,0x00,0x00,0x00,0x00,0x00,0x00,0x00,0x00,0x30,0x00,0x60,0x00,0x80,0x00,0x80,0x00,0x80,0x00,0x80,0x00,0x80,
    0x00,0x80,0x00,0x80,0x00,0x80,0x00,0x80,0x00,0x80,0x00,0xC0,0x00,0x30,0x00,0x10,0x00,0x00,0x0C,0x00,0x06,0x00,0x01,0x00,
    0x01,0x00,0x01,0x00,0x01,0x00,0x01,0x00,0x01,0x00,0x01,0x00,0x01,0x00,0x01,0x00,0x01,0x00,0x03,0x00,0x0C,0x00,0x00,0x00,
    0x00,0x00,0x00,0x08,0x00,0x08,0x00,0x10,0x00,0x20,0x00,0x20,0x00,0x40,0x00,0xC0,0x00,0x80,0x00,0x40,0x00,0x40,0x00,0x20,
    0x00,0x10,0x00,0x10,0x00,0x08,0x00,0x00,0x00,0x00,0x10,0x00,0x10,0x00,0x08,0x00,0x04,0x00,0x04,0x00,0x02,0x00,0x02,0x00,
    0x01,0x00,0x02,0x00,0x06,0x00,0x04,0x00,0x08,0x00,0x08,0x00,0x10,0x00,0x00,0x00,0x00,0x00,0x00,0x12,0x00,0x14,0x00,0x24,
    0x00,0x28,0x00,0x48,0x00,0x50,0x00,0x90,0x00,0x90,0x00,0x50,0x00,0x40,0x00,0x28,0x00,0x28,0x00,0x04,0x00,0x14,0x00,0x00,
    0x00,0x00,0x48,0x00,0x28,0x00,0x24,0x00,0x14,0x00,0x12,0x00,0x0A,0x00,0x09,0x00,0x09,0x00,0x0A,0x00,0x12,0x00,0x14,0x00,
    0x24,0x00,0x28,0x00,0x48,0x00,0x00,0x00,0x00,0x00,0x00,0xF8,0x00,0x80,0x00,0x80,0x00,0x80,0x00,0x80,0x00,0x80,0x00,0x80,
    0x00,0x80,0x00,0x80,0x00,0x80,0x00,0x80,0x00,0x80,0x00,0x80,0x00,0x00,0x00,0x00,0x00,0x00,0x01,0x00,0x01,0x00,0x01,0x00,
    0x01,0x00,0x01,0x00,0x01,0x00,0x01,0x00,0x01,0x00,0x01,0x00,0x01,0x00,0x01,0x00,0x01,0x00,0x01,0x00,0x1F,0x00,0x00,0x00,
    0x00,0x00,0x00,0x88,0x00,0xB8,0x00,0xC0,0x00,0xC0,0x00,0xC0,0x00,0xC0,0x00,0xC0,0x00,0xC0,0x00,0xC0,0x00,0xC0,0x00,0xC0,
    0x00,0xC0,0x00,0xC0,0x00,0x00,0x00,0x00,0x00,0x00,0x03,0x00,0x01,0x00,0x01,0x00,0x01,0x00,0x01,0x00,0x01,0x00,0x01,0x00,
    0x01,0x00,0x01,0x00,0x01,0x00,0x01,0x00,0x05,0x00,0x11,0x00,0x1F,0x00,0x00,0x00,0x00,0x00,0x00,0xF8,0x00,0x08,0x00,0x00,
    0x00,0x10,0x00,0x20,0x00,0x20,0x00,0x00,0x00,0x00,0x00,0x20,0x00,0x20,0x00,0x00,0x00,0x10,0x00,0x08,0x00,0xFC,0x00,0x00,
    0x00,0x00,0x3F,0x00,0x10,0x00,0x00,0x00,0x08,0x00,0x04,0x00,0x04,0x00,0x04,0x00,0x04,0x00,0x04,0x00,0x04,0x00,0x08,0x00,
    0x08,0x00,0x10,0x00,0x3F,0x00,0x00,0x00,0x00,0x00,0x00,0xF8,0x00,0xF8,0x00,0xF0,0x00,0xE0,0x00,0xE0,0x00,0xE0,0x00,0xC0,
    0x00,0xC0,0x00,0xE0,0x00,0xE0,0x00,0xE0,0x00,0xF0,0x00,0xF0,0x00,0xF8,0x00,0x00,0x00,0x00,0x1E,0x00,0x1F,0x00,0x0F,0x00,
    0x0F,0x00,0x07,0x00,0x07,0x00,0x07,0x00,0x07,0x00,0x07,0x00,0x07,0x00,0x07,0x00,0x0F,0x00,0x1F,0x00,0x1F,0x00,0x00,0x00,
    0x00,0x00,0x00,0x00,0x01,0x80,0x01,0x80,0x01,0x80,0x1F,0xF8,0x01,0x80,0x01,0x80,0x01,0x80,0x01,0x80,0x00,0x00,0x00,0x00,
    0x3F,0xF8,0x00,0x00,0x00,0x00,0x00,0x00,0x00,0x00,0x00,0x00,0x10,0x00,0x08,0x10,0x04,0x20,0x02,0x40,0x01,0x80,0x01,0x80,
    0x02,0xC0,0x04,0x60,0x08,0x30,0x10,0x18,0x00,0x00,0x00,0x00,0x00,0x00,0x00,0x00,0x00,0x00,0x00,0x00,0x01,0x80,0x01,0x80,
    0x00,0x00,0x00,0x00,0x00,0x00,0x1F,0xF8,0x00,0x00,0x00,0x00,0x01,0x80,0x01,0x80,0x00,0x00,0x00,0x00,0x00,0x00,0x00,0x00,
    0x00,0x00,0x00,0x00,0x00,0x00,0x01,0x80,0x01,0x80,0x00,0x00,0x00,0x00,0x00,0x00,0x00,0x00,0x01,0x80,0x01,0x80,0x00,0x00,
    0x00,0x00,0x00,0x00,0x00,0x00,0x00,0x00,0x00,0x00,0x00,0x00,0x00,0x00,0x01,0x80,0x01,0x80,0x02,0x40,0x02,0x40,0x04,0x20,
    0x04,0x20,0x08,0x10,0x08,0x10,0x08,0x10,0x10,0x08,0x10,0x08,0x00,0x00,0x00,0x00,0x00,0x00,0x20,0x04,0x20,0x0C,0x10,0x08,
    0x10,0x08,0x08,0x10,0x08,0x10,0x04,0x20,0x04,0x20,0x02,0x40,0x02,0x40,0x01,0x80,0x01,0x80,0x00,0x00,0x00,0x00,0x00,0x00,
    0x00,0x00,0x1F,0xF0,0x18,0x00,0x08,0x00,0x0C,0x00,0x04,0x00,0x02,0x00,0x03,0x00,0x03,0x00,0x06,0x00,0x04,0x00,0x08,0x00,
    0x1F,0xF0,0x00,0x00,0x00,0x00,0x00,0x00,0x00,0x00,0x3F,0xFC,0x08,0x10,0x08,0x10,0x08,0x10,0x08,0x10,0x08,0x10,0x08,0x10,
    0x08,0x10,0x08,0x10,0x08,0x10,0x08,0x10,0x08,0x10,0x00,0x00,0x00,0x00,0x00,0x00,0x00,0x00,0x00,0x00,0x10,0x18,0x10,0x18,
    0x10,0x18,0x10,0x18,0x10,0x18,0x10,0x18,0x10,0x18,0x10,0x10,0x08,0x10,0x0C,0x30,0x03,0xC0,0x00,0x00,0x00,0x00,0x00,0x00,
    0x00,0x00,0x00,0x00,0x01,0x80,0x06,0xE0,0x08,0x10,0x08,0x10,0x10,0x10,0x10,0x18,0x10,0x18,0x10,0x18,0x10,0x18,0x10,0x18,
    0x10,0x18,0x00,0x00,0x00,0x00,0x00,0x00,0x00,0x00,0x00,0x00,0x00,0x00,0x07,0xF8,0x08,0x00,0x10,0x00,0x10,0x00,0x1F,0xF8,
    0x10,0x00,0x18,0x00,0x0C,0x00,0x03,0xF8,0x00,0x00,0x00,0x00,0x00,0x00,0x00,0x00,0x00,0x00,0x00,0x00,0x18,0x18,0x18,0x18,
    0x00,0x00,0x00,0x00,0x00,0x00,0x00,0x00,0x00,0x00,0x00,0x00,0x18,0x18,0x18,0x18,0x00,0x00,0x00,0x00,0x00,0x00,0x00,0x00,
    0x00,0x00,0x00,0x00,0x00,0x08,0x00,0x10,0x00,0x10,0x00,0x10,0x00,0x20,0x00,0x20,0x06,0x20,0x03,0x40,0x01,0x40,0x00,0xC0,
    0x00,0x00,0x00,0x00,0x00,0x00,0x00,0x00,0x00,0x00,0x00,0x00,0x00,0x00,0x01,0x00,0x01,0x00,0x01,0x00,0x01,0x00,0x01,0x00,
    0x01,0x00,0x01,0x00,0x01,0x00,0x1F,0xF8,0x00,0x00,0x00,0x00,0x00,0x00,0x00,0x00,0x00,0x00,0x00,0x00,0x00,0x00,0x00,0x88,
    0x01,0x08,0x01,0x10,0x02,0x10,0x02,0x20,0x04,0x20,0x04,0x40,0x08,0x40,0x08,0x80,0x10,0x80,0x11,0x00,0x00,0x00,0x00,0x00,
    0x00,0x00,0x00,0x00,0x00,0x00,0x00,0x08,0x00,0x10,0x00,0x20,0x00,0x40,0x00,0x80,0x01,0x00,0x02,0x00,0x0C,0x00,0x1F,0xF8,
    0x00,0x00,0x00,0x00,0x00,0x00,0x00,0x00,0x00,0x00,0x00,0x00,0x00,0x00,0x03,0xC0,0x08,0x10,0x10,0x08,0x20,0x04,0x20,0x04,
    0x00,0x00,0x00,0x00,0x00,0x00,0x00,0x00,0x00,0x00,0x00,0x00,0x00,0x00,0x00,0x00,0x00,0x00,0x00,0x00,0x03,0xC0,0x08,0x10,
    0x10,0x08,0x20,0x00,0x20,0x04,0x21,0x84,0x21,0x84,0x20,0x04,0x20,0x04,0x10,0x08,0x00,0x10,0x04,0x60,0x00,0x00,0x00,0x00,
    0x00,0x00,0x00,0xE0,0x00,0xA0,0x00,0x00,0x00,0x00,0x00,0x00,0x00,0x00,0x00,0x00,0x00,0x00,0x00,0x00,0x00,0x00,0x00,0x00,
    0x05,0x00,0x07,0x00,0x00,0x00,0x00,0x00,0x00,0x00,0x00,0xA0,0x00,0x20,0x00,0x00,0x01,0x80,0x03,0xC0,0x04,0x20,0x04,0x20,
    0x06,0x60,0x03,0xC0,0x00,0x00,0x00,0x00,0x05,0x00,0x07,0x00,0x00,0x00,0x00,0x00,0x00,0x00,0x00,0x00,0x00,0x00,0x1F,0xF8,
    0x00,0x00,0x00,0x00,0x00,0x00,0x1F,0xF8,0x00,0x00,0x00,0x00,0x3F,0xF8,0x00,0x00,0x00,0x00,0x00,0x00,0x00,0x00,0x00,0x00,
    0x00,0x00,0x00,0x00,0x00,0x00,0x18,0x78,0x20,0x84,0x21,0x84,0x33,0x04,0x1C,0x18,0x00,0x00,0x3F,0xFC,0x00,0x00,0x3F,0xFC,
    0x00,0x00,0x00,0x00,0x00,0x00,0x00,0x00,0x00,0x00,0x00,0x00,0x00,0x00,0x00,0x00,0x1E,0x00,0x21,0x84,0x00,0x78,0x0C,0x00,
    0x33,0x04,0x00,0xFC,0x00,0x30,0x00,0x00,0x00,0x00,0x00,0x00,0x00,0x00,0x00,0x00,0x00,0x00,0x00,0x00,0x00,0x00,0x00,0x10,
    0x30,0x6C,0x20,0x84,0x21,0x04,0x3E,0x0C,0x00,0x00,0x00,0x00,0x00,0x00,0x00,0x00,0x00,0x00,0x00,0x00,0x00,0x00,0x00,0x00,
    0x00,0x00,0x00,0x00,0x00,0x00,0x04,0x08,0x1F,0x70,0x21,0xC0,0x20,0xC0,0x33,0x64,0x0C,0x38,0x00,0x00,0x00,0x00,0x00,0x00,
    0x00,0x00,0x00,0x00,0x00,0x00,0x00,0x00,0x00,0x00,0x00,0x00,0x00,0x40,0x00,0xC0,0x00,0x80,0x3F,0xF8,0x00,0x80,0x01,0x00,
    0x1F,0xF8,0x03,0x00,0x02,0x00,0x02,0x00,0x00,0x00,0x00,0x00,0x00,0x00,0x00,0x00,0x00,0x00,0x00,0x00,0x01,0x00,0x01,0x00,
    0x01,0x0C,0x01,0x70,0x03,0x80,0x1D,0x00,0x39,0x00,0x07,0x00,0x01,0xE0,0x01,0x1C,0x01,0x00,0x01,0x00,0x00,0x00,0x00,0x00,
    0x00,0x00,0x00,0x80,0x00,0x80,0x30,0x80,0x0E,0x80,0x01,0xC0,0x00,0xB8,0x00,0x9C,0x00,0xE0,0x07,0x80,0x38,0x80,0x00,0x80,
    0x00,0x80,0x00,0x00,0x00,0x00,0x00,0x00,0x00,0x00,0x00,0x04,0x00,0x38,0x01,0xC0,0x0E,0x00,0x38,0x00,0x0E,0x00,0x01,0xC0,
    0x20,0x38,0x1C,0x04,0x03,0x80,0x00,0x70,0x00,0x0C,0x00,0x00,0x00,0x00,0x00,0x00,0x00,0x00,0x00,0x00,0x0C,0x00,0x03,0x80,
    0x00,0x70,0x00,0x1C,0x00,0x70,0x03,0x80,0x18,0x04,0x00,0x38,0x01,0xC0,0x0E,0x00,0x10,0x00,0x00,0x00,0x00,0x00,0x00,0x00,
    0x00,0x00,0x00,0x00,0x00,0x00,0x08,0x00,0x26,0x4C,0x41,0x86,0x41,0x82,0x22,0x44,0x1C,0x38,0x00,0x00,0x00,0x00,0x00,0x00,
    0x00,0x00,0x00,0x00,0x00,0x00,0x00,0x00,0x00,0x00,0x00,0x00,0x00,0x00,0x18,0x18,0x18,0x18,0x00,0x00,0x00,0x00,0x00,0x00,
    0x00,0x00,0x00,0x00,0x01,0x80,0x01,0x80,0x00,0x00,0x00,0x00,0x00,0x00,0x00,0x00,0x00,0x00,0x00,0x00,0x00,0x00,0x01,0x80,
    0x01,0x80,0x00,0x00,0x00,0x00,0x00,0x00,0x00,0x00,0x00,0x00,0x18,0x18,0x18,0x18,0x00,0x00,0x00,0x00,0x00,0x00,0x00,0x00,
    0x00,0x00,0x00,0x00,0x01,0x80,0x01,0x80,0x02,0x40,0x04,0x20,0x00,0x00,0x00,0x00,0x01,0x80,0x03,0xC0,0x04,0x20,0x04,0x20,
    0x04,0x20,0x02,0x40,0x01,0x80,0x00,0x00,0x00,0x00,0x00,0x00,0x03,0xC0,0x04,0x20,0x04,0x20,0x04,0x20,0x02,0x40,0x01,0x80,
    0x00,0x00,0x0F,0xF0,0x01,0x80,0x00,0x00,0x00,0x00,0x00,0x00,0x00,0x00,0x00,0x00,0x00,0x00,0x00,0x00,0x18,0x00,0x24,0x00,
    0x24,0x00,0x18,0x00,0x00,0x00,0x00,0x00,0x00,0x00,0x00,0x00,0x00,0x00,0x00,0x00,0x00,0x00,0x00,0x00,0x00,0x00,0x00,0x00,
    0x00,0x00,0x00,0x00,0x08,0x00,0x08,0x00,0x18,0x00,0x10,0x00,0x00,0x00,0x00,0x00,0x00,0x00,0x00,0x00,0x00,0x00,0x00,0x00,
    0x00,0x00,0x00,0x00,0x00,0x00,0x00,0x00,0x00,0x00,0x10,0x00,0x14,0x00,0x24,0x00,0x2C,0x00,0x48,0x00,0x00,0x00,0x00,0x00,
    0x00,0x00,0x00,0x00,0x00,0x00,0x00,0x00,0x00,0x00,0x00,0x00,0x00,0x00,0x00,0x00,0x00,0x00,0x00,0x00,0x40,0x00,0x50,0xF0,
    0x01,0x0C,0x02,0x04,0x06,0x00,0x04,0x00,0x04,0x00,0x04,0x00,0x04,0x00,0x06,0x04,0x03,0x0C,0x01,0xF8,0x00,0x00,0x00,0x00,
    0x00,0x00,0x00,0x80,0x03,0xC0,0x05,0xA0,0x08,0x80,0x08,0x80,0x04,0x80,0x03,0xC0,0x00,0xB0,0x00,0x90,0x08,0x90,0x0C,0xB0,
    0x03,0xE0,0x00,0x80,0x00,0x00,0x00,0x00,0x00,0x00,0x00,0x00,0x21,0x84,0x1E,0x7C,0x18,0x18,0x10,0x08,0x20,0x0C,0x20,0x04,
    0x20,0x04,0x20,0x04,0x30,0x08,0x10,0x18,0x1C,0x38,0x27,0xEC,0x00,0x04,0x00,0x00,0x00,0x00,0x00,0x60,0x03,0xE0,0x0E,0x70,
    0x08,0xD0,0x18,0x80,0x11,0x80,0x11,0x00,0x11,0x00,0x1A,0x18,0x0E,0x30,0x07,0xE0,0x07,0x80,0x04,0x00,0x00,0x00,0x00,0x00,
    0x00,0x00,0x01,0xC0,0x03,0xF0,0x04,0x10,0x04,0x00,0x04,0x00,0x04,0x00,0x1F,0xC0,0x04,0x00,0x0C,0x00,0x16,0x08,0x15,0x98,
    0x1C,0x70,0x00,0x00,0x00,0x00,0x00,0x00,0x00,0x00,0x00,0x00,0x30,0x20,0x48,0x40,0x48,0x80,0x48,0x80,0x49,0x00,0x32,0x00,
    0x04,0x00,0x05,0x8E,0x0A,0x52,0x12,0x52,0x22,0x52,0x21,0x8E,0x00,0x00,0x00,0x00,0x00,0x00,0x00,0x00,0x03,0xC0,0x04,0x20,
    0x04,0x00,0x06,0x00,0x03,0xC0,0x04,0x60,0x04,0x20,0x06,0x60,0x01,0xC0,0x00,0x60,0x04,0x20,0x07,0xE0,0x01,0x00,0x00,0x00,
    0x00,0x00,0x00,0x00,0x21,0x00,0x31,0x00,0x31,0x00,0x31,0x00,0x29,0x38,0x29,0x44,0x29,0x44,0x25,0x44,0x27,0x64,0x27,0x38,
    0x23,0x3C,0x02,0x00,0x00,0x00,0x00,0x00,0x00,0x00,0x00,0x00,0x00,0x00,0x01,0x80,0x01,0x80,0x00,0x00,0x02,0x40,0x30,0x0C,
    0x18,0x18,0x04,0x20,0x04,0x20,0x09,0x80,0x0E,0x70,0x08,0x10,0x00,0x00,0x00,0x00,0x00,0x00,0x00,0x00,0x00,0x00,0x01,0x80,
    0x01,0x80,0x01,0x80,0x03,0xC0,0x3F,0xFC,0x1F,0xF8,0x07,0xE0,0x07,0xE0,0x0F,0xE0,0x0E,0x70,0x08,0x10,0x00,0x00,0x00,0x00,
    0x00,0x00,0x07,0xE0,0x18,0x18,0x30,0x0C,0x20,0x04,0x40,0x02,0x40,0x02,0x40,0x02,0x40,0x02,0x40,0x02,0x40,0x02,0x20,0x04,
    0x30,0x08,0x18,0x10,0x07,0xE0,0x00,0x00,0x03,0xC0,0x0F,0xF0,0x1F,0xF8,0x3F,0xFC,0x7F,0xFE,0x7F,0xFE,0x7F,0xFE,0x7F,0xFE,
    0x7F,0xFE,0x7F,0xFE,0x3F,0xFC,0x3F,0xFC,0x1F,0xF8,0x07,0xE0,0x00,0x00,0x00,0x00,0x03,0xC0,0x0C,0x30,0x10,0x08,0x26,0x64,
    0x48,0x12,0x48,0x12,0x40,0x02,0x50,0x0A,0x48,0x02,0x48,0x12,0x24,0x24,0x31,0x8C,0x18,0x18,0x07,0xE0,0x00,0x00,0x00,0x00,
    0x00,0x00,0x01,0x00,0x03,0x80,0x06,0x40,0x0C,0x20,0x18,0x10,0x30,0x08,0x60,0x04,0x40,0x02,0x20,0x04,0x10,0x08,0x08,0x10,
    0x04,0x20,0x02,0x40,0x01,0x80,0x00,0x00,0x00,0x00,0x01,0x80,0x03,0xC0,0x07,0xE0,0x0F,0xF0,0x1F,0xF8,0x3F,0xFC,0x7F,0xFE,
    0x7F,0xFE,0x3F,0xFC,0x1F,0xF8,0x0F,0xF0,0x07,0xE0,0x03,0xC0,0x01,0x80,0x00,0x00,0x00,0x00,0x00,0x00,0x7F,0xFC,0x40,0x04,
    0x40,0x04,0x40,0x04,0x40,0x04,0x40,0x04,0x40,0x04,0x40,0x04,0x40,0x04,0x40,0x04,0x40,0x04,0x40,0x04,0x3F,0xFC,0x00,0x00,
    0x00,0x00,0x00,0x00,0x7F,0xFC,0x7F,0xFC,0x7F,0xFC,0x7F,0xFC,0x7F,0xFC,0x7F,0xFC,0x7F,0xFC,0x7F,0xFC,0x7F,0xFC,0x7F,0xFC,
    0x7F,0xFC,0x7F,0xFC,0x3F,0xFC,0x00,0x00,0x00,0x00,0x00,0x00,0x00,0x00,0x01,0x80,0x03,0x80,0x02,0x40,0x04,0x20,0x04,0x20,
    0x08,0x10,0x08,0x10,0x10,0x08,0x10,0x08,0x20,0x04,0x7F,0xFC,0x00,0x00,0x00,0x00,0x00,0x00,0x00,0x00,0x00,0x00,0x01,0x80,
    0x03,0x80,0x03,0xC0,0x07,0xE0,0x07,0xE0,0x0F,0xF0,0x0F,0xF0,0x1F,0xF8,0x1F,0xF8,0x3F,0xFC,0x7F,0xFC,0x00,0x00,0x00,0x00,
    0x00,0x00,0x00,0x00,0x21,0x84,0x13,0xC8,0x09,0x90,0x04,0x20,0x02,0x40,0x39,0x9C,0x39,0x9C,0x12,0x48,0x04,0x20,0x09,0x90,
    0x13,0xC8,0x21,0x84,0x00,0x00,0x00,0x00,0x00,0x00,0x00,0x00,0x00,0x00,0x00,0x20,0x00,0x20,0x00,0x30,0x7F,0xF8,0x7F,0xF8,
    0x00,0x38,0x00,0x30,0x00,0x20,0x00,0x00,0x00,0x00,0x00,0x00,0x00,0x00,0x00,0x00,0x00,0x00,0x00,0x00,0x00,0x00,0x04,0x00,
    0x0C,0x00,0x0C,0x00,0x1F,0xFE,0x3F,0xFE,0x1C,0x00,0x0C,0x00,0x04,0x00,0x00,0x00,0x00,0x00,0x00,0x00,0x00,0x00,0x00,0x00,
    0x00,0x00,0x00,0x00,0x01,0x80,0x07,0xC0,0x0F,0xF0,0x01,0x80,0x01,0x80,0x01,0x80,0x01,0x80,0x01,0x80,0x01,0x80,0x01,0x80,
    0x01,0x80,0x01,0x80,0x00,0x00,0x00,0x00,0x00,0x00,0x01,0x80,0x01,0x80,0x01,0x80,0x01,0x80,0x01,0x80,0x01,0x80,0x01,0x80,
    0x01,0x80,0x01,0x80,0x0F,0xF0,0x07,0xE0,0x03,0xC0,0x01,0x00,0x00,0x00,0x00,0x00,0x00,0x00,0x7F,0xFE,0x7F,0xFE,0x7F,0xFE,
    0x7F,0xFE,0x00,0x00,0x00,0x00,0x00,0x00,0x00,0x00,0x7F,0xFE,0x7F,0xFE,0x7F,0xFE,0x7F,0xFE,0x00,0x00,0x00,0x00,0x00,0x00,
    0x00,0x00,0x37,0xFE,0x55,0x82,0x55,0x02,0x55,0x72,0x55,0x52,0x55,0x52,0x55,0x52,0x55,0xD2,0x54,0xF2,0x75,0x32,0x54,0x02,
    0x44,0x02,0x04,0x0C,0x00,0x00,0x00,0x00,0x00,0x00,0x7F,0xFE,0x68,0x04,0x68,0x04,0x69,0xE4,0x79,0x24,0x69,0x24,0x6D,0x24,
    0x65,0x24,0x65,0xE4,0x7D,0x04,0x60,0x04,0x60,0x04,0x60,0x1C,0x00,0x00,0x00,0x00,0x00,0x00,0x10,0x40,0x10,0xC0,0x11,0x88,
    0x13,0xFC,0x11,0x86,0x7D,0x00,0x11,0xFC,0x12,0x60,0x10,0x60,0x13,0xFE,0x1C,0x70,0x60,0xD0,0x01,0x8C,0x07,0x06,0x00,0x00,
    0x00,0x00,0x10,0x40,0x10,0xC0,0x10,0x88,0x7B,0xFC,0x79,0x82,0x11,0x80,0x11,0xFC,0x1F,0x20,0x70,0x20,0x53,0xFE,0x10,0x70,
    0x10,0xD8,0x11,0x8C,0x73,0x06,0x00,0x00,0x00,0x90,0x00,0x90,0x7F,0xFE,0x48,0x98,0x48,0x90,0x48,0x00,0x49,0x08,0x49,0x98,
    0x48,0x90,0x78,0x70,0x48,0x60,0x40,0xF0,0x01,0x9C,0x06,0x06,0x00,0x00,0x00,0x00,0x00,0x00,0x00,0x40,0x00,0xC0,0x78,0x88,
    0x49,0x0C,0x4B,0xC6,0x49,0x80,0x49,0xFC,0x4A,0x20,0x48,0x60,0x7F,0xFE,0x48,0x70,0x40,0xD0,0x01,0x8C,0x07,0x06,0x00,0x00,
    0x00,0x00,0x01,0x00,0x01,0x80,0x3F,0xFE,0x00,0x00,0x1F,0xF8,0x18,0x08,0x18,0x08,0x1F,0xF8,0x06,0x84,0x0C,0xCC,0x1C,0x70,
    0x64,0x20,0x07,0x18,0x0E,0x0E,0x00,0x00,0x10,0x20,0x11,0x26,0x31,0x26,0x7D,0x26,0x45,0xFC,0x44,0x00,0x4D,0xFC,0x7C,0x04,
    0x44,0x04,0x45,0xFC,0x45,0x04,0x7D,0x00,0x4D,0x02,0x41,0xFE,0x00,0x00,0x00,0x00,0x00,0x00,0x00,0xC0,0x0F,0xFE,0x18,0x00,
    0x11,0xF8,0x71,0x08,0x11,0xF8,0x10,0x00,0x37,0xBE,0x74,0xA2,0x17,0xBE,0x10,0x40,0x14,0x44,0x24,0x44,0x67,0xFC,0x00,0x04,
    0x00,0x00,0x04,0x20,0x7F,0xFE,0x04,0x20,0x10,0x20,0x13,0x08,0x03,0xF8,0x03,0x08,0x71,0xF8,0x11,0x80,0x16,0x64,0x10,0x64,
    0x12,0x94,0x1E,0x04,0x11,0xE4,0x00,0x08,0x00,0x08,0x21,0xF8,0x20,0x20,0x7D,0xFC,0x50,0xF0,0x50,0xA8,0x13,0x26,0x7C,0x00,
    0x10,0x60,0x13,0xFE,0x18,0x88,0x24,0xF0,0x24,0x38,0x41,0xC6,0x02,0x00,0x00,0x00,0x04,0x20,0x04,0x20,0x7F,0xFE,0x04,0x20,
    0x04,0x20,0x00,0x10,0x08,0x30,0x0C,0x20,0x06,0x60,0x03,0x40,0x01,0x80,0x03,0xC0,0x0E,0x30,0x78,0x1E,0x00,0x00,0x00,0x00,
    0x00,0x00,0x7D,0xFC,0x11,0x04,0x11,0xFC,0x21,0x04,0x3D,0xFC,0x64,0x00,0x65,0xFE,0x24,0x08,0x25,0xFE,0x24,0x88,0x3C,0xC8,
    0x24,0x08,0x00,0x18,0x00,0x10,0x00,0x00,0x00,0x0C,0x3F,0xF8,0x11,0x08,0x09,0x98,0x09,0xBC,0x63,0x06,0x63,0x02,0x1F,0xFC,
    0x06,0x00,0x0F,0xF0,0x1E,0x30,0x33,0x20,0x61,0xC0,0x0F,0x7C,0x10,0x00,0x00,0x00,0x00,0x00,0x01,0x08,0x7C,0x98,0x48,0x90,
    0x4B,0xFE,0x58,0x90,0x50,0x98,0x49,0x0C,0x4A,0x02,0x4D,0xFC,0x4F,0x54,0x7B,0x54,0x43,0x54,0x43,0x54,0x47,0xFE,0x00,0x00,
    0x00,0x00,0x04,0x20,0x24,0x10,0x7E,0xFE,0x24,0x82,0x3C,0x82,0x08,0x20,0x7E,0x20,0x4A,0xFE,0x7A,0x44,0x18,0x4C,0x08,0x68,
    0x7E,0x18,0x08,0x3C,0x09,0xC2,0x00,0x00,0x00,0x00,0x08,0x00,0x1F,0xFC,0x10,0x00,0x2F,0xFC,0x40,0x00,0x1F,0xF8,0x02,0x08,
    0x3F,0xE8,0x24,0x28,0x3F,0xE8,0x08,0xC8,0x0C,0x88,0x03,0x86,0x3C,0x66,0x00,0x00,0x00,0x00,0x01,0x00,0x01,0x80,0x3F,0xFC,
    0x30,0x0C,0x23,0x04,0x02,0x00,0x06,0x00,0x7F,0xFE,0x0C,0x30,0x0C,0x20,0x07,0xC0,0x01,0xE0,0x07,0x18,0x3C,0x0E,0x00,0x00,
    0x08,0x40,0x18,0x40,0x17,0xFE,0x30,0x90,0x31,0x08,0x72,0x46,0x5F,0xFE,0x12,0x48,0x13,0xF8,0x12,0x48,0x13,0xF8,0x12,0x40,
    0x10,0x42,0x10,0x7E,0x00,0x00,0x00,0x00,0x00,0x00,0x10,0x60,0x10,0x20,0x11,0xFC,0x7B,0x06,0x13,0x22,0x10,0x40,0x10,0x40,
    0x1F,0xFE,0x70,0x88,0x51,0x88,0x11,0xD0,0x10,0x70,0x10,0xF8,0x33,0x86,0x00,0x00,0x00,0x00,0x00,0x40,0x00,0x20,0x79,0xFC,
    0x48,0x88,0x48,0x98,0x48,0x90,0x7F,0xFE,0x48,0x00,0x49,0xFC,0x49,0x04,0x49,0xFC,0x79,0x04,0x49,0x0C,0x01,0xFC,0x00,0x00,
    0x00,0x80,0x10,0x84,0x10,0x84,0x1F,0xFC,0x00,0x00,0x3F,0xFC,0x20,0x00,0x27,0xF8,0x20,0xC0,0x20,0xC0,0x3F,0xFE,0x20,0xC0,
    0x60,0xC0,0x40,0xC0,0x00,0x00,0x00,0x00,0x00,0x00,0x00,0x20,0x3C,0x20,0x25,0xFC,0x25,0x06,0x25,0x22,0x3C,0x20,0x24,0x40,
    0x25,0xFE,0x3C,0xC8,0x24,0x88,0x24,0xD8,0x64,0x30,0x44,0x6C,0x4D,0xC6,0x00,0x00,0x00,0x00,0x01,0x00,0x1F,0xF8,0x22,0x04,
    0x02,0x00,0x3F,0xFC,0x0C,0x20,0x07,0xC0,0x03,0xF8,0x1C,0x0C,0x3F,0xFC,0x03,0xC0,0x07,0xE0,0x19,0x98,0x71,0x86,0x00,0x00,
    0x00,0x20,0x3C,0x20,0x24,0x20,0x25,0xFE,0x24,0x00,0x3C,0x00,0x24,0xF8,0x24,0x88,0x3C,0x88,0x24,0x88,0x24,0x88,0x64,0x88,
    0x45,0x0A,0x4F,0x0E,0x00,0x00,0x00,0x00,0x00,0x00,0x1F,0xF8,0x10,0x08,0x1F,0xF8,0x10,0x08,0x1F,0xF8,0x00,0x00,0x3E,0x7C,
    0x20,0xC4,0x20,0xC4,0x20,0xC4,0x26,0xC4,0x38,0xDC,0x20,0xC0,0x00,0x00,0x00,0x00,0x00,0x80,0x01,0x80,0x1F,0xF8,0x11,0x08,
    0x11,0x08,0x7F,0xFE,0x06,0x60,0x0C,0x18,0x70,0x0E,0x1F,0xF8,0x12,0x58,0x12,0x58,0x12,0x58,0x7F,0xFE,0x00,0x00,0x00,0x00,
    0x00,0x00,0x3C,0x3C,0x3E,0x7C,0x26,0x44,0x26,0x44,0x26,0x44,0x26,0x44,0x27,0xC4,0x20,0x04,0x20,0x04,0x20,0x04,0x20,0x04,
    0x3F,0xFC,0x20,0x04,0x00,0x00,0x00,0x00,0x00,0x00,0x0C,0x20,0x0C,0x20,0x3F,0xA0,0x0C,0x7E,0x3F,0x44,0x0C,0xC4,0x0C,0xCC,
    0x7F,0xA8,0x10,0x28,0x1F,0x38,0x11,0x10,0x31,0x38,0x23,0x6C,0x46,0xC6,0x00,0x00,0x08,0x20,0x0C,0x20,0x3F,0x60,0x0C,0x7E,
    0x0C,0xC4,0x7F,0xAC,0x10,0x28,0x1F,0x38,0x11,0x18,0x23,0x6C,0x46,0xC6,0x10,0x4C,0x32,0x64,0x22,0x26,0x00,0x00,0x00,0x00,
    0x00,0x00,0x18,0x00,0x18,0x00,0x22,0xEE,0x22,0x22,0x22,0xB2,0x3E,0xAA,0x18,0xAA,0x7F,0x22,0x34,0x66,0x2A,0xAA,0x49,0x22,
    0x3E,0x22,0x08,0x22,0x08,0x66,0x08,0x00,0x00,0x00,0x10,0x00,0x18,0x1C,0x09,0xF0,0x7C,0x20,0x08,0x20,0x08,0x20,0x12,0xFE,
    0x7C,0x70,0x5C,0x30,0x16,0x58,0x10,0x48,0x10,0x8C,0x11,0x84,0x13,0x02,0x00,0x00,0x00,0x00,0x10,0x10,0x11,0x10,0x17,0xD0,
    0x31,0x3E,0x37,0xA4,0x71,0x64,0x77,0xA4,0x36,0x14,0x32,0x14,0x33,0x98,0x34,0x88,0x34,0x98,0x3D,0xB4,0x39,0x62,0x00,0x00,
    0x00,0x00,0x01,0x00,0x03,0x00,0x3F,0xFC,0x35,0xAC,0x37,0xEC,0x3F,0xFC,0x33,0xCC,0x37,0xEC,0x3C,0x3C,0x01,0x80,0x7F,0xFE,
    0x03,0xC0,0x06,0x70,0x78,0x1E,0x00,0x00,0x00,0x00,0x10,0x40,0x10,0xC0,0x13,0xFC,0x1A,0xA4,0x7A,0xB4,0x57,0xFC,0x52,0x64,
    0x12,0xF4,0x13,0x2C,0x12,0x04,0x17,0xFE,0x10,0xE0,0x10,0x90,0x17,0x0E,0x00,0x00,0x00,0x00,0x00,0x80,0x20,0x80,0x17,0xFC,
    0x05,0x54,0x05,0x54,0x67,0xF4,0x14,0xC4,0x05,0xD4,0x17,0x44,0x14,0x04,0x37,0xFE,0x20,0xE0,0x61,0x90,0x47,0x0E,0x00,0x00,
    0x04,0x20,0x04,0x20,0x7F,0xFE,0x04,0x20,0x04,0x20,0x1F,0xF8,0x11,0x88,0x11,0x88,0x11,0x88,0x1F,0xF8,0x10,0x00,0x10,0x00,
    0x10,0x06,0x1F,0xFC,0x00,0x00,0x00,0x00,0x10,0x00,0x13,0xC2,0x12,0x42,0x7A,0x52,0x12,0x52,0x13,0xD2,0x11,0x12,0x39,0x12,
    0x57,0xD2,0x11,0x52,0x13,0x52,0x12,0x42,0x16,0x42,0x74,0xCC,0x00,0x00,0x00,0x00,0x00,0x00,0x18,0x10,0x18,0x98,0x7E,0x98,
    0x18,0x98,0x18,0x98,0x18,0x88,0x1C,0x88,0x79,0x88,0x19,0x08,0x19,0x0C,0x1B,0x04,0x1A,0x06,0x36,0x02,0x00,0x00,0x00,0x00,
    0x00,0x00,0x00,0x98,0x3C,0x90,0x24,0x90,0x24,0x90,0x24,0x98,0x24,0x88,0x24,0x88,0x24,0x88,0x3D,0x08,0x25,0x0C,0x23,0x04,
    0x02,0x06,0x06,0x02,0x00,0x00,0x00,0x00,0x00,0x00,0x01,0xFC,0x79,0x24,0x69,0x24,0x69,0x24,0x69,0x24,0x69,0x24,0x69,0xFC,
    0x69,0x04,0x79,0x00,0x69,0x00,0x61,0x02,0x01,0x02,0x01,0xFE,0x00,0x00,0x00,0x00,0x00,0x00,0x08,0x20,0x10,0x20,0x1F,0x7E,
    0x24,0xC8,0x64,0x88,0x00,0x80,0x1F,0xF8,0x11,0x88,0x11,0x88,0x1F,0xF8,0x10,0x08,0x10,0x00,0x10,0x02,0x1F,0xFE,0x00,0x00,
    0x00,0x00,0x04,0x60,0x04,0x20,0x04,0x20,0x04,0x20,0x04,0x20,0x0C,0x20,0x08,0x30,0x08,0x10,0x18,0x10,0x10,0x18,0x30,0x0C,
    0x60,0x06,0x40,0x06,0x00,0x00,0x00,0x00,0x00,0x00,0x00,0x80,0x00,0xC0,0x1F,0xFE,0x58,0x00,0x78,0x00,0x3B,0xFC,0x1A,0x44,
    0x1A,0x44,0x72,0x4C,0x53,0xFC,0x12,0x00,0x12,0x02,0x32,0x02,0x63,0xFE,0x00,0x00,0x00,0x00,0x3F,0xF8,0x31,0x88,0x21,0x08,
    0x21,0x08,0x21,0x08,0x31,0x88,0x3F,0xF8,0x20,0x08,0x20,0x00,0x20,0x00,0x20,0x02,0x30,0x06,0x1F,0xFC,0x00,0x00,0x00,0x00,
    0x10,0x40,0x10,0x48,0x10,0xCC,0x7C,0xC0,0x19,0xFC,0x10,0x80,0x10,0xFC,0x1C,0xCC,0x71,0xC8,0x11,0x48,0x12,0x30,0x16,0x30,
    0x14,0x78,0x31,0xCE,0x00,0x00,0x00,0x00,0x00,0x40,0x3C,0x48,0x24,0x48,0x24,0x40,0x27,0xFE,0x3C,0xC0,0x08,0xFC,0x28,0xCC,
    0x2C,0xC8,0x29,0x48,0x29,0x38,0x2F,0x30,0x78,0x78,0x41,0xC6,0x00,0x00,0x00,0x00,0x20,0x00,0x24,0x7C,0x7F,0xD6,0x24,0x96,
    0x3C,0x96,0x08,0x96,0x7E,0x96,0x4A,0xFE,0x7E,0xC6,0x08,0x80,0x08,0x80,0x7F,0x80,0x08,0xC2,0x08,0x7E,0x00,0x00,0x00,0x00,
    0x10,0x00,0x11,0xFC,0x11,0x24,0x7D,0x24,0x19,0x24,0x11,0x24,0x11,0x24,0x1D,0xFC,0x71,0x04,0x11,0x00,0x11,0x00,0x11,0x00,
    0x11,0x02,0x31,0xFE,0x00,0x00,0x00,0x00,0x08,0x00,0x08,0xFC,0x7E,0xB6,0x08,0x96,0x18,0x96,0x3C,0x96,0x08,0x96,0x7E,0xFE,
    0x18,0x86,0x1C,0x80,0x2A,0x80,0x68,0x80,0x48,0x82,0x08,0xFE,0x08,0x00,0x00,0x00,0x10,0x00,0x11,0xFC,0x11,0x04,0x11,0x04,
    0x7D,0x24,0x11,0x24,0x11,0x24,0x11,0x24,0x11,0x24,0x11,0x24,0x1D,0x40,0x60,0xD8,0x01,0x8C,0x03,0x06,0x00,0x00,0x00,0x00,
    0x00,0x00,0x01,0x80,0x7F,0xFE,0x5C,0xBA,0x40,0x82,0x10,0x00,0x3F,0x7C,0x12,0x44,0x1E,0x7C,0x3F,0x44,0x2D,0x44,0x0C,0x7C,
    0x7F,0x44,0x08,0x8C,0x00,0x00,0x00,0x00,0x00,0x00,0x3F,0xFC,0x22,0x44,0x22,0x44,0x3F,0xFC,0x01,0x80,0x1F,0xF8,0x01,0x80,
    0x01,0x80,0x7F,0xFE,0x03,0x20,0x06,0x30,0x0C,0x18,0x1F,0xCC,0x00,0x00,0x00,0x00,0x00,0x00,0x0C,0x30,0x1C,0x0C,0x22,0x44,
    0x01,0x80,0x07,0xE0,0x78,0x1E,0x5F,0xF8,0x10,0x88,0x10,0x88,0x1F,0xF8,0x10,0x08,0x10,0x02,0x0F,0xFE,0x00,0x00,0x00,0x00,
    0x00,0x00,0x03,0x00,0x02,0x00,0x06,0x00,0x3F,0xFC,0x30,0x04,0x30,0x04,0x30,0x04,0x3F,0xFC,0x30,0x04,0x30,0x04,0x30,0x04,
    0x30,0x0C,0x3F,0xFC,0x30,0x04,0x00,0x00,0x00,0x00,0x10,0x20,0x10,0x20,0x10,0x60,0x7D,0xFE,0x7D,0x06,0x11,0x06,0x3D,0x06,
    0x3D,0xFE,0x77,0x06,0x51,0x06,0x11,0x06,0x11,0x06,0x11,0xFE,0x11,0x06,0x00,0x00,0x00,0x00,0x7F,0xFE,0x01,0x00,0x01,0x00,
    0x1F,0xF8,0x10,0x08,0x10,0x08,0x10,0x08,0x1F,0xF8,0x10,0x08,0x10,0x08,0x10,0x08,0x1F,0xF8,0x10,0x08,0x10,0x00,0x00,0x00,
    0x10,0x00,0x13,0xFC,0x12,0xD4,0x7A,0xD4,0x32,0xD4,0x13,0xFC,0x10,0x20,0x3B,0xFC,0x70,0x20,0x17,0xFE,0x10,0xC8,0x10,0x88,
    0x11,0x0C,0x73,0xFE,0x00,0x00,0x00,0x00,0x00,0x00,0x08,0x00,0x0B,0xFE,0x10,0x60,0x10,0x40,0x30,0x40,0x33,0xFC,0x72,0x04,
    0x52,0x04,0x13,0xFC,0x13,0xFC,0x12,0x04,0x12,0x04,0x13,0xFC,0x12,0x04,0x10,0x00,0x00,0x20,0x3E,0x20,0x23,0x20,0x21,0x7E,
    0x29,0x44,0x29,0xC4,0x29,0xCC,0x29,0x68,0x29,0x28,0x29,0x28,0x08,0x30,0x16,0x30,0x23,0x68,0x40,0xC6,0x00,0x00,0x00,0x00,
    0x00,0x00,0x3C,0xFE,0x28,0x30,0x08,0x30,0x08,0xFC,0x3E,0x30,0x08,0x30,0x08,0xFC,0x7E,0x30,0x09,0x30,0x19,0xFE,0x10,0x30,
    0x30,0x30,0x60,0x30,0x00,0x00,0x00,0x00,0x00,0x00,0x00,0x20,0x1C,0x60,0x79,0xFE,0x19,0x26,0x19,0x36,0x7D,0xFE,0x19,0x26,
    0x19,0xFE,0x3D,0xFC,0x78,0x58,0x58,0xD8,0x1B,0xFE,0x18,0x18,0x18,0x18,0x00,0x00,0x01,0x00,0x01,0x00,0x78,0x3E,0x17,0xC8,
    0x10,0xC8,0x12,0x88,0x3A,0x88,0x39,0xBE,0x11,0x88,0x10,0x88,0x11,0xC8,0x1F,0x48,0x76,0x08,0x04,0x7E,0x00,0x00,0x00,0x00,
    0x00,0x00,0x00,0xC0,0x7C,0xFE,0x10,0x88,0x12,0x88,0x12,0x88,0x12,0x88,0x7A,0xBE,0x10,0x88,0x10,0x88,0x10,0x88,0x1D,0x08,
    0x73,0x08,0x42,0x7E,0x00,0x00,0x00,0x00,0x01,0x00,0x11,0x1C,0x17,0xB4,0x7C,0xA4,0x37,0xA4,0x15,0xE6,0x14,0xC0,0x3F,0xFC,
    0x74,0xA4,0x15,0x94,0x15,0x94,0x14,0x98,0x14,0x98,0x69,0xB6,0x00,0x00,0x00,0x00,0x10,0x00,0x11,0xFC,0x11,0x00,0x19,0x00,
    0x7D,0x80,0x11,0xFC,0x11,0x44,0x1D,0x4C,0x71,0x48,0x11,0x28,0x13,0x30,0x12,0x30,0x12,0x68,0x35,0xC6,0x00,0x00,0x00,0x00,
    0x08,0x00,0x08,0x78,0x3E,0x48,0x22,0x48,0x2A,0x48,0x2A,0x86,0x22,0x80,0x7E,0xFC,0x22,0x44,0x2A,0x68,0x2A,0x38,0x22,0x30,
    0x42,0x78,0x46,0xC6,0x00,0x00,0x00,0x00,0x00,0x00,0x14,0xFE,0x36,0x30,0x22,0x20,0x23,0xFE,0x61,0x86,0x7E,0x96,0x12,0x96,
    0x12,0x96,0x12,0x96,0x12,0xB6,0x32,0x28,0x2E,0x6C,0x49,0x86,0x00,0x00,0x00,0x00,0x10,0x00,0x10,0xFC,0x11,0x80,0x19,0x00,
    0x7D,0xFC,0x11,0xCC,0x39,0x44,0x3D,0x4C,0x35,0x68,0x51,0x28,0x51,0x30,0x13,0x30,0x12,0x6C,0x16,0xC6,0x00,0x00,0x00,0x00,
    0x00,0x00,0x24,0xFC,0x24,0x80,0x24,0x80,0x24,0xFC,0x3E,0xE4,0x20,0xE4,0x20,0xA4,0x3C,0xAC,0x24,0xA8,0x25,0x38,0x25,0x18,
    0x65,0x38,0x44,0x66,0x00,0x00,0x00,0x00,0x10,0x10,0x10,0x90,0x10,0x98,0x30,0x88,0x79,0x0C,0x11,0x04,0x13,0xFE,0x1A,0xC8,
    0x70,0x48,0x10,0x48,0x10,0x88,0x10,0x88,0x11,0x08,0x72,0x38,0x00,0x00,0x00,0x00,0x10,0x20,0x10,0x20,0x11,0x24,0x7D,0x24,
    0x7C,0x28,0x10,0x20,0x13,0xFC,0x1C,0x20,0x70,0x20,0x13,0xFE,0x10,0x60,0x10,0x20,0x10,0x20,0x30,0x20,0x00,0x20,0x00,0x00,
    0x08,0x00,0x08,0x64,0x12,0x64,0x11,0x68,0x31,0x68,0x30,0x60,0x77,0xFC,0x50,0x60,0x10,0x60,0x17,0xFE,0x10,0x60,0x10,0x60,
    0x10,0x60,0x10,0x60,0x10,0x00,0x00,0x00,0x00,0x00,0x20,0x08,0x10,0xC8,0x7F,0x40,0x03,0x44,0x4B,0x54,0x2B,0x54,0x1B,0x4C,
    0x33,0x4C,0x13,0x48,0x7D,0x4C,0x15,0x48,0x25,0xA8,0x25,0xE8,0x69,0x08,0x00,0x00,0x01,0x00,0x11,0x88,0x19,0x98,0x19,0x90,
    0x01,0x90,0x01,0x80,0x3F,0xFC,0x01,0x80,0x01,0x80,0x7F,0xFE,0x01,0x80,0x01,0x80,0x01,0x80,0x01,0x80,0x00,0x00,0x00,0x00,
    0x00,0x00,0x03,0x00,0x03,0x00,0x03,0x00,0x03,0xF0,0x1F,0xF0,0x03,0x10,0x32,0x14,0x32,0x14,0x62,0x16,0x46,0x12,0x04,0x12,
    0x0C,0x30,0x18,0x30,0x70,0xE0,0x00,0x00,0x00,0x20,0x18,0x20,0x11,0x26,0x20,0xA4,0x24,0xA4,0x7C,0x20,0x09,0xFC,0x10,0x20,
    0x30,0x20,0x3D,0xFE,0x00,0x30,0x04,0x20,0x78,0x20,0x00,0x20,0x00,0x00,0x00,0x00,0x04,0x00,0x04,0x3E,0x0C,0x66,0x3F,0xE4,
    0x04,0x64,0x0C,0x6C,0x3F,0x68,0x04,0x64,0x0C,0x66,0x7F,0xE2,0x08,0x66,0x08,0x6E,0x10,0x60,0x30,0x60,0x00,0x00,0x00,0x00,
    0x00,0x00,0x04,0x00,0x0C,0x3E,0x3F,0x24,0x0C,0x28,0x3F,0x24,0x0C,0x22,0x3F,0xA6,0x18,0x2C,0x31,0xA0,0x1F,0xFC,0x10,0x8C,
    0x10,0x8C,0x10,0x98,0x00,0x80,0x00,0x80,0x10,0x80,0x10,0x9E,0x10,0x96,0x7B,0xD4,0x10,0x94,0x10,0x94,0x3B,0xD4,0x3C,0x96,
    0x70,0x92,0x53,0xD2,0x11,0x12,0x11,0x16,0x13,0x10,0x12,0x10,0x00,0x10,0x00,0x00,0x00,0x00,0x10,0x20,0x10,0x30,0x11,0xFE,
    0x18,0xC8,0x38,0x58,0x11,0xFE,0x39,0x22,0x3F,0xFE,0x70,0xC0,0x50,0x40,0x10,0xFC,0x10,0x84,0x11,0x84,0x11,0x18,0x00,0x10,
    0x00,0x00,0x00,0x20,0x3C,0x30,0x25,0xFE,0x24,0xC8,0x24,0x58,0x3D,0xFE,0x25,0x22,0x25,0xFE,0x3C,0xC0,0x24,0x40,0x24,0xFC,
    0x24,0x84,0x45,0x84,0x49,0x18,0x00,0x10,0x00,0x80,0x10,0x9E,0x11,0x96,0x23,0xD4,0x2C,0x94,0x78,0x94,0x13,0xD4,0x10,0x94,
    0x20,0x92,0x7B,0xF2,0x01,0x12,0x0D,0x16,0x73,0x10,0x02,0x10,0x00,0x10,0x00,0x00,0x10,0x20,0x10,0x60,0x13,0xFC,0x30,0x40,
    0x31,0xFC,0x30,0x40,0x3B,0xFE,0x3D,0x88,0x53,0x24,0x57,0xFA,0x10,0x20,0x13,0xFC,0x10,0x60,0x10,0x20,0x10,0x00,0x00,0x00,
    0x00,0x00,0x00,0x20,0x7C,0x30,0x11,0xFE,0x10,0xC8,0x20,0x58,0x3D,0xFE,0x75,0x22,0x65,0xFE,0x24,0xC0,0x24,0x40,0x3C,0xFC,
    0x34,0x84,0x24,0x8C,0x21,0x18,0x00,0x10,0x00,0x00,0x08,0x10,0x08,0x10,0x18,0x30,0x7E,0xFE,0x4A,0x10,0x4A,0x10,0x7A,0xFE,
    0x7E,0x10,0x48,0x10,0x0A,0xFE,0x0A,0x30,0x1E,0x10,0x62,0x10,0x00,0x10,0x00,0x10,0x00,0x00,0x10,0x20,0x10,0x30,0x3D,0xFE,
    0x20,0xC8,0x40,0x58,0x7D,0xFE,0x11,0x22,0x11,0xFE,0x7C,0xC0,0x10,0x40,0x10,0xFC,0x14,0x84,0x1C,0x8C,0x11,0x18,0x00,0x10,
    0x00,0x00,0x08,0x40,0x18,0x60,0x13,0xFC,0x10,0x90,0x30,0x90,0x33,0xFE,0x52,0x40,0x17,0xFE,0x10,0xC0,0x10,0x80,0x10,0xFC,
    0x11,0x8C,0x11,0x08,0x16,0x18,0x10,0x10,0x00,0x00,0x00,0x40,0x23,0xFC,0x31,0x90,0x01,0x98,0x00,0x90,0x77,0xFE,0x14,0x42,
    0x10,0x60,0x17,0xFE,0x10,0x80,0x10,0xFC,0x1D,0x8C,0x3B,0x08,0x36,0x18,0x00,0x00,0x00,0x20,0x04,0x20,0x7F,0xFE,0x04,0x20,
    0x08,0x00,0x1F,0xFC,0x10,0x08,0x3F,0xC8,0x58,0x48,0x18,0x48,0x1F,0xC8,0x18,0x38,0x18,0x02,0x0F,0xFC,0x00,0x00,0x00,0x00,
    0x00,0x00,0x00,0x40,0x3C,0x40,0x24,0xFC,0x24,0x86,0x3D,0x82,0x27,0xF2,0x24,0x92,0x24,0x92,0x3C,0x92,0x24,0xF6,0x24,0x84,
    0x64,0x80,0x44,0x82,0x4C,0xFE,0x00,0x00,0x00,0x00,0x04,0x00,0x0C,0x00,0x1F,0xF8,0x10,0x08,0x30,0x08,0x7F,0xC8,0x10,0x48,
    0x10,0x48,0x1F,0xC8,0x18,0x08,0x10,0x38,0x10,0x02,0x18,0x06,0x0F,0xFC,0x00,0x00,0x00,0x00,0x01,0x80,0x7F,0xFE,0x00,0x00,
    0x1B,0xF8,0x12,0x08,0x33,0xF8,0x70,0x40,0x17,0xFC,0x13,0x58,0x16,0x44,0x03,0x58,0x0C,0x70,0x75,0x30,0x06,0x0E,0x00,0x00,
    0x00,0x06,0x3F,0x06,0x01,0x16,0x3F,0x16,0x01,0x16,0x7F,0xD6,0x04,0x16,0x24,0x96,0x17,0x16,0x07,0x16,0x15,0x96,0x64,0xC6,
    0x44,0x06,0x0C,0x0C,0x00,0x08,0x00,0x00,0x00,0x00,0x04,0x20,0x7F,0xFE,0x04,0x20,0x04,0x48,0x37,0xFC,0x13,0xF8,0x06,0x44,
    0x27,0xFC,0x06,0x4C,0x06,0x4C,0x10,0x08,0x27,0xFE,0x22,0x08,0x41,0x18,0x00,0x10,0x00,0x00,0x01,0x80,0x7F,0xFE,0x41,0x82,
    0x4D,0xB2,0x0D,0xB0,0x0C,0x00,0x0F,0xF8,0x18,0x08,0x7F,0xC8,0x18,0x48,0x1F,0xD8,0x18,0x06,0x0F,0xFC,0x00,0x00,0x00,0x00,
    0x00,0x00,0x08,0x00,0x19,0xFC,0x11,0x0C,0x11,0x0C,0x31,0xFC,0x30,0x60,0x50,0x60,0x17,0xFE,0x10,0xF0,0x11,0xF0,0x11,0x68,
    0x12,0x6C,0x16,0x66,0x10,0x60,0x00,0x00,0x00,0x00,0x09,0xF8,0x13,0x08,0x12,0x08,0x33,0xF8,0x70,0x40,0x57,0xFC,0x10,0xF0,
    0x11,0x58,0x16,0x4C,0x14,0x00,0x01,0x80,0x1F,0xF8,0x01,0x80,0x7F,0xFE,0x00,0x00,0x00,0x00,0x10,0x40,0x30,0xC0,0x30,0xFC,
    0x3D,0x86,0x45,0x06,0x43,0xF4,0x31,0x94,0x31,0x94,0x31,0xB4,0x31,0xE4,0x35,0x8C,0x39,0x80,0x31,0x82,0x20,0xFE,0x00,0x00,
    0x00,0x00,0x01,0x80,0x01,0x80,0x7F,0xFE,0x40,0x02,0x40,0x02,0x1F,0xF8,0x01,0x80,0x01,0x80,0x1F,0xF8,0x1F,0xF8,0x01,0x90,
    0x01,0x98,0x01,0x80,0x7F,0xFE,0x00,0x00,0x10,0x80,0x10,0x80,0x11,0xFC,0x7D,0x04,0x13,0x04,0x17,0xE4,0x11,0x24,0x19,0x24,
    0x71,0xA4,0x11,0xE4,0x11,0x0C,0x11,0x00,0x11,0x02,0x71,0xFE,0x00,0x00,0x00,0x00,0x00,0x00,0x08,0x00,0x09,0xFC,0x09,0x04,
    0x7D,0x0C,0x7D,0x18,0x09,0x00,0x09,0xFC,0x1D,0x44,0x79,0x6C,0x09,0x28,0x09,0x38,0x09,0x18,0x09,0x2C,0x31,0xC6,0x00,0x00,
    0x1F,0xF8,0x10,0x08,0x1F,0xF8,0x10,0x08,0x1F,0xF8,0x06,0x60,0x06,0x60,0x7F,0xFE,0x0C,0x30,0x19,0x98,0x65,0xA6,0x07,0xE0,
    0x19,0x98,0x03,0x0C,0x00,0x00,0x00,0x00,0x00,0x00,0x06,0x20,0x0C,0x20,0x78,0x60,0x0F,0x7E,0x24,0xC2,0x1C,0x82,0x74,0x82,
    0x4E,0x22,0x12,0x32,0x67,0x02,0x09,0x02,0x31,0x02,0x43,0x06,0x0E,0x1C,0x00,0x00,0x00,0x00,0x10,0x60,0x30,0x40,0x3C,0x7C,
    0x44,0x86,0x49,0x86,0x7E,0x76,0x6A,0xD6,0x7E,0x94,0x6A,0xD4,0x6A,0xF4,0x7E,0x8C,0x00,0x80,0x0E,0x82,0x70,0x7E,0x00,0x00,
    0x00,0x00,0x11,0xFC,0x11,0x04,0x11,0xFC,0x15,0x04,0x59,0xFC,0x50,0x98,0x53,0xFE,0x50,0x98,0x13,0xFE,0x19,0xAC,0x37,0x26,
    0x20,0xF8,0x61,0xE8,0x43,0x64,0x00,0x40,0x08,0x00,0x09,0xFE,0x08,0x30,0x7C,0x20,0x18,0x20,0x18,0x60,0x1C,0x68,0x3E,0xEC,
    0x29,0xA4,0x4B,0x26,0x4A,0x20,0x08,0x20,0x08,0x20,0x08,0x20,0x00,0x00,0x00,0x00,0x00,0x00,0x00,0x20,0x3C,0x20,0x11,0xFE,
    0x11,0x26,0x21,0xB6,0x31,0xFE,0x7D,0x26,0x65,0xFE,0x24,0x78,0x24,0x50,0x35,0xFE,0x3C,0x18,0x24,0x10,0x20,0x10,0x00,0x00,
    0x02,0x40,0x02,0x40,0x7E,0x7E,0x02,0x40,0x3E,0x7C,0x02,0x40,0x02,0x40,0x7E,0x7E,0x02,0x40,0x00,0x80,0x24,0x8C,0x64,0x86,
    0x44,0x12,0x07,0xF0,0x00,0x00,0x00,0x00,0x00,0x00,0x03,0x00,0x02,0x00,0x1F,0xF8,0x11,0x88,0x11,0x88,0x1F,0xF8,0x13,0x08,
    0x1F,0xF8,0x06,0xC0,0x0C,0xC0,0x1C,0xC0,0x7F,0xFE,0x00,0xC0,0x00,0xC0,0x00,0x00,0x00,0x40,0x06,0x40,0x06,0x40,0x06,0x40,
    0x06,0x46,0x7E,0x58,0x06,0x60,0x06,0x40,0x06,0x40,0x06,0x40,0x06,0x40,0x3E,0x42,0x66,0x62,0x06,0x3C,0x00,0x00,0x00,0x00,
    0x02,0x40,0x3E,0x7E,0x02,0x40,0x3E,0x7C,0x02,0x40,0x7E,0x7E,0x02,0x00,0x3F,0xFC,0x0C,0x00,0x19,0x80,0x3F,0xF8,0x01,0x80,
    0x7F,0xFE,0x01,0x80,0x00,0x00,0x00,0x00,0x02,0x40,0x06,0x4C,0x3E,0x78,0x02,0x40,0x7E,0x42,0x42,0x3E,0x00,0x00,0x1F,0xF8,
    0x18,0x08,0x1F,0xF8,0x18,0x08,0x1F,0xF8,0x18,0x08,0x18,0x38,0x00,0x00,0x00,0x00,0x00,0x00,0x1F,0xF8,0x10,0x08,0x10,0x08,
    0x11,0x88,0x11,0x88,0x11,0x88,0x11,0x88,0x11,0x08,0x11,0x08,0x03,0x60,0x06,0x38,0x0C,0x0C,0x30,0x06,0x00,0x00,0x00,0x00,
    0x10,0x00,0x10,0xFC,0x3D,0x84,0x21,0x84,0x41,0xB4,0x7D,0xB4,0x11,0xB4,0x11,0xA4,0x7F,0xA4,0x11,0xA4,0x10,0x20,0x1C,0x68,
    0x18,0xCC,0x13,0x82,0x00,0x00,0x00,0x00,0x00,0x00,0x08,0x40,0x08,0x40,0x1B,0xFE,0x10,0x00,0x31,0x98,0x30,0x90,0x77,0xFE,
    0x10,0x00,0x10,0x00,0x13,0xFC,0x12,0x04,0x12,0x04,0x13,0xFC,0x12,0x04,0x10,0x00,0x04,0x00,0x3D,0xFC,0x19,0x04,0x39,0x04,
    0x49,0x24,0x09,0x24,0x09,0x24,0x19,0x24,0x2D,0x24,0x6D,0x24,0x08,0x60,0x08,0x48,0x08,0x84,0x33,0x02,0x00,0x00,0x00,0x00,
    0x00,0x00,0x06,0x00,0x04,0x00,0x0F,0xF0,0x1C,0x30,0x32,0x60,0x01,0xC0,0x07,0xF0,0x78,0x1E,0x1F,0xF8,0x19,0x88,0x1F,0xF8,
    0x19,0x98,0x19,0x98,0x1F,0xF8,0x00,0x00,0x00,0x00,0x06,0x00,0x0F,0xF0,0x1C,0x30,0x33,0xC0,0x03,0xC0,0x78,0x3E,0x1F,0xF8,
    0x11,0x88,0x1F,0xF8,0x11,0x88,0x1F,0xF8,0x21,0x8C,0x24,0x86,0x44,0x32,0x00,0x00,0x00,0x00,0x10,0x20,0x10,0x20,0x11,0xFE,
    0x10,0x00,0x5C,0x88,0x58,0x48,0x53,0xFE,0x50,0x00,0x10,0x00,0x18,0xFC,0x3C,0x84,0x24,0x84,0x60,0xFC,0x40,0x84,0x00,0x00,
    0x00,0x00,0x10,0x20,0x18,0x20,0x00,0x30,0x7D,0xFE,0x09,0x24,0x19,0x20,0x15,0xFC,0x3D,0xCC,0x5D,0x48,0x15,0x48,0x11,0x30,
    0x12,0x30,0x12,0x78,0x14,0xC6,0x10,0x00,0x00,0x00,0x01,0x80,0x01,0x00,0x7F,0xFE,0x02,0x20,0x0C,0x30,0x18,0x9C,0x6F,0xF6,
    0x00,0x80,0x04,0x90,0x04,0x30,0x7F,0xFE,0x0C,0x10,0x08,0x10,0x30,0x10,0x00,0x00,0x04,0x20,0x04,0x20,0x7F,0xFE,0x04,0x20,
    0x01,0x80,0x01,0x80,0x3F,0xFC,0x03,0xC0,0x05,0xA0,0x0D,0xB0,0x19,0x98,0x3F,0xFE,0x21,0x80,0x01,0x80,0x00,0x00,0x00,0x00,
    0x01,0x80,0x01,0x80,0x01,0x80,0x3F,0xFE,0x03,0xC0,0x03,0xC0,0x07,0xE0,0x05,0xA0,0x09,0xB0,0x19,0x98,0x37,0xEC,0x67,0xE6,
    0x01,0x80,0x01,0x80,0x00,0x00,0x00,0x00,0x00,0x00,0x18,0x60,0x1F,0x7C,0x36,0x58,0x26,0x88,0x00,0x88,0x01,0x80,0x7F,0xFE,
    0x07,0xC0,0x05,0xE0,0x0D,0xB0,0x19,0x9C,0x7F,0xFE,0x41,0x80,0x01,0x80,0x00,0x00,0x00,0x00,0x00,0x80,0x30,0x84,0x3F,0xFC,
    0x00,0x00,0x1E,0x7C,0x3E,0x7C,0x22,0x44,0x3E,0x7C,0x32,0x44,0x22,0x44,0x3E,0x7C,0x22,0x44,0x62,0xC4,0x4E,0x8C,0x00,0x08,
    0x00,0x00,0x10,0x00,0x33,0xDE,0x22,0xD2,0x2A,0xD2,0x5A,0xD6,0x73,0xDE,0x32,0xD2,0x22,0xD2,0x7B,0xDE,0x42,0xD2,0x02,0xD2,
    0x3E,0xF2,0x64,0xE2,0x04,0xA6,0x00,0x00,0x3F,0xFC,0x3F,0xFE,0x01,0x80,0x07,0xB0,0x19,0x8E,0x60,0x02,0x1F,0xF8,0x11,0x88,
    0x1F,0xF8,0x19,0x88,0x1F,0xF8,0x1F,0xF8,0x31,0x88,0x21,0x98,0x00,0x10,0x00,0x00,0x00,0x00,0x3F,0xFE,0x02,0x00,0x07,0xF8,
    0x1F,0xF8,0x3C,0x08,0x2F,0xF8,0x01,0xC0,0x3C,0xCC,0x3E,0xD8,0x04,0xA0,0x08,0xB0,0x30,0x8C,0x63,0x86,0x01,0x00,0x00,0x00,
    0x00,0x00,0x00,0x20,0x3D,0x22,0x2D,0x36,0x2D,0xFC,0x2C,0x00,0x39,0xDE,0x11,0x52,0x59,0xDE,0x5D,0x52,0x51,0x52,0x53,0xDE,
    0x5A,0x52,0x7A,0x72,0x46,0xE6,0x00,0x00,0x00,0x00,0x01,0x18,0x21,0x90,0x31,0x90,0x07,0xFE,0x01,0x90,0x61,0x90,0x71,0x90,
    0x17,0xFE,0x11,0x10,0x11,0x10,0x13,0x10,0x16,0x10,0x3C,0x10,0x67,0xFE,0x00,0x00,0x27,0xFC,0x20,0x00,0x33,0xF8,0x03,0x0C,
    0x03,0xFC,0x60,0x00,0x37,0xFC,0x36,0x64,0x36,0x64,0x37,0xFC,0x36,0x64,0x37,0xFC,0x38,0x00,0x47,0xFE,0x00,0x00,0x00,0x00,
    0x00,0x00,0x06,0x00,0x10,0x08,0x1F,0xF8,0x1F,0xF8,0x10,0x08,0x1F,0xF8,0x3F,0xFC,0x21,0x84,0x3F,0xFC,0x31,0x8C,0x00,0x00,
    0x7F,0xFE,0x0C,0x20,0x38,0x20,0x40,0x20,0x00,0x00,0x00,0x80,0x20,0x80,0x20,0x80,0x20,0x84,0x20,0x9C,0x3E,0xF0,0x20,0xC0,
    0x20,0x80,0x20,0x80,0x20,0x80,0x22,0x80,0x2E,0x86,0x38,0xC6,0x20,0x7C,0x00,0x00,0x3F,0x3E,0x21,0x3E,0x21,0x26,0x3F,0x24,
    0x0C,0x24,0x7F,0xA8,0x08,0x24,0x7F,0xA6,0x40,0xA2,0x5E,0xA2,0x5E,0xA2,0x40,0xAE,0x7F,0xA0,0x40,0xA0,0x00,0x20,0x00,0x00,
    0x00,0x00,0x18,0x20,0x1F,0x7E,0x34,0x7C,0x64,0xCC,0x44,0x00,0x3F,0xF8,0x13,0x00,0x01,0x1C,0x3F,0xF8,0x01,0x00,0x7F,0xFE,
    0x41,0x00,0x01,0x02,0x01,0xFE,0x00,0x00,0x00,0x00,0x08,0x20,0x18,0x20,0x13,0xFE,0x23,0x26,0x0A,0x24,0x1A,0x20,0x33,0xFC,
    0x72,0x88,0x72,0x88,0x12,0x58,0x12,0x70,0x14,0x30,0x1C,0xDC,0x11,0x86,0x00,0x00,0x00,0x00,0x00,0x30,0x3E,0xFC,0x08,0x84,
    0x3E,0xC4,0x08,0xFC,0x0E,0x84,0x78,0xFC,0x00,0x00,0x7F,0xFE,0x04,0x00,0x0F,0xF8,0x18,0x08,0x68,0x08,0x0F,0xF8,0x08,0x08,
    0x00,0x00,0x04,0x20,0x7F,0xFE,0x0C,0x20,0x01,0x00,0x3F,0xFC,0x26,0x6C,0x23,0xCC,0x2C,0x2C,0x3F,0xF8,0x20,0xC0,0x3E,0xDC,
    0x20,0xE0,0x20,0xC2,0x3E,0xFE,0x20,0x00,0x00,0x00,0x04,0x60,0x7F,0xFE,0x04,0x60,0x04,0x00,0x25,0x10,0x25,0x3E,0x7F,0xAC,
    0x6D,0xE4,0x44,0xE4,0x5E,0xAC,0x77,0x98,0x64,0x98,0x45,0xBC,0x45,0x66,0x00,0x00,0x10,0x40,0x10,0x40,0x10,0x5C,0x1E,0x60,
    0x10,0x40,0x10,0x40,0x3E,0x44,0x10,0x7C,0x01,0x80,0x7F,0xFE,0x7F,0xFE,0x01,0x80,0x01,0x80,0x01,0x80,0x00,0x00,0x00,0x00,
    0x10,0x80,0x30,0x9C,0x3E,0xF0,0x30,0xC4,0x3E,0xFC,0x30,0x00,0x7F,0xFE,0x0C,0x60,0x18,0x40,0x3F,0x5C,0x63,0x70,0x0E,0x40,
    0x0C,0x46,0x38,0x7C,0x20,0x00,0x00,0x00,0x10,0x40,0x10,0xCC,0x1E,0xF8,0x10,0xC0,0x10,0xC0,0x3E,0x46,0x30,0x7C,0x01,0x10,
    0x05,0x30,0x24,0xCC,0x65,0x86,0x06,0x02,0x3C,0x10,0x67,0xF0,0x00,0x00,0x00,0x00,0x00,0x00,0x3F,0xFC,0x21,0x80,0x01,0x80,
    0x01,0x80,0x3F,0xFC,0x21,0x8C,0x21,0x84,0x21,0x84,0x21,0x84,0x21,0x84,0x21,0x8C,0x21,0x98,0x01,0x80,0x00,0x00,0x00,0x00,
    0x00,0x00,0x01,0x80,0x01,0x80,0x3F,0xFC,0x20,0x00,0x24,0x20,0x24,0x20,0x24,0x2C,0x27,0xB8,0x24,0x30,0x24,0x20,0x24,0x20,
    0x25,0xA0,0x66,0x22,0x44,0x3E,0x00,0x00,0x00,0x00,0x00,0xC0,0x0F,0xFE,0x18,0x00,0x10,0x00,0x53,0xFC,0x32,0x64,0x13,0xFC,
    0x32,0x64,0x73,0xFC,0x10,0x00,0x17,0xFE,0x31,0x98,0x21,0x18,0x66,0x18,0x04,0x00,0x00,0x00,0x10,0x00,0x19,0xFE,0x08,0x06,
    0x20,0x46,0x60,0x46,0x6F,0xF6,0x61,0xC6,0x61,0xC6,0x63,0x46,0x66,0x46,0x6C,0x46,0x78,0xC6,0x61,0xC6,0x60,0x0C,0x00,0x00,
    0x08,0x10,0x49,0x30,0x29,0x20,0x2A,0x3E,0x08,0x64,0x7F,0xE4,0x49,0xA4,0x5F,0xAC,0x5F,0xA8,0x7B,0x98,0x6B,0x98,0x49,0x98,
    0x49,0xBC,0x43,0xE2,0x00,0x00,0x00,0x00,0x00,0x00,0x04,0x20,0x35,0x20,0x14,0x3E,0x3F,0xEC,0x25,0xE8,0x3F,0xB8,0x35,0x98,
    0x25,0x3C,0x21,0x40,0x06,0x20,0x7F,0xFE,0x04,0x20,0x0C,0x20,0x38,0x20,0x00,0x00,0x00,0x00,0x02,0x00,0x03,0x10,0x01,0x90,
    0x00,0x30,0x04,0x20,0x24,0x68,0x24,0x4C,0x64,0xC6,0x65,0x86,0x47,0x00,0x06,0x00,0x1C,0x18,0x76,0x30,0x03,0xF0,0x00,0x00,
    0x00,0x00,0x00,0x10,0x3E,0x30,0x22,0xFE,0x22,0x44,0x3E,0x6C,0x30,0x28,0x20,0xFE,0x3E,0xFE,0x7E,0x10,0x52,0x10,0x52,0xFE,
    0x1E,0x10,0x1E,0x10,0x12,0x10,0x00,0x10,0x00,0x00,0x00,0x30,0x3E,0xFC,0x22,0x48,0x3E,0x68,0x20,0xFC,0x3E,0x30,0x72,0x10,
    0x52,0xFC,0x1E,0x10,0x01,0x80,0x1F,0xF8,0x1F,0xF8,0x01,0x80,0x7F,0xFE,0x00,0x00,0x00,0x00,0x00,0x10,0x22,0xFC,0x22,0x48,
    0x20,0x78,0x3E,0xFC,0x72,0x30,0x52,0xFC,0x1E,0x10,0x1F,0xF8,0x10,0x08,0x1F,0xF8,0x10,0x08,0x1F,0xF8,0x10,0x18,0x10,0x10,
    0x00,0x00,0x00,0x18,0x67,0x98,0x24,0xBE,0x24,0xA4,0x07,0xB4,0x64,0x1C,0x64,0x7E,0x2F,0x98,0x2E,0x98,0x3E,0xBE,0x3E,0x98,
    0x37,0x98,0x38,0x00,0x47,0xFE,0x00,0x00,0x00,0x10,0x7D,0x10,0x49,0x16,0x49,0xDC,0x59,0x10,0x51,0x10,0x59,0xD2,0x49,0x1C,
    0x44,0x20,0x4C,0x20,0x59,0xFC,0x40,0x20,0x40,0x20,0x43,0xFE,0x00,0x00,0x00,0x00,0x00,0x00,0x24,0x80,0x24,0xFE,0x7F,0x18,
    0x25,0x3C,0x3F,0x5A,0x13,0x52,0x7D,0x7E,0x55,0x52,0x7D,0x7E,0x19,0x18,0x11,0x70,0x7D,0x30,0x11,0x38,0x11,0x66,0x00,0x00,
    0x00,0x00,0x20,0x40,0x20,0x40,0x30,0x40,0x13,0xFC,0x00,0xC4,0x00,0xC4,0x70,0x84,0x10,0x84,0x11,0x84,0x11,0x04,0x13,0x1C,
    0x12,0x10,0x2C,0x00,0x43,0xFE,0x00,0x00,0x00,0x00,0x10,0x20,0x10,0x20,0x31,0xFC,0x21,0x04,0x6D,0xFC,0x79,0x00,0x13,0x00,
    0x13,0xFE,0x23,0x4A,0x7F,0x7A,0x05,0xFE,0x09,0x4A,0x71,0x4A,0x41,0x06,0x01,0x04,0x00,0x04,0x7E,0xFC,0x46,0xE0,0x56,0x20,
    0x5E,0x30,0x5E,0x00,0x5E,0xFE,0x56,0x0C,0x56,0x18,0x52,0x10,0x10,0x20,0x38,0x40,0x25,0xE0,0x46,0x1E,0x00,0x00,0x00,0x00,
    0x00,0x00,0x00,0x80,0x00,0xC0,0x1F,0xFC,0x10,0x04,0x1F,0xFC,0x1F,0xFC,0x10,0x00,0x1F,0xFE,0x39,0x26,0x39,0x26,0x2F,0xFE,
    0x69,0x26,0x49,0x26,0x08,0x0E,0x00,0x00,0x08,0x00,0x1F,0xFE,0x10,0x60,0x13,0xFC,0x32,0x64,0x72,0x64,0x73,0xFC,0x12,0x64,
    0x13,0xFC,0x12,0x40,0x11,0x40,0x10,0xC0,0x11,0xF0,0x17,0x1E,0x04,0x00,0x00,0x00,0x00,0x00,0x01,0x00,0x01,0x80,0x7F,0xFE,
    0x02,0x40,0x12,0x58,0x32,0x4C,0x62,0x46,0x02,0x40,0x1F,0xF8,0x04,0x30,0x06,0x60,0x03,0xC0,0x03,0xC0,0x7C,0x3E,0x20,0x00,
    0x00,0x00,0x03,0x00,0x01,0x00,0x01,0x80,0x00,0x00,0x7F,0xFE,0x01,0x00,0x01,0x00,0x01,0x60,0x01,0x30,0x01,0x18,0x01,0x0C,
    0x01,0x00,0x01,0x00,0x01,0x00,0x00,0x00,0x00,0x00,0x10,0x88,0x10,0x88,0x78,0xBE,0x00,0x80,0x4B,0x96,0x2B,0x94,0x3A,0x94,
    0x7E,0xBE,0x12,0x88,0x78,0x88,0x31,0xBE,0x11,0x08,0x23,0x08,0x66,0x08,0x00,0x00,0x00,0x00,0x10,0x08,0x11,0x08,0x7D,0xBE,
    0x00,0x84,0x4C,0x26,0x2B,0x94,0x19,0x94,0x7D,0xBE,0x11,0x88,0x79,0x88,0x79,0xBE,0x11,0xC8,0x31,0x88,0x20,0x08,0x00,0x08,
    0x00,0x00,0x10,0x08,0x11,0x88,0x7D,0x3E,0x79,0x00,0x4A,0x56,0x6B,0x94,0x3B,0x94,0x7D,0x3E,0x13,0x08,0x33,0x88,0x78,0x3E,
    0x33,0xC8,0x22,0x08,0x60,0x08,0x00,0x08,0x00,0x00,0x00,0x40,0x33,0xFC,0x13,0xFC,0x02,0x04,0x03,0xFC,0x62,0x00,0x37,0xFC,
    0x17,0x56,0x15,0x56,0x1D,0xFE,0x11,0x52,0x31,0x54,0x2C,0x00,0x47,0xFE,0x00,0x00,0x10,0x00,0x11,0xFC,0x10,0x00,0x7C,0x00,
    0x7C,0x00,0x13,0xFE,0x38,0x20,0x3C,0x20,0x35,0xAC,0x51,0xA4,0x51,0x26,0x13,0x22,0x12,0x20,0x10,0xE0,0x00,0x00,0x00,0x00,
    0x04,0x04,0x07,0x8C,0x04,0x08,0x3F,0xB0,0x24,0x80,0x2F,0x0C,0x2C,0x18,0x25,0xB0,0x23,0x06,0x2F,0x0C,0x4D,0x18,0x49,0x60,
    0x59,0x02,0x51,0xFE,0x00,0x00,0x00,0x00,0x00,0x00,0x3F,0xFE,0x24,0x50,0x25,0xFC,0x2D,0x54,0x3D,0xFC,0x25,0xFC,0x25,0xFC,
    0x3D,0xFC,0x2C,0x00,0x65,0xFE,0x44,0x28,0x4D,0x24,0x5B,0x62,0x00,0x40,0x00,0x00,0x01,0x80,0x01,0x80,0x3F,0xFC,0x01,0x80,
    0x1F,0xFC,0x01,0x80,0x7F,0xFE,0x03,0x80,0x06,0x88,0x0C,0xD8,0x34,0x70,0x64,0xB0,0x07,0x9E,0x06,0x06,0x00,0x00,0x00,0x00,
    0x00,0x00,0x2D,0x20,0x06,0x20,0x7F,0x6C,0x45,0xE8,0x7F,0x18,0x65,0x3C,0x04,0x42,0x0F,0xE0,0x30,0x60,0x3F,0xF8,0x1F,0xF8,
    0x18,0x88,0x0F,0xF8,0x7F,0xFE,0x00,0x00,0x00,0x00,0x09,0x30,0x69,0x20,0x2A,0x3E,0x7F,0x6C,0x69,0xE4,0x7F,0xA8,0x7B,0x18,
    0x69,0x18,0x49,0x3E,0x41,0x42,0x01,0x88,0x2C,0x8C,0x6C,0x16,0x47,0xF2,0x00,0x00,0x00,0x04,0x3F,0x04,0x21,0x24,0x21,0x24,
    0x3F,0x24,0x3F,0x24,0x08,0x24,0x0C,0x24,0x7F,0xA4,0x08,0xA4,0x08,0xA4,0x18,0x84,0x30,0x84,0x63,0x1C,0x00,0x00,0x00,0x00,
    0x00,0x00,0x00,0xC0,0x1F,0xFE,0x10,0x80,0x13,0xF8,0x52,0x0C,0x13,0xFC,0x13,0xFC,0x32,0x0C,0x73,0xF8,0x11,0xB0,0x17,0x0E,
    0x3F,0xF2,0x21,0x04,0x61,0xFC,0x00,0x00,0x11,0x00,0x11,0x0C,0x11,0x08,0x7B,0x90,0x7B,0xB0,0x31,0x06,0x39,0xCC,0x37,0xC8,
    0x73,0x30,0x55,0x26,0x15,0x04,0x11,0x08,0x11,0x10,0x11,0x60,0x00,0x00,0x00,0x00,0x00,0x10,0x10,0x14,0x19,0xD6,0x00,0x10,
    0x7F,0xFE,0x08,0x10,0x28,0x50,0x3B,0x50,0x1B,0x70,0x1B,0x48,0x1B,0x48,0x27,0x68,0x63,0xCE,0x00,0x06,0x00,0x00,0x00,0x00,
    0x00,0x00,0x02,0x00,0x32,0x7E,0x0B,0x10,0x0B,0x10,0x0A,0x7C,0x6F,0xC4,0x22,0x54,0x02,0x54,0x0A,0x54,0x3A,0xD4,0x23,0xD0,
    0x61,0x3C,0x46,0x26,0x5C,0x42,0x00,0x00,0x00,0x00,0x00,0x40,0x33,0xFC,0x1F,0xFE,0x06,0x12,0x01,0xF8,0x73,0x00,0x13,0x00,
    0x03,0xFC,0x03,0x10,0x13,0x10,0x37,0xFE,0x21,0x00,0x63,0x0C,0x46,0x04,0x00,0x00,0x00,0x00,0x01,0x00,0x01,0x80,0x7F,0xFE,
    0x60,0x16,0x2F,0xF0,0x18,0x00,0x18,0x00,0x1F,0xFC,0x18,0x20,0x18,0x60,0x7F,0xFE,0x0C,0x20,0x18,0x18,0x30,0x0C,0x00,0x00,
    0x00,0x00,0x10,0x20,0x10,0x60,0x13,0xFE,0x7A,0x02,0x78,0xF8,0x11,0x80,0x11,0x80,0x1D,0xFC,0x71,0x88,0x11,0x88,0x13,0xFE,
    0x10,0x88,0x11,0x8C,0x33,0x06,0x00,0x00,0x00,0x00,0x0F,0xF8,0x08,0x00,0x08,0x00,0x0F,0xF8,0x0F,0xFC,0x08,0x20,0x08,0x20,
    0x08,0x20,0x7F,0xFE,0x08,0x10,0x0C,0x18,0x30,0x0C,0x20,0x04,0x00,0x00,0x00,0x00,0x00,0x40,0x00,0x40,0x60,0x40,0x30,0x44,
    0x17,0x4C,0x01,0x78,0x01,0x70,0x11,0x70,0x13,0x50,0x22,0x58,0x66,0x4C,0x4C,0x46,0x08,0x40,0x01,0xC0,0x00,0x00,0x00,0x00,
    0x10,0x00,0x13,0xFE,0x10,0x20,0x7C,0x20,0x19,0xFC,0x11,0xFE,0x39,0x22,0x3D,0x32,0x77,0x7A,0x51,0x4E,0x11,0x82,0x11,0x02,
    0x11,0x06,0x11,0x0C,0x00,0x00,0x00,0x00,0x00,0x00,0x7F,0xFE,0x01,0x80,0x01,0x80,0x3F,0xFC,0x3F,0xFC,0x21,0x04,0x21,0x84,
    0x23,0xC4,0x26,0x64,0x2C,0x34,0x20,0x04,0x20,0x04,0x20,0x1C,0x00,0x00,0x00,0x00,0x00,0x00,0x00,0xF8,0x1F,0x80,0x01,0x80,
    0x7F,0xFE,0x01,0x80,0x1F,0xF8,0x01,0x88,0x7F,0xFE,0x01,0x88,0x1F,0xF8,0x03,0xC0,0x0D,0xA0,0x39,0x9C,0x61,0x86,0x00,0x00,
    0x00,0x00,0x10,0x88,0x30,0xC8,0x30,0x48,0x3D,0xFC,0x65,0xFC,0x44,0x48,0x10,0x48,0x10,0xC8,0x13,0xFE,0x10,0xC8,0x14,0x88,
    0x18,0x88,0x31,0x88,0x03,0x08,0x02,0x08,0x00,0x00,0x10,0x00,0x13,0xFE,0x10,0x20,0x14,0x20,0x5D,0xFC,0x5B,0xFE,0x53,0x22,
    0x53,0x32,0x13,0x72,0x1B,0xCA,0x3F,0x8A,0x27,0x02,0x63,0x02,0x43,0x0E,0x00,0x00,0x00,0x00,0x00,0xC0,0x00,0xC0,0x1F,0xFC,
    0x50,0x00,0x5F,0xFE,0x10,0x60,0x10,0x40,0x17,0xFE,0x76,0x66,0x14,0x66,0x14,0xD6,0x15,0x9E,0x25,0x06,0x24,0x0C,0x00,0x00,
    0x00,0x00,0x08,0x30,0x0C,0x30,0x04,0x20,0x3F,0xFC,0x04,0x20,0x04,0x20,0x04,0x20,0x04,0x20,0x7F,0xFE,0x04,0x20,0x0C,0x20,
    0x08,0x20,0x18,0x20,0x30,0x20,0x00,0x00,0x00,0x20,0x00,0x20,0x7D,0xFE,0x11,0xFE,0x11,0x24,0x11,0x20,0x7D,0xFC,0x11,0xCC,
    0x11,0x48,0x11,0x48,0x1F,0x38,0x72,0x30,0x46,0x7C,0x05,0xC6,0x00,0x00,0x00,0x00,0x04,0x40,0x04,0x60,0x7F,0xFE,0x04,0x40,
    0x30,0x60,0x13,0xFC,0x42,0x64,0x62,0x60,0x03,0xFC,0x02,0x88,0x36,0x48,0x24,0x70,0x24,0x70,0x6D,0xCE,0x09,0x00,0x00,0x00,
    0x10,0x0C,0x13,0xFC,0x11,0x2C,0x79,0x28,0x13,0xFE,0x10,0xF8,0x11,0xA8,0x3B,0x26,0x77,0xFE,0x13,0x24,0x13,0xFC,0x13,0x6C,
    0x13,0x6C,0x33,0xFC,0x00,0x00,0x00,0x00,0x00,0x00,0x10,0x20,0x11,0x6C,0x13,0x64,0x13,0x64,0x7F,0xFE,0x10,0x40,0x10,0xC0,
    0x1C,0xFC,0x71,0xC8,0x53,0x48,0x16,0x70,0x14,0x30,0x10,0xF8,0x33,0x8E,0x20,0x00,0x10,0x20,0x10,0x20,0x30,0x20,0x3D,0xFE,
    0x61,0xFE,0x7C,0x70,0x10,0xF8,0x10,0xA8,0x7D,0xAC,0x11,0x24,0x12,0xFE,0x10,0x20,0x18,0x20,0x10,0x20,0x00,0x00,0x00,0x00,
    0x00,0x20,0x30,0x20,0x1B,0xFC,0x02,0x64,0x42,0x24,0x72,0x20,0x13,0xFC,0x02,0x88,0x1A,0x88,0x12,0xD8,0x34,0x70,0x64,0x70,
    0x4C,0xF8,0x0B,0x8E,0x02,0x00,0x00,0x00,0x00,0x00,0x30,0x48,0x30,0x68,0x33,0xFC,0x30,0x60,0x33,0xFC,0x7B,0xFC,0x32,0x4C,
    0x33,0xFC,0x32,0x44,0x30,0x08,0x37,0xFF,0x31,0x08,0x31,0x88,0x30,0x18,0x00,0x00,0x08,0x10,0x08,0x10,0x7F,0x90,0x0C,0x30,
    0x0C,0x7E,0x7F,0xB2,0x40,0x22,0x3F,0x22,0x06,0x26,0x0C,0x26,0x7F,0x64,0x4C,0x44,0x0C,0xC4,0x19,0x9C,0x00,0x00,0x00,0x00,
    0x00,0x00,0x10,0x68,0x10,0x60,0x13,0xFE,0x78,0x60,0x7B,0xFC,0x13,0x64,0x13,0xFC,0x1F,0xFC,0x73,0x64,0x10,0x08,0x17,0xFE,
    0x10,0x08,0x11,0x88,0x70,0x18,0x00,0x10,0x00,0x00,0x10,0x20,0x10,0x20,0x3C,0x60,0x20,0xFE,0x60,0x86,0x7C,0x86,0x10,0x86,
    0x10,0xFE,0x7E,0x86,0x10,0x86,0x10,0x86,0x14,0x86,0x1C,0xFE,0x10,0x86,0x00,0x00,0x00,0x00,0x08,0x30,0x18,0x20,0x3F,0x7E,
    0x64,0xC8,0x40,0x08,0x18,0x60,0x09,0xFC,0x01,0xFC,0x31,0x04,0x01,0xFC,0x0D,0x04,0x19,0x04,0x31,0xFC,0x31,0x04,0x01,0x04,
    0x00,0x00,0x08,0x40,0x18,0x40,0x10,0xC0,0x13,0xFC,0x32,0x04,0x32,0x04,0x72,0x04,0x53,0xFC,0x12,0x04,0x12,0x04,0x12,0x04,
    0x13,0x04,0x13,0xFC,0x12,0x04,0x10,0x00,0x00,0x00,0x03,0x00,0x02,0x00,0x1F,0xF8,0x10,0x08,0x1F,0xF8,0x10,0x08,0x1F,0xF8,
    0x1F,0xF8,0x01,0x80,0x3F,0xFC,0x21,0x84,0x21,0x84,0x21,0x8C,0x21,0x88,0x00,0x00,0x08,0x20,0x18,0x20,0x3E,0x20,0x22,0xFE,
    0x2A,0x86,0x2A,0x86,0x22,0x86,0x7E,0xFE,0x22,0x86,0x2A,0x86,0x2A,0x86,0x62,0x86,0x42,0xFE,0x46,0x86,0x00,0x80,0x00,0x00,
    0x00,0x20,0x3C,0x20,0x25,0xFE,0x24,0x20,0x25,0xFE,0x3F,0x02,0x24,0x00,0x24,0xFC,0x3C,0x18,0x24,0x30,0x27,0xFE,0x44,0x20,
    0x4C,0x20,0x48,0x60,0x00,0x40,0x00,0x00,0x00,0x28,0x38,0x28,0x2B,0xFE,0x28,0x20,0x29,0xFC,0x39,0x64,0x29,0xFC,0x29,0xFC,
    0x39,0x24,0x28,0x08,0x6F,0xFE,0x48,0x88,0x48,0x88,0x58,0x18,0x00,0x00,0x00,0x00,0x00,0x00,0x03,0x18,0x33,0x18,0x0F,0xD0,
    0x03,0x3E,0x03,0x1A,0x6F,0xD2,0x28,0x52,0x07,0x92,0x21,0x12,0x23,0x12,0x2F,0xB2,0x43,0x22,0x42,0x62,0x46,0xCC,0x00,0x00,
    0x00,0x00,0x00,0x60,0x30,0x60,0x18,0x60,0x03,0xFE,0x43,0x06,0x73,0x06,0x13,0x06,0x03,0xFE,0x13,0x06,0x13,0x06,0x33,0x06,
    0x23,0x06,0x63,0xFE,0x63,0x06,0x00,0x00,0x00,0x04,0x7E,0x4C,0x04,0x38,0x24,0x38,0x24,0x6C,0x24,0xC6,0x24,0x00,0x3E,0x44,
    0x02,0x4C,0x02,0x28,0x7A,0x30,0x42,0x30,0x02,0x6C,0x0F,0xC6,0x0C,0x00,0x00,0x00,0x10,0x24,0x10,0x24,0x13,0xFE,0x7B,0xFE,
    0x38,0x20,0x11,0xFE,0x11,0x22,0x39,0x26,0x71,0xFE,0x11,0x22,0x11,0xFE,0x11,0x36,0x11,0x22,0x73,0x2E,0x00,0x00,0x00,0x00,
    0x03,0x00,0x03,0x00,0x03,0x00,0x03,0x00,0x03,0x00,0x03,0x70,0x03,0x38,0x03,0x0C,0x03,0x06,0x03,0x00,0x03,0x00,0x03,0x00,
    0x03,0x00,0x03,0x00,0x00,0x00,0x00,0x00,0x00,0x00,0x00,0x28,0x00,0x24,0x7B,0xFE,0x48,0x60,0x48,0x20,0x4B,0xFC,0x4B,0x24,
    0x4B,0xFC,0x5B,0xFC,0x7B,0x24,0x4B,0xFC,0x43,0x64,0x43,0x24,0x03,0x2C,0x00,0x00,0x08,0x20,0x08,0x60,0x00,0x60,0x00,0x60,
    0x7C,0x68,0x0C,0x68,0x09,0x6C,0x1A,0x66,0x3E,0x62,0x4B,0x60,0x08,0x60,0x08,0x60,0x08,0x60,0x08,0x60,0x08,0x20,0x00,0x00,
    0x00,0x00,0x10,0x40,0x11,0xFC,0x11,0x04,0x11,0x0C,0x7D,0xFC,0x11,0x00,0x11,0xFC,0x11,0x04,0x11,0xFC,0x1C,0x20,0x38,0x60,
    0x43,0xFE,0x00,0x20,0x00,0x20,0x00,0x20,0x00,0x00,0x7F,0xFE,0x00,0x80,0x01,0x00,0x03,0x00,0x07,0x20,0x05,0x30,0x19,0x18,
    0x31,0x0C,0x61,0x04,0x01,0x00,0x01,0x00,0x01,0x00,0x01,0x00,0x00,0x00,0x00,0x00,0x00,0x00,0x01,0x00,0x03,0x00,0x7F,0xFE,
    0x7F,0xFE,0x04,0x80,0x0C,0x80,0x1F,0xFC,0x3C,0xCC,0x68,0x8C,0x48,0x8C,0x08,0x8C,0x08,0x8C,0x08,0x98,0x00,0x80,0x00,0x00,
    0x00,0x80,0x00,0x80,0x0C,0xFC,0x0C,0xC0,0x0C,0x80,0x3F,0xFE,0x7F,0xFE,0x00,0x80,0x04,0x84,0x08,0x8C,0x10,0x98,0x20,0xF0,
    0x00,0xC0,0x3F,0x00,0x20,0x00,0x00,0x00,0x00,0x00,0x10,0x20,0x1F,0x7E,0x24,0x98,0x40,0x50,0x37,0xFE,0x10,0x40,0x03,0xFC,
    0x23,0xFC,0x02,0x44,0x03,0xFC,0x10,0x08,0x37,0xFE,0x22,0x08,0x61,0x18,0x00,0x10,0x00,0x00,0x08,0x00,0x04,0x3E,0x7F,0xA6,
    0x01,0x24,0x13,0x24,0x12,0x2C,0x7F,0xA8,0x00,0x24,0x00,0x26,0x3F,0x22,0x21,0x22,0x21,0x2E,0x3F,0x28,0x31,0x20,0x00,0x20,
    0x00,0x00,0x10,0x40,0x10,0x40,0x13,0xFE,0x10,0xC0,0x74,0x80,0x55,0xA0,0x51,0xFE,0x13,0xB6,0x17,0x26,0x11,0x26,0x11,0x26,
    0x11,0x2C,0x10,0x20,0x10,0x20,0x00,0x00,0x00,0x00,0x10,0x60,0x13,0xFE,0x12,0x02,0x79,0xB0,0x31,0xFC,0x13,0x54,0x10,0xDC,
    0x3B,0x8C,0x73,0x76,0x16,0x00,0x11,0xFC,0x11,0x28,0x13,0x2C,0x72,0x66,0x00,0x00,0x00,0x00,0x00,0x20,0x2F,0xFE,0x18,0x20,
    0x39,0xFC,0x68,0x20,0x4B,0xFE,0x08,0x00,0x19,0xFC,0x39,0x04,0x69,0xFC,0x09,0x04,0x09,0xFC,0x19,0x04,0x31,0x0C,0x00,0x00,
    0x00,0x00,0x04,0x68,0x0C,0x6C,0x3F,0x64,0x04,0x60,0x7F,0xFE,0x04,0x60,0x04,0x24,0x7F,0xA4,0x08,0x28,0x1B,0xB8,0x39,0x10,
    0x69,0xB0,0x0C,0x6A,0x18,0xCE,0x00,0x00,0x08,0x08,0x08,0x08,0x08,0x08,0x18,0x18,0x7E,0xFE,0x18,0x18,0x18,0x38,0x3C,0x28,
    0x3A,0x48,0x68,0xC8,0x49,0x88,0x0B,0x08,0x08,0x08,0x08,0x38,0x00,0x00,0x00,0x00,0x00,0x60,0x00,0x60,0x00,0x60,0x00,0x60,
    0x3F,0xFE,0x00,0xE0,0x00,0xE0,0x01,0x60,0x02,0x60,0x04,0x60,0x18,0x60,0x30,0x60,0x00,0x60,0x01,0xC0,0x00,0x00,0x00,0x00,
    0x00,0x00,0x00,0x08,0x3E,0x08,0x22,0x08,0x2A,0x7E,0x2A,0x7E,0x2A,0x18,0x2A,0x18,0x2A,0x28,0x2A,0x28,0x2A,0x48,0x18,0xC8,
    0x16,0x88,0x33,0x08,0x60,0x18,0x00,0x00,0x00,0x00,0x7D,0xFC,0x4C,0x00,0x4D,0x64,0x7D,0x2C,0x6D,0x08,0x4C,0x20,0x7D,0xFE,
    0x7D,0xFE,0x4C,0xF8,0x4C,0xA8,0x7D,0x2C,0x47,0x26,0x00,0x20,0x00,0x20,0x00,0x00,0x00,0x00,0x3D,0xFC,0x24,0x00,0x25,0x24,
    0x25,0xA4,0x3C,0x80,0x18,0x20,0x19,0xFE,0x5D,0xFE,0x58,0x78,0x58,0xE8,0x5C,0xA4,0x73,0x26,0x42,0x20,0x00,0x20,0x00,0x00,
    0x00,0x08,0x3F,0xFC,0x31,0x08,0x11,0x08,0x19,0x98,0x09,0x10,0x01,0x00,0x7F,0xFE,0x7F,0xFE,0x07,0xC0,0x0D,0x20,0x19,0x18,
    0x71,0x0E,0x41,0x04,0x01,0x00,0x00,0x00,0x01,0x00,0x7F,0x84,0x00,0x88,0x2C,0xB0,0x25,0xA0,0x21,0x06,0x04,0x0C,0x7F,0x98,
    0x0C,0x70,0x1C,0x02,0x15,0x06,0x34,0x8C,0x64,0x30,0x44,0x60,0x04,0x00,0x00,0x00,0x04,0x20,0x7F,0xFE,0x7F,0xFE,0x04,0x20,
    0x3F,0xFC,0x11,0x08,0x19,0x98,0x08,0x90,0x01,0x80,0x7F,0xFE,0x07,0xE0,0x0D,0xB0,0x19,0x8E,0x61,0x86,0x00,0x00,0x00,0x00,
    0x00,0x00,0x04,0x20,0x7F,0xFE,0x04,0x20,0x18,0x00,0x1F,0x7C,0x23,0x4C,0x4E,0x28,0x16,0x30,0x1B,0xD8,0x30,0x0E,0x4F,0xF8,
    0x08,0x80,0x18,0x98,0x33,0x8C,0x00,0x00,0x08,0x00,0x0F,0x7C,0x28,0x48,0x7E,0x30,0x5D,0x38,0x1B,0xC4,0x26,0x60,0x1D,0xBC,
    0x7F,0xF6,0x0F,0xF0,0x08,0x10,0x0F,0xF0,0x0A,0xF0,0x0E,0x18,0x00,0x00,0x00,0x00,0x00,0x00,0x01,0x00,0x02,0x40,0x04,0x30,
    0x1F,0xF8,0x03,0x00,0x7F,0xFE,0x04,0x20,0x18,0x90,0x73,0x0E,0x0C,0x66,0x03,0x98,0x1E,0x30,0x00,0xC0,0x1F,0x00,0x00,0x00,
    0x00,0x00,0x1F,0xF8,0x01,0x00,0x03,0x00,0x3F,0xFC,0x04,0x20,0x19,0x98,0x7F,0xFE,0x49,0x98,0x09,0x98,0x0F,0xF8,0x01,0x98,
    0x01,0x9C,0x3F,0xE6,0x00,0x00,0x00,0x00,0x00,0x40,0x7E,0x58,0x7E,0x48,0x10,0x40,0x10,0xFC,0x3F,0xC0,0x24,0x42,0x64,0x7C,
    0x55,0xE4,0x1C,0x2C,0x08,0x38,0x18,0x70,0x30,0xDA,0x63,0x0E,0x00,0x00,0x00,0x00,0x00,0x00,0x11,0x00,0x11,0x1E,0x17,0xF0,
    0x12,0x10,0x7B,0x10,0x55,0x1E,0x57,0xD4,0x15,0xB4,0x11,0x24,0x11,0xE4,0x17,0x24,0x11,0x24,0x11,0x64,0x11,0x44,0x00,0x00,
    0x00,0x00,0x10,0x40,0x10,0xC8,0x11,0xFC,0x11,0x64,0x54,0x60,0x55,0xFE,0x50,0x98,0x13,0x2C,0x16,0xC2,0x11,0x90,0x10,0x64,
    0x11,0x8C,0x10,0x30,0x11,0xC0,0x10,0x00,0x00,0x00,0x08,0x20,0x18,0x20,0x18,0x20,0x18,0x20,0x5F,0x26,0x5D,0x26,0x59,0x26,
    0x51,0x26,0x11,0x26,0x19,0x26,0x1D,0x26,0x37,0x26,0x21,0xFE,0x61,0xC6,0x00,0x00,0x04,0x20,0x04,0x60,0x3F,0xFE,0x04,0x20,
    0x01,0x80,0x02,0xC0,0x0C,0x70,0x38,0x3E,0x67,0xE6,0x04,0x20,0x04,0x60,0x04,0xC0,0x04,0x0C,0x07,0xF8,0x00,0x00,0x00,0x00,
    0x10,0x30,0x10,0x30,0x3E,0x30,0x22,0x48,0x2A,0x4C,0x2A,0x86,0x23,0xFE,0x7E,0x4C,0x22,0x4C,0x3A,0x4C,0x6A,0x58,0x42,0x42,
    0x42,0x42,0x46,0x7E,0x00,0x00,0x00,0x00,0x00,0x00,0x01,0x80,0x01,0x80,0x02,0x40,0x06,0x20,0x0C,0x18,0x30,0x0E,0x6F,0xF2,
    0x0C,0x30,0x0C,0x30,0x0C,0x30,0x0C,0xE0,0x0C,0x04,0x0C,0x0C,0x07,0xF8,0x00,0x00,0x00,0x00,0x00,0x60,0x30,0x60,0x18,0xE0,
    0x00,0x90,0x41,0x08,0x73,0x0E,0x17,0xFA,0x01,0x88,0x01,0x08,0x19,0x08,0x11,0x38,0x31,0x00,0x21,0x06,0x61,0xFC,0x00,0x00,
    0x00,0x00,0x06,0x40,0x7F,0xFE,0x06,0x64,0x00,0x24,0x4F,0xFE,0x48,0x10,0x7B,0xD4,0x0A,0x94,0x7B,0xD4,0x7A,0x5C,0x2B,0xD8,
    0x5A,0x98,0x53,0xFE,0x10,0x66,0x00,0x00,0x10,0xF8,0x11,0x88,0x11,0x88,0x7C,0xF8,0x10,0x00,0x13,0xDE,0x12,0x52,0x1B,0xDE,
    0x70,0x20,0x13,0xFE,0x10,0xF0,0x11,0xB8,0x13,0x2E,0x76,0x22,0x00,0x00,0x00,0x00,0x00,0x00,0x10,0x18,0x55,0x58,0x55,0x7C,
    0x7C,0x58,0x10,0x18,0x7C,0x7E,0x33,0x00,0x31,0x00,0x3D,0x3C,0x35,0x24,0x51,0x24,0x51,0x3C,0x13,0x80,0x16,0x7E,0x00,0x00,
    0x10,0xD0,0x13,0xFE,0x10,0xD0,0x7B,0xFC,0x32,0xD4,0x33,0xFC,0x3A,0xD4,0x3F,0xFC,0x70,0x00,0x53,0xFC,0x13,0x04,0x13,0xFC,
    0x13,0x0C,0x13,0xFC,0x00,0x00,0x00,0x00,0x02,0x40,0x7F,0xFE,0x02,0x60,0x1F,0xFC,0x32,0x44,0x3F,0xFC,0x32,0x44,0x3F,0xFC,
    0x00,0x00,0x1F,0xF8,0x10,0x08,0x1F,0xF8,0x18,0x08,0x1F,0xF8,0x00,0x08,0x00,0x00,0x04,0x20,0x04,0x60,0x7F,0xFE,0x04,0x20,
    0x1F,0xF8,0x10,0x08,0x10,0x18,0x1F,0xF8,0x10,0x08,0x1F,0xF8,0x01,0x80,0x7F,0xFE,0x01,0x80,0x01,0x80,0x00,0x00,0x00,0x00,
    0x3F,0xFE,0x3F,0xFE,0x20,0x00,0x2F,0xC4,0x2C,0x54,0x2F,0x54,0x2F,0x54,0x2E,0x54,0x2E,0x54,0x2E,0x54,0x22,0x14,0x62,0x84,
    0x44,0xC4,0x48,0x4C,0x00,0x08,0x00,0x00,0x00,0x00,0x18,0x20,0x3F,0x7E,0x6C,0xD8,0x44,0x90,0x01,0x80,0x7F,0xFE,0x01,0x80,
    0x1F,0xF8,0x11,0x8C,0x11,0x88,0x13,0xD8,0x05,0xE0,0x19,0x9C,0x71,0x8E,0x00,0x00,0x10,0x02,0x17,0xC6,0x34,0x56,0x24,0x56,
    0x25,0x56,0x65,0x56,0x65,0x56,0x25,0x56,0x25,0x56,0x27,0x56,0x22,0x16,0x22,0x86,0x26,0x46,0x2C,0x4E,0x00,0x00,0x00,0x00,
    0x00,0x00,0x1E,0x7C,0x12,0x4C,0x12,0x4C,0x12,0x4C,0x12,0x4C,0x32,0x4C,0x7F,0xFE,0x12,0x4C,0x32,0x4C,0x32,0x4C,0x22,0xCC,
    0x22,0x88,0x66,0x98,0x00,0x00,0x00,0x00,0x00,0x02,0x27,0xC6,0x14,0x56,0x04,0x56,0x45,0x56,0x65,0x56,0x25,0x56,0x05,0x56,
    0x15,0x56,0x37,0x56,0x22,0x16,0x22,0x86,0x46,0x46,0x4C,0x4E,0x00,0x00,0x00,0x00,0x1F,0xF8,0x1F,0xFC,0x10,0x0C,0x1F,0xFC,
    0x10,0x00,0x10,0x00,0x37,0xF8,0x30,0x00,0x30,0x00,0x2F,0xFE,0x21,0x80,0x21,0x10,0x62,0x08,0x47,0xFC,0x00,0x00,0x00,0x00,
    0x00,0x00,0x00,0xCC,0x3C,0x48,0x65,0xFE,0x45,0x22,0x45,0xAE,0x7D,0x6A,0x19,0x32,0x19,0xFE,0x5C,0x00,0x58,0xFC,0x58,0x84,
    0x5C,0xFC,0x7C,0x84,0x60,0xFC,0x00,0x00,0x10,0x0C,0x13,0xF8,0x10,0x20,0x78,0x60,0x13,0xFE,0x10,0x20,0x11,0xAC,0x3A,0x26,
    0x72,0x26,0x13,0xAE,0x12,0x26,0x12,0x26,0x13,0xFE,0x73,0x06,0x02,0x00,0x00,0x00,0x00,0x00,0x3F,0xF8,0x18,0x18,0x08,0x18,
    0x09,0x10,0x0D,0xB0,0x04,0x20,0x06,0x60,0x02,0x40,0x03,0xC0,0x01,0x80,0x07,0xC0,0x1C,0x78,0x70,0x0E,0x00,0x00,0x00,0x00,
    0x04,0x20,0x04,0x20,0x3F,0xFC,0x04,0x20,0x01,0x00,0x7F,0xFE,0x06,0x00,0x0C,0x60,0x18,0x60,0x3B,0xFC,0x68,0x60,0x08,0x60,
    0x08,0x60,0x0B,0xFE,0x00,0x00,0x00,0x00,0x04,0x20,0x0C,0x20,0x3F,0xFE,0x05,0xA0,0x01,0x80,0x06,0x40,0x0C,0x30,0x39,0x9E,
    0x6F,0xF2,0x0F,0xF0,0x01,0x80,0x1D,0xB0,0x31,0x8C,0x23,0x04,0x00,0x00,0x00,0x00,0x01,0x00,0x01,0x80,0x3F,0xFC,0x07,0xE0,
    0x0D,0xB0,0x19,0x9C,0x71,0x8E,0x0F,0xF0,0x08,0x10,0x0F,0xF0,0x08,0x10,0x0F,0xF0,0x00,0x00,0x7F,0xFE,0x00,0x00,0x00,0x00,
    0x00,0x20,0x3C,0x20,0x19,0xFE,0x10,0x70,0x10,0xA8,0x31,0xA6,0x3D,0x02,0x64,0xFC,0x64,0x84,0x24,0xFC,0x24,0x84,0x3C,0xFC,
    0x24,0x00,0x21,0xFE,0x00,0x00,0x00,0x00,0x10,0x88,0x10,0x98,0x13,0xFE,0x18,0x88,0x78,0x60,0x10,0x70,0x10,0x98,0x3B,0x26,
    0x72,0x22,0x11,0xFC,0x10,0x20,0x11,0x2C,0x13,0x26,0x32,0x60,0x00,0x00,0x00,0x00,0x00,0x00,0x01,0x00,0x3F,0xFC,0x28,0x04,
    0x28,0x44,0x1F,0x7C,0x32,0x48,0x2E,0x78,0x17,0xF0,0x18,0x18,0x38,0x0E,0x0F,0xF0,0x01,0x80,0x0D,0xB0,0x33,0x8C,0x00,0x00,
    0x00,0x00,0x04,0x40,0x04,0x60,0x08,0x30,0x10,0x18,0x7F,0xFE,0x46,0x12,0x04,0x10,0x0C,0x30,0x38,0x60,0x01,0x80,0x11,0x88,
    0x11,0x88,0x11,0x88,0x1F,0xF8,0x00,0x08,0x00,0x00,0x04,0x20,0x06,0x20,0x3F,0xFC,0x01,0x00,0x01,0x00,0x1F,0xFC,0x02,0x00,
    0x7F,0xFE,0x04,0x00,0x0C,0x00,0x1F,0xF8,0x30,0x40,0x60,0x40,0x0F,0xFE,0x00,0x00,0x00,0x00,0x00,0x40,0x30,0x60,0x13,0xFC,
    0x02,0x06,0x02,0x06,0x70,0x78,0x13,0xE0,0x10,0x40,0x10,0x6E,0x13,0xF0,0x10,0x40,0x14,0x40,0x18,0x42,0x30,0x7E,0x00,0x00,
    0x10,0x00,0x10,0xFC,0x11,0x80,0x7D,0x80,0x19,0x80,0x11,0xFE,0x11,0x90,0x1D,0x10,0x79,0x70,0x11,0x38,0x11,0x1C,0x11,0x16,
    0x13,0x10,0x32,0x10,0x00,0x00,0x00,0x00,0x04,0x40,0x04,0x44,0x24,0x5C,0x27,0x60,0x24,0x40,0x24,0x42,0x7F,0x7E,0x00,0x00,
    0x01,0x80,0x7F,0xFE,0x03,0xE0,0x0D,0xB0,0x39,0x9E,0x61,0x86,0x00,0x00,0x00,0x00,0x00,0x00,0x06,0x08,0x0C,0x08,0x38,0x08,
    0x6F,0xEE,0x26,0xFE,0x1C,0x18,0x34,0x18,0x4E,0x28,0x12,0x68,0x67,0x48,0x49,0xC8,0x33,0x08,0x62,0x08,0x0E,0x18,0x00,0x00,
    0x00,0x00,0x10,0x80,0x10,0xF0,0x11,0x90,0x79,0x30,0x13,0xFC,0x12,0x24,0x13,0xFC,0x38,0x70,0x70,0xD2,0x13,0x9E,0x12,0x70,
    0x10,0x18,0x10,0xE0,0x70,0x38,0x00,0x00,0x00,0x00,0x10,0x40,0x10,0x98,0x11,0xFC,0x79,0xE4,0x30,0x60,0x13,0xFE,0x10,0x98,
    0x3B,0x2E,0x76,0xC2,0x11,0x98,0x10,0x64,0x11,0xCC,0x30,0x30,0x63,0xC0,0x02,0x00,0x00,0x00,0x10,0xC8,0x10,0x48,0x10,0x10,
    0x7C,0xFE,0x54,0xB6,0x54,0xB6,0x54,0xFE,0x7C,0xB6,0x50,0xFE,0x50,0x30,0x16,0x30,0x1F,0xFE,0x62,0x30,0x00,0x30,0x00,0x00,
    0x00,0x00,0x10,0xC0,0x11,0xF8,0x31,0x10,0x3C,0x10,0x4F,0xFE,0x42,0x26,0x13,0xFE,0x10,0x50,0x10,0x92,0x13,0x1E,0x10,0xC0,
    0x1C,0x38,0x18,0x80,0x30,0x78,0x00,0x08,0x00,0x00,0x01,0x80,0x23,0xF0,0x36,0x30,0x04,0x60,0x03,0xFC,0x62,0x44,0x23,0xFC,
    0x20,0xF0,0x21,0xB2,0x27,0x1E,0x24,0xE0,0x38,0x10,0x31,0xC0,0x20,0x30,0x00,0x00,0x00,0x00,0x10,0x20,0x30,0x30,0x23,0xFE,
    0x22,0x00,0x4A,0xFE,0x7A,0x96,0x12,0xFE,0x22,0x96,0x22,0xFE,0x7A,0x10,0x02,0x10,0x3E,0xFC,0x64,0x10,0x05,0xFE,0x00,0x00,
    0x00,0x00,0x10,0x30,0x10,0x30,0x3D,0xFE,0x20,0x08,0x40,0x48,0x7C,0x48,0x10,0xFE,0x11,0x80,0x7D,0x80,0x11,0x00,0x11,0x00,
    0x1D,0x00,0x19,0x00,0x12,0x00,0x02,0x00,0x00,0x00,0x01,0x80,0x00,0x80,0x1F,0xFC,0x04,0x10,0x06,0x10,0x02,0x30,0x1F,0xFE,
    0x10,0x00,0x30,0x00,0x30,0x00,0x20,0x00,0x20,0x00,0x60,0x00,0x40,0x00,0x00,0x00,0x00,0x00,0x30,0x00,0x13,0xFC,0x00,0x04,
    0x46,0x44,0x4F,0xE4,0x4D,0xB4,0x4F,0xF4,0x4D,0xB4,0x4F,0xF4,0x41,0x84,0x41,0x84,0x5F,0xF4,0x41,0x04,0x41,0x1C,0x00,0x00,
    0x08,0x00,0x7F,0x7E,0x00,0x10,0x7F,0x3C,0x5D,0x46,0x55,0x46,0x41,0x56,0x7F,0x56,0x3E,0x56,0x63,0x56,0x7F,0x50,0x7F,0x30,
    0x03,0x64,0x78,0xC2,0x00,0x00,0x00,0x00,0x1F,0xF8,0x18,0x08,0x18,0x08,0x1F,0xF8,0x10,0x08,0x1F,0xF8,0x00,0x00,0x3F,0xFC,
    0x20,0x04,0x20,0x04,0x3F,0xFC,0x20,0x04,0x3F,0xFC,0x30,0x04,0x00,0x00,0x00,0x00,0x00,0x00,0x04,0xFC,0x2D,0x84,0x19,0x84,
    0x39,0xFC,0x69,0x04,0x09,0xFC,0x18,0x00,0x1D,0xFE,0x2D,0x06,0x4D,0x02,0x0D,0xFE,0x09,0x02,0x09,0xFE,0x31,0x06,0x00,0x00,
    0x11,0xFC,0x11,0xFC,0x10,0x10,0x10,0x20,0x7C,0x40,0x11,0xFE,0x11,0xDE,0x10,0xD2,0x10,0x92,0x15,0xB2,0x1F,0x22,0x62,0x66,
    0x00,0xC6,0x01,0x8C,0x00,0x00,0x00,0x00,0x00,0x00,0x11,0x98,0x09,0x90,0x09,0xB0,0x7F,0xFE,0x60,0x02,0x4F,0xF2,0x00,0x00,
    0x00,0x00,0x7F,0xFE,0x02,0x00,0x04,0x30,0x08,0x18,0x1F,0xFC,0x00,0x00,0x00,0x00,0x01,0x80,0x19,0x90,0x09,0xB0,0x7F,0xFE,
    0x60,0x02,0x4F,0xF2,0x08,0x10,0x0F,0xF0,0x01,0x80,0x1F,0xF8,0x3F,0xFC,0x31,0x84,0x31,0x8C,0x01,0x98,0x00,0x00,0x00,0x00,
    0x0C,0x00,0x0C,0x30,0x0C,0x60,0x0C,0xC0,0x0D,0x80,0x0C,0x00,0x7F,0xFE,0x0C,0x80,0x0C,0xC0,0x0C,0x40,0x0C,0x20,0x0D,0xB8,
    0x0E,0x0C,0x0C,0x04,0x00,0x00,0x00,0x00,0x00,0x00,0x08,0x40,0x1A,0x44,0x13,0x48,0x10,0x40,0x37,0xFE,0x34,0x02,0x55,0xFA,
    0x10,0x00,0x10,0x00,0x17,0xFE,0x10,0x80,0x11,0x18,0x13,0x0C,0x13,0xFC,0x10,0x00,0x00,0x00,0x3D,0xFC,0x24,0x08,0x24,0x30,
    0x3C,0x60,0x24,0xC0,0x25,0xFE,0x24,0x56,0x3C,0xD6,0x25,0xB4,0x67,0x24,0x44,0x64,0x44,0xC4,0x4D,0x9C,0x01,0x00,0x00,0x00,
    0x00,0x00,0x1F,0xFE,0x30,0x00,0x10,0x00,0x10,0x00,0x10,0x00,0x10,0x00,0x10,0x00,0x10,0x00,0x30,0x00,0x30,0x00,0x20,0x00,
    0x60,0x00,0x60,0x00,0x00,0x00,0x00,0x00,0x00,0x00,0x08,0x30,0x49,0x20,0x69,0x20,0x2A,0x3E,0x08,0x44,0x7F,0xC4,0x41,0xE4,
    0x5D,0x24,0x55,0x28,0x55,0x38,0x5D,0x18,0x41,0x18,0x41,0x2C,0x43,0xC2,0x00,0x00,0x00,0x00,0x18,0x00,0x18,0xFE,0x7E,0x0C,
    0x7E,0x10,0x5A,0x60,0x5A,0xFE,0x7E,0xFA,0x5A,0x4A,0x5A,0x5A,0x7E,0x92,0x5B,0xB2,0x19,0x22,0x18,0xC6,0x18,0x8C,0x00,0x00,
    0x00,0x00,0x01,0xFC,0x79,0x04,0x69,0xFC,0x69,0x04,0x69,0xFC,0x68,0x00,0x6B,0xFE,0x6B,0x02,0x7B,0x02,0x6B,0xFE,0x63,0x02,
    0x03,0xFE,0x03,0x02,0x00,0x00,0x00,0x00,0x00,0x00,0x08,0x00,0x19,0xFC,0x11,0x04,0x31,0xFC,0x31,0x04,0x71,0xFC,0x51,0xFC,
    0x10,0x00,0x13,0xFE,0x12,0x06,0x13,0xFE,0x12,0x06,0x13,0x06,0x13,0xFE,0x12,0x00,0x08,0x00,0x08,0xFE,0x3E,0x26,0x08,0x24,
    0x08,0x44,0x7F,0xCC,0x0C,0x80,0x0C,0x7C,0x2E,0x44,0x2C,0x44,0x2C,0x44,0x7C,0x7C,0x4C,0x00,0x47,0xFE,0x00,0x00,0x00,0x00,
    0x10,0x20,0x10,0x20,0x10,0x20,0x7C,0x2C,0x19,0xA4,0x11,0x26,0x11,0x22,0x1F,0x20,0x73,0x26,0x50,0x2C,0x10,0x18,0x10,0x30,
    0x10,0xE0,0x73,0x80,0x00,0x00,0x00,0x00,0x00,0x00,0x10,0x20,0x30,0x20,0x3E,0x20,0x60,0xAC,0x40,0xA4,0x7C,0xA2,0x11,0xA2,
    0x11,0x20,0x7D,0x26,0x10,0x24,0x10,0x08,0x1E,0x18,0x18,0x60,0x13,0xC0,0x00,0x00,0x0C,0x00,0x0C,0x7E,0x7F,0x46,0x0C,0x46,
    0x3F,0x66,0x21,0x7E,0x3F,0x46,0x21,0x46,0x3F,0x7E,0x0C,0x66,0x0C,0x46,0x7F,0xC6,0x0C,0x84,0x0D,0x8C,0x00,0x00,0x00,0x00,
    0x01,0x00,0x71,0x1E,0x57,0xD2,0x51,0x12,0x57,0xDE,0x56,0x56,0x57,0xD2,0x56,0x52,0x57,0xDE,0x71,0x12,0x51,0x12,0x47,0xF2,
    0x01,0x22,0x01,0x6E,0x00,0x00,0x00,0x00,0x00,0x00,0x03,0x00,0x33,0x1E,0x0F,0xD2,0x03,0x12,0x47,0x9E,0x64,0x92,0x07,0x92,
    0x04,0x92,0x07,0x9E,0x23,0x32,0x23,0x22,0x6F,0xE2,0x43,0x62,0x43,0x4E,0x00,0x00,0x00,0x00,0x09,0x88,0x11,0x18,0x19,0x98,
    0x08,0x8C,0x1F,0xF8,0x11,0x88,0x1F,0xF8,0x11,0x88,0x1F,0xF8,0x01,0x80,0x7F,0xFE,0x07,0xE0,0x0D,0xB8,0x71,0x8E,0x00,0x00,
    0x00,0x20,0x00,0x20,0x7C,0x20,0x4D,0x2C,0x4D,0xA4,0x4D,0x26,0x4D,0x22,0x4F,0x20,0x4E,0x26,0x7C,0x2C,0x4C,0x18,0x40,0x30,
    0x00,0xE0,0x03,0x80,0x00,0x00,0x00,0x00,0x00,0x00,0x18,0x20,0x18,0x20,0x18,0x20,0x5A,0x2C,0x5D,0xA4,0x59,0x26,0x59,0x22,
    0x11,0x20,0x1B,0x26,0x1C,0x2C,0x16,0x18,0x20,0x30,0x20,0xE0,0x03,0x80,0x00,0x00,0x00,0x00,0x01,0x00,0x03,0x00,0x3F,0xFC,
    0x06,0x00,0x04,0x80,0x08,0x80,0x18,0x80,0x1F,0xFC,0x00,0x80,0x00,0x80,0x7F,0xFE,0x00,0x80,0x00,0x80,0x00,0x80,0x00,0x80,
    0x10,0x10,0x10,0x30,0x10,0x30,0x18,0x30,0x7D,0xB0,0x11,0xBC,0x11,0xB0,0x1D,0xB0,0x79,0xB0,0x51,0xB0,0x11,0xB0,0x11,0xB0,
    0x13,0xFE,0x33,0xFE,0x20,0x00,0x00,0x00,0x00,0x00,0x31,0x08,0x31,0x18,0x37,0xD8,0x7A,0x1E,0x32,0xD4,0x37,0xF4,0x30,0x34,
    0x37,0xD4,0x76,0xD4,0x36,0xDC,0x37,0xCC,0x36,0xCC,0x34,0x5C,0x64,0xF2,0x00,0x00,0x00,0x00,0x34,0x04,0x3F,0xA4,0x24,0x34,
    0x7F,0xB4,0x04,0x34,0x3F,0x84,0x25,0x8C,0x04,0x08,0x3F,0xFC,0x00,0x80,0x1F,0xF8,0x01,0x80,0x7F,0xFE,0x01,0x80,0x01,0x00,
    0x00,0x00,0x1B,0x00,0x33,0x7E,0x63,0x12,0x0B,0x92,0x1B,0x12,0x13,0x12,0x33,0x12,0x73,0xF2,0x13,0xA2,0x13,0x22,0x10,0x46,
    0x10,0xCE,0x11,0x8C,0x00,0x00,0x00,0x00,0x00,0x00,0x02,0x10,0x62,0x10,0x3F,0x90,0x04,0x3E,0x05,0xA4,0x4F,0xE4,0x20,0x64,
    0x0F,0xA4,0x0F,0xA8,0x3C,0x98,0x2F,0x98,0x6C,0x98,0x4C,0xBC,0x4D,0xE6,0x00,0x00,0x00,0x00,0x11,0x80,0x11,0x9E,0x11,0x92,
    0x7B,0xD4,0x19,0x94,0x19,0x94,0x3D,0xD4,0x37,0xF4,0x73,0x92,0x57,0x92,0x1D,0x92,0x11,0x96,0x11,0x90,0x11,0x90,0x10,0x10,
    0x00,0x00,0x00,0x00,0x3F,0xFC,0x20,0x80,0x20,0x80,0x20,0x80,0x3F,0xFC,0x20,0x0C,0x20,0x0C,0x30,0x0C,0x3F,0xF8,0x20,0x80,
    0x20,0x80,0x30,0xC0,0x3F,0xFE,0x00,0x00,0x00,0x00,0x1F,0xFC,0x10,0x00,0x10,0x00,0x13,0xF8,0x10,0x00,0x10,0x00,0x1F,0xFE,
    0x36,0xC8,0x36,0x48,0x26,0x70,0x26,0x30,0x67,0x9C,0x47,0x06,0x00,0x00,0x00,0x00,0x00,0x00,0x01,0x80,0x01,0x80,0x19,0x90,
    0x11,0x98,0x31,0x8C,0x61,0x86,0x40,0x00,0x01,0x80,0x01,0x80,0x3F,0xFC,0x01,0x80,0x01,0x80,0x01,0x80,0x7F,0xFE,0x00,0x00,
    0x1F,0xF8,0x18,0x08,0x1F,0xF8,0x18,0x08,0x1F,0xF8,0x00,0x00,0x3F,0xFC,0x37,0xF8,0x30,0x00,0x3F,0xFE,0x34,0x88,0x24,0x78,
    0x27,0x30,0x67,0x1E,0x00,0x00,0x00,0x00,0x10,0x20,0x10,0x20,0x10,0x20,0x11,0xFE,0x51,0x26,0x5F,0x26,0x56,0x60,0x50,0x70,
    0x10,0x70,0x10,0xD0,0x10,0x90,0x11,0x90,0x13,0x12,0x12,0x1E,0x00,0x00,0x00,0x00,0x00,0x00,0x37,0xFE,0x16,0x06,0x04,0x06,
    0x00,0x00,0x61,0xF0,0x31,0x90,0x01,0x90,0x09,0x90,0x19,0x10,0x11,0x10,0x31,0x12,0x62,0x12,0x66,0x1E,0x00,0x00,0x00,0x00,
    0x00,0x00,0x00,0x40,0x7C,0x40,0x4C,0xC0,0x4B,0xFE,0x48,0x80,0x59,0x20,0x59,0x20,0x4B,0xFE,0x4C,0x30,0x4C,0x20,0x59,0xA4,
    0x41,0x26,0x42,0x22,0x40,0x60,0x00,0x00,0x00,0x00,0x08,0x30,0x08,0x30,0x3E,0x58,0x3E,0xCC,0x09,0x96,0x0C,0x30,0x7E,0xC8,
    0x0C,0x18,0x2C,0x64,0x2E,0x4C,0x2C,0x38,0x7C,0xE0,0x4C,0x00,0x43,0xFE,0x00,0x00,0x00,0x00,0x08,0x08,0x08,0x08,0x00,0x08,
    0x7C,0x08,0x0C,0xFE,0x08,0x08,0x1A,0x08,0x3E,0x48,0x6E,0x48,0x4A,0x68,0x08,0x08,0x08,0x08,0x08,0x08,0x08,0x18,0x00,0x10,
    0x10,0x24,0x11,0xAC,0x13,0xFE,0x7A,0x02,0x12,0xFA,0x10,0x88,0x10,0xF8,0x38,0x0C,0x71,0xE0,0x11,0xFC,0x10,0x20,0x17,0xFE,
    0x10,0x20,0x70,0x60,0x00,0x00,0x00,0x00,0x00,0x00,0x00,0x40,0x3E,0xC0,0x38,0xC0,0x08,0xFE,0x08,0x84,0x7F,0x24,0x18,0x20,
    0x3C,0x20,0x3C,0xAC,0x29,0xA4,0x49,0x26,0x4B,0x22,0x08,0x20,0x08,0x60,0x00,0x40,0x00,0x00,0x00,0x28,0x30,0x24,0x30,0x24,
    0x33,0xFE,0x7A,0x20,0x32,0x24,0x33,0xE4,0x32,0xF4,0x32,0x94,0x32,0x98,0x3E,0x98,0x65,0x98,0x0C,0x3E,0x08,0x66,0x00,0x00,
    0x10,0x04,0x13,0xF8,0x10,0x90,0x7F,0x96,0x31,0xFC,0x33,0x6C,0x36,0x02,0x39,0xFC,0x79,0x0C,0x51,0xFC,0x11,0x98,0x11,0x88,
    0x10,0x90,0x17,0xFE,0x00,0x00,0x00,0x00,0x00,0x00,0x00,0x58,0x00,0x4C,0x00,0x40,0x3F,0xFE,0x30,0x40,0x30,0x40,0x3E,0x4C,
    0x32,0x48,0x22,0x78,0x22,0x30,0x22,0x30,0x26,0x72,0x6C,0xDA,0x43,0x0E,0x00,0x00,0x00,0x00,0x1F,0xF8,0x18,0x18,0x18,0x18,
    0x1F,0xF8,0x00,0x00,0x00,0x00,0x3F,0xFC,0x01,0x80,0x01,0x80,0x1F,0xF8,0x01,0x80,0x01,0x80,0x7F,0xFE,0x00,0x00,0x00,0x00,
    0x00,0x38,0x3F,0xE0,0x01,0x80,0x7F,0xFE,0x01,0x80,0x0D,0xA4,0x7D,0xB8,0x0D,0xB0,0x3D,0xB6,0x67,0xFC,0x07,0xA0,0x0D,0x98,
    0x31,0x8E,0x61,0x80,0x00,0x00,0x00,0x00,0x00,0x00,0x0C,0x00,0x78,0xFE,0x18,0x86,0x18,0x86,0x7C,0xFE,0x7C,0x00,0x18,0x00,
    0x1D,0xFE,0x3E,0x30,0x7A,0x30,0x58,0xFC,0x18,0x30,0x18,0x30,0x1B,0xFE,0x00,0x00,0x00,0x00,0x08,0x00,0x1B,0xFC,0x20,0x20,
    0x48,0x20,0x19,0x3C,0x31,0x20,0x71,0x20,0x13,0x60,0x17,0xFE,0x10,0x80,0x24,0x8C,0x24,0x86,0x64,0x12,0x07,0xF0,0x00,0x00,
    0x00,0x00,0x20,0x08,0x37,0xB8,0x10,0xB0,0x07,0x14,0x43,0x18,0x62,0xEC,0x0C,0x06,0x0B,0xF8,0x02,0x08,0x33,0xF8,0x31,0x10,
    0x21,0x10,0x21,0x10,0x6F,0xFE,0x00,0x00,0x00,0x00,0x00,0x28,0x20,0x2C,0x30,0x60,0x07,0xFE,0x06,0x20,0x66,0x24,0x27,0xA4,
    0x26,0xAC,0x26,0xB8,0x24,0x98,0x3C,0x98,0x35,0xBA,0x24,0x6E,0x0C,0xC6,0x00,0x00,0x00,0x00,0x1F,0xF0,0x00,0x60,0x00,0xC0,
    0x01,0x80,0x7B,0xF6,0x09,0xB8,0x09,0x90,0x1B,0xD0,0x11,0x98,0x37,0xE8,0x21,0x8C,0x61,0x86,0x03,0x00,0x02,0x00,0x00,0x00,
    0x20,0x00,0x23,0xFC,0x13,0x0C,0x03,0xFC,0x00,0x00,0x70,0x00,0x33,0xFC,0x10,0x40,0x13,0xFC,0x10,0x60,0x10,0x60,0x17,0xFE,
    0x3C,0x00,0x47,0xFE,0x00,0x00,0x00,0x00,0x00,0x20,0x7C,0x30,0x0D,0xFC,0x29,0x24,0x29,0xFC,0x29,0x24,0x29,0xFC,0x7C,0x00,
    0x07,0xFE,0x04,0xC0,0x74,0xFC,0x04,0x04,0x04,0x04,0x1C,0x3C,0x00,0x00,0x00,0x00,0x04,0x00,0x7D,0xFE,0x18,0x30,0x19,0xB6,
    0x18,0xB4,0x7E,0xB4,0x18,0xB8,0x1C,0x30,0x3F,0xFE,0x3A,0x30,0x58,0x30,0x58,0x30,0x18,0x30,0x18,0x30,0x00,0x00,0x00,0x00,
    0x00,0x00,0x00,0x80,0x78,0x80,0x49,0xFE,0x4B,0x00,0x4E,0x00,0x49,0xF8,0x48,0x10,0x48,0x20,0x78,0x40,0x48,0x80,0x41,0x82,
    0x41,0x02,0x01,0xFC,0x00,0x00,0x00,0x00,0x00,0x40,0x00,0x40,0x1F,0xFE,0x12,0x00,0x52,0x00,0x37,0xDE,0x15,0x12,0x11,0x12,
    0x77,0xD2,0x51,0x92,0x11,0x92,0x13,0xDE,0x32,0x7E,0x64,0x12,0x00,0x00,0x00,0x00,0x10,0x20,0x10,0x20,0x11,0xFC,0x7C,0x60,
    0x7C,0x20,0x10,0x60,0x13,0xFE,0x1C,0x08,0x79,0xFE,0x50,0x18,0x11,0x08,0x11,0x88,0x10,0x88,0x30,0x38,0x00,0x00,0x00,0x00,
    0x00,0x00,0x3F,0x20,0x31,0x20,0x3F,0x26,0x31,0x2C,0x3F,0x30,0x00,0x20,0x7F,0xA0,0x04,0x20,0x27,0x22,0x27,0x3E,0x34,0x00,
    0x7C,0x00,0x47,0xFE,0x00,0x00,0x00,0x00,0x00,0x00,0x30,0x60,0x18,0x60,0x03,0x60,0x03,0x7C,0x63,0xE4,0x37,0x64,0x03,0x64,
    0x03,0x64,0x13,0x7C,0x33,0x60,0x23,0x02,0x63,0x02,0x61,0xFE,0x00,0x00,0x00,0x00,0x00,0x00,0x31,0xFC,0x11,0x04,0x11,0x04,
    0x01,0x04,0x01,0xFC,0x71,0x04,0x11,0x20,0x13,0x30,0x12,0x18,0x16,0x0C,0x14,0x00,0x3E,0x00,0x63,0xFE,0x00,0x00,0x00,0x00,
    0x00,0x20,0x7C,0x20,0x0D,0x20,0x0D,0x20,0x7D,0x3C,0x61,0xF4,0x43,0xA4,0x61,0x24,0x7D,0x24,0x0D,0x2C,0x0D,0x20,0x0D,0x22,
    0x09,0x02,0x39,0xFE,0x00,0x00,0x00,0x00,0x00,0x00,0x7C,0x30,0x0C,0xB0,0x04,0xB4,0x24,0xBC,0x2C,0xF4,0x2F,0xB4,0x3C,0xB4,
    0x06,0xB4,0x06,0xBC,0x7C,0xB0,0x04,0x82,0x04,0x82,0x1C,0xFE,0x00,0x00,0x00,0x00,0x00,0x10,0x7F,0x10,0x26,0x10,0x26,0x10,
    0x3E,0xD0,0x3E,0xDE,0x26,0xD0,0x26,0xD0,0x3E,0xD0,0x26,0xD0,0x27,0xD0,0x3E,0xD0,0x66,0xD8,0x06,0xFE,0x00,0x00,0x00,0x00,
    0x00,0x80,0x08,0x80,0x08,0xFC,0x08,0x80,0x08,0x80,0x7F,0xFE,0x00,0x00,0x11,0x88,0x11,0x8C,0x13,0xCC,0x16,0x6C,0x14,0x3C,
    0x10,0x0C,0x1F,0xFC,0x00,0x00,0x00,0x00,0x00,0x00,0x08,0xC0,0x18,0x80,0x19,0xFC,0x33,0x08,0x32,0xD0,0x70,0x60,0x51,0xE0,
    0x17,0x60,0x10,0xFE,0x11,0x84,0x11,0x4C,0x10,0x78,0x10,0x70,0x17,0xC0,0x00,0x00,0x00,0x00,0x1F,0xFC,0x18,0x0C,0x18,0x0C,
    0x18,0x0C,0x1F,0xFC,0x18,0x8C,0x10,0x80,0x10,0xC0,0x10,0x40,0x30,0x60,0x20,0x30,0x60,0x1C,0x60,0x0E,0x00,0x00,0x00,0x00,
    0x01,0x80,0x01,0x80,0x3F,0xFC,0x01,0x80,0x01,0x80,0x7F,0xFE,0x06,0x60,0x06,0x20,0x36,0x28,0x24,0x2C,0x64,0x26,0x0C,0x22,
    0x18,0x60,0x30,0xE0,0x00,0x00,0x00,0x00,0x10,0x00,0x11,0xDE,0x7C,0x42,0x7C,0x52,0x11,0x5A,0x11,0x4A,0x7C,0x46,0x04,0xCE,
    0x27,0x7A,0x28,0x42,0x18,0x46,0x18,0xCC,0x3E,0x00,0x63,0xFE,0x00,0x00,0x00,0x00,0x00,0x00,0x03,0xF8,0x1E,0x00,0x10,0x00,
    0x10,0x00,0x1F,0xFE,0x10,0x40,0x10,0x40,0x13,0xC0,0x30,0xE0,0x30,0x78,0x20,0x4C,0x60,0x40,0x40,0x40,0x00,0x00,0x00,0x00,
    0x00,0x00,0x18,0x00,0x19,0xFC,0x19,0x84,0x5F,0x84,0x5D,0x84,0x59,0x84,0x59,0x84,0x51,0xFC,0x10,0x00,0x18,0x00,0x1C,0xC8,
    0x36,0x8C,0x21,0x06,0x63,0x02,0x00,0x00,0x01,0x00,0x01,0x80,0x3F,0xFC,0x02,0x00,0x06,0x20,0x0C,0x10,0x1F,0xF8,0x1E,0x4C,
    0x06,0x40,0x04,0x40,0x04,0x40,0x0C,0x42,0x18,0x46,0x30,0x7C,0x00,0x00,0x00,0x00,0x00,0x60,0x00,0x60,0x60,0x60,0x33,0xFE,
    0x12,0x66,0x02,0x66,0x02,0x66,0x02,0x66,0x1B,0xFE,0x12,0x66,0x30,0x60,0x60,0x60,0x40,0x60,0x00,0x60,0x00,0x00,0x00,0x00,
    0x01,0x00,0x01,0x00,0x01,0x00,0x3F,0xF8,0x31,0x88,0x21,0x08,0x21,0x08,0x21,0x08,0x3F,0xF8,0x21,0x08,0x01,0x08,0x01,0x0C,
    0x01,0xFC,0x7F,0xC6,0x00,0x00,0x00,0x00,0x01,0x80,0x21,0x84,0x3F,0xFC,0x01,0x00,0x01,0x80,0x7F,0xFE,0x60,0x06,0x0F,0xF4,
    0x00,0x00,0x7F,0xFC,0x01,0x80,0x09,0x90,0x19,0x98,0x63,0x86,0x02,0x00,0x00,0x00,0x01,0x00,0x01,0x80,0x3F,0xFC,0x22,0x04,
    0x22,0x24,0x02,0x10,0x7F,0xFE,0x06,0xC0,0x02,0xC8,0x04,0xD8,0x0C,0xF0,0x08,0xC0,0x31,0xC6,0x66,0x7C,0x00,0x00,0x00,0x00,
    0x10,0x20,0x10,0x20,0x10,0x20,0x7D,0xFE,0x19,0x26,0x11,0x26,0x11,0x26,0x1D,0xFE,0x71,0x36,0x11,0x26,0x11,0x26,0x11,0x26,
    0x11,0xFE,0x31,0x06,0x00,0x00,0x00,0x00,0x00,0x02,0x7E,0x42,0x18,0x52,0x1C,0x52,0x7E,0x5A,0x5A,0xFA,0x5A,0xFE,0x67,0x7E,
    0x67,0x52,0x42,0x52,0x7E,0x52,0x42,0x92,0x7E,0x92,0x43,0x82,0x00,0x00,0x00,0x00,0x00,0x20,0x00,0x20,0x7F,0xFE,0x52,0x20,
    0x52,0xFC,0x5E,0x20,0x7F,0xFE,0x52,0x4C,0x52,0x4C,0x52,0xFE,0x7E,0x8C,0x43,0x6C,0x43,0x08,0x00,0x18,0x00,0x00,0x00,0x00,
    0x00,0x00,0x00,0x20,0x7C,0x30,0x65,0xFE,0x64,0x20,0x65,0xFC,0x3C,0x60,0x09,0xFE,0x28,0x4C,0x6E,0xCC,0x68,0xFE,0x69,0x8C,
    0x6B,0x4C,0x7C,0x08,0x60,0x18,0x00,0x00,0x0C,0x00,0x79,0xFE,0x11,0x22,0x11,0x32,0x7D,0x7A,0x7D,0x22,0x11,0xFA,0x3D,0x02,
    0x3D,0x7A,0x71,0x4A,0x51,0x4A,0x12,0x7A,0x12,0x02,0x16,0x0E,0x00,0x00,0x00,0x00,0x02,0x10,0x3E,0x10,0x08,0x94,0x08,0xB4,
    0x7E,0xB4,0x18,0x30,0x3A,0x68,0x68,0x4C,0x08,0x86,0x00,0x00,0x24,0x8C,0x24,0x84,0x24,0x16,0x07,0xF0,0x00,0x00,0x00,0x00,
    0x00,0x00,0x18,0x20,0x1F,0x7E,0x34,0xD8,0x65,0x08,0x03,0x00,0x03,0x00,0x1F,0xF8,0x02,0x00,0x7F,0xFE,0x04,0x10,0x0F,0xFC,
    0x1A,0x10,0x32,0x10,0x00,0x30,0x00,0x20,0x08,0x80,0x08,0x80,0x18,0x80,0x10,0x80,0x17,0xF8,0x30,0x98,0x70,0x98,0x50,0x90,
    0x11,0x90,0x11,0x10,0x11,0x10,0x13,0x12,0x12,0x12,0x16,0x1E,0x10,0x00,0x00,0x00,0x00,0x00,0x10,0x00,0x11,0xFE,0x21,0x22,
    0x27,0x32,0x6D,0x72,0x79,0x22,0x11,0xFA,0x31,0x02,0x7D,0x72,0x73,0x5A,0x02,0x5A,0x7E,0x7A,0x46,0x02,0x04,0x0C,0x00,0x00,
    0x00,0x00,0x00,0x98,0x7B,0x98,0x49,0x18,0x49,0x2A,0x79,0x2A,0x4F,0xFE,0x49,0x5C,0x7B,0x18,0x7B,0x98,0x4D,0x58,0x4D,0x1C,
    0x79,0x24,0x49,0x66,0x01,0x42,0x01,0x00,0x00,0x00,0x1F,0xF8,0x03,0x08,0x03,0x08,0x03,0x08,0x02,0x08,0x03,0x18,0x1F,0xF8,
    0x02,0x18,0x02,0x18,0x02,0x18,0x02,0x18,0x06,0x18,0x7F,0xFE,0x00,0x00,0x00,0x00,0x00,0x00,0x02,0x00,0x1F,0xF8,0x10,0x08,
    0x1F,0xF8,0x10,0x08,0x1F,0xF8,0x10,0x08,0x1F,0xF8,0x01,0x90,0x01,0x10,0x7F,0xFE,0x02,0xC0,0x0C,0x70,0x78,0x1E,0x00,0x00,
    0x00,0x00,0x08,0x00,0x09,0xFC,0x01,0xFE,0x7C,0x26,0x0C,0x66,0x08,0x64,0x1B,0x44,0x1E,0x44,0x7E,0x44,0x5A,0x44,0x18,0xC4,
    0x18,0x84,0x19,0x04,0x1B,0x1C,0x00,0x00,0x01,0x00,0x01,0x80,0x31,0x88,0x31,0x88,0x31,0x88,0x31,0x88,0x1F,0xF8,0x01,0x80,
    0x21,0x84,0x21,0x84,0x21,0x84,0x21,0x84,0x3F,0xFC,0x3F,0xFC,0x00,0x04,0x00,0x00,0x00,0x00,0x13,0xFE,0x12,0x00,0x33,0xE4,
    0x7A,0x04,0x32,0x04,0x32,0xEE,0x3A,0xA4,0x7A,0xF4,0x52,0x0C,0x14,0xA4,0x14,0xA4,0x14,0xF4,0x1D,0x0C,0x00,0x00,0x00,0x00,
    0x00,0x00,0x3F,0xFE,0x20,0x00,0x2F,0x8C,0x20,0x0C,0x27,0xBE,0x2D,0x8C,0x28,0x8C,0x2F,0xAC,0x20,0x3C,0x2D,0x8C,0x65,0x0C,
    0x45,0xCC,0x5E,0x18,0x00,0x00,0x00,0x00,0x00,0x88,0x7D,0xFE,0x44,0xD8,0x44,0x60,0x64,0xF4,0x38,0x28,0x08,0x78,0x49,0xFE,
    0x4C,0x40,0x49,0xFC,0x4A,0x84,0x48,0xFC,0x7C,0x84,0x40,0xFC,0x00,0x80,0x00,0x00,0x00,0x18,0x23,0xD8,0x3A,0x58,0x62,0x7E,
    0x43,0xDA,0x7A,0xD2,0x12,0x52,0x32,0x52,0x7B,0xD2,0x12,0x52,0x12,0x52,0x1A,0xF2,0x37,0x26,0x00,0x4C,0x00,0x00,0x00,0x00,
    0x00,0x00,0x30,0xD0,0x20,0x98,0x3C,0x80,0x65,0xFE,0x49,0x90,0x0A,0x90,0x7C,0xFE,0x04,0x90,0x04,0x90,0x7C,0xFE,0x04,0x90,
    0x04,0x90,0x7C,0xFE,0x04,0x80,0x00,0x80,0x00,0x00,0x00,0x30,0x2F,0x30,0x39,0x28,0x09,0x4C,0x0A,0xC6,0x6A,0xFA,0x39,0x10,
    0x09,0x10,0x09,0xFC,0x1F,0x10,0x2A,0x54,0x28,0x94,0x48,0x92,0x48,0x30,0x00,0x00,0x00,0x00,0x00,0x60,0x7C,0x60,0x6C,0xD0,
    0x68,0x98,0x69,0x0E,0x7B,0xFA,0x68,0x20,0x6C,0x20,0x67,0xFC,0x6C,0x20,0x79,0x28,0x61,0x2C,0x62,0x26,0x60,0xE0,0x00,0x00,
    0x08,0x20,0x08,0x20,0x7E,0xFE,0x18,0x30,0x3A,0x7C,0x69,0xA6,0x08,0x20,0x3F,0xFC,0x01,0x8C,0x09,0x80,0x19,0xF8,0x1D,0x80,
    0x27,0x80,0x61,0xFE,0x00,0x00,0x00,0x00,0x00,0x00,0x00,0x10,0x00,0x10,0x3E,0x92,0x18,0x92,0x10,0x92,0x10,0x92,0x3C,0xFE,
    0x74,0x10,0x74,0x92,0x34,0x92,0x34,0x92,0x3C,0x92,0x34,0x92,0x30,0xFE,0x00,0x02,0x10,0x20,0x12,0x20,0x12,0x7E,0x32,0x24,
    0x30,0x28,0x7E,0xFE,0x76,0x10,0x32,0x7C,0x32,0xC4,0x33,0xC4,0x32,0x7C,0x33,0x44,0x36,0x7C,0x30,0x44,0x00,0x00,0x00,0x00,
    0x00,0x00,0x01,0x80,0x01,0x80,0x1F,0xF8,0x1F,0xF8,0x1F,0xF8,0x1F,0xF8,0x1F,0xF8,0x48,0x12,0x7E,0x7E,0x3E,0x7C,0x3E,0x7C,
    0x3E,0x7C,0x3E,0x7C,0x7F,0xC6,0x00,0x00,0x00,0x00,0x10,0x60,0x10,0x20,0x13,0xFE,0x10,0xC8,0x79,0xF8,0x10,0x68,0x10,0xCC,
    0x3B,0xFE,0x70,0x00,0x13,0xFC,0x13,0x24,0x13,0xFC,0x13,0x24,0x33,0xFC,0x00,0x00,0x00,0x00,0x10,0x10,0x10,0x10,0x3C,0x10,
    0x64,0xFC,0x7E,0x94,0x2A,0x94,0x2A,0x94,0x3E,0xD4,0x2A,0xFC,0x3E,0x90,0x2A,0x14,0x2A,0x16,0x4A,0x7E,0x42,0xC2,0x00,0x00,
    0x08,0x20,0x08,0x20,0x18,0x20,0x1F,0x20,0x11,0x28,0x31,0x2C,0x31,0x26,0x4B,0x22,0x0A,0x20,0x0E,0x20,0x06,0x20,0x0F,0x20,
    0x19,0xC0,0x60,0x7E,0x00,0x00,0x00,0x00,0x10,0x20,0x12,0x24,0x12,0x24,0x7B,0xFC,0x30,0x00,0x13,0xFE,0x18,0x60,0x38,0x40,
    0x73,0xFE,0x12,0xD6,0x12,0xD6,0x12,0xD6,0x12,0xD6,0x72,0x04,0x00,0x00,0x00,0x00,0x00,0x00,0x18,0x0C,0x18,0x8C,0x18,0x8C,
    0x18,0x8C,0x18,0x8C,0x18,0x8C,0x18,0x8C,0x10,0x8C,0x10,0x8C,0x10,0x8C,0x30,0x8C,0x20,0x8C,0x60,0x0C,0x00,0x00,0x00,0x00,
    0x00,0x00,0x01,0x80,0x01,0x80,0x3F,0xFE,0x26,0x22,0x1C,0x18,0x10,0x08,0x3F,0xFC,0x08,0x20,0x18,0x20,0x1F,0xFE,0x01,0xA0,
    0x07,0x20,0x1C,0x20,0x60,0xE0,0x00,0x00,0x10,0x40,0x10,0xF8,0x10,0x88,0x7D,0xF8,0x30,0x18,0x13,0xFE,0x30,0xC0,0x3D,0xC4,
    0x54,0x78,0x51,0xB8,0x16,0x74,0x10,0xD4,0x13,0x12,0x10,0x70,0x00,0x00,0x00,0x00,0x00,0x00,0x08,0x40,0x08,0x40,0x1B,0xFC,
    0x10,0xC0,0x30,0x80,0x77,0xFE,0x51,0x80,0x11,0x80,0x11,0xFC,0x10,0x08,0x10,0x18,0x10,0xD0,0x10,0x70,0x10,0x18,0x00,0x00,
    0x00,0x00,0x08,0x00,0x18,0x7C,0x3E,0x4C,0x22,0x4C,0x2A,0xCC,0x2A,0x8E,0x22,0x86,0x7E,0x00,0x22,0xFC,0x2A,0xC4,0x2A,0xC4,
    0x62,0xC4,0x46,0xFC,0x44,0xC4,0x00,0x00,0x00,0x20,0x01,0x24,0x79,0x24,0x49,0xFC,0x48,0x00,0x48,0x00,0x4B,0xFE,0x48,0x60,
    0x4B,0xFE,0x7A,0xD2,0x4A,0xD2,0x42,0xD2,0x02,0xD2,0x02,0x06,0x00,0x00,0x00,0x00,0x01,0x80,0x01,0x80,0x1F,0xF8,0x11,0x88,
    0x11,0x88,0x1F,0xF8,0x01,0x80,0x1F,0xF8,0x31,0x8C,0x21,0x84,0x31,0x8C,0x3F,0xFC,0x01,0x80,0x01,0x80,0x00,0x00,0x00,0x00,
    0x00,0x00,0x00,0xC0,0x00,0xC0,0x0F,0xFE,0x48,0x40,0x68,0xE0,0x28,0x90,0x09,0x0C,0x3F,0xFE,0x79,0x98,0x19,0x08,0x11,0x18,
    0x11,0x30,0x31,0x02,0x21,0xFE,0x00,0x00,0x00,0x00,0x01,0x00,0x01,0x80,0x7F,0xFE,0x64,0x72,0x39,0x1C,0x23,0x00,0x1F,0xFC,
    0x12,0x0C,0x17,0xEC,0x1C,0x6C,0x11,0xCC,0x17,0xCC,0x14,0x4C,0x1F,0xFC,0x00,0x00,0x00,0x00,0x10,0x20,0x11,0xFC,0x10,0xC8,
    0x7C,0x48,0x57,0xFE,0x54,0x00,0x55,0xFE,0x55,0xB6,0x55,0xB6,0x55,0xFE,0x5C,0x30,0x11,0xFC,0x10,0x20,0x13,0xFE,0x00,0x00,
    0x00,0x00,0x00,0x80,0x00,0x80,0x3F,0xFC,0x30,0x40,0x30,0x40,0x30,0x40,0x3F,0xFC,0x31,0xE0,0x21,0xE0,0x23,0x50,0x22,0x58,
    0x24,0x4E,0x68,0x40,0x40,0x40,0x00,0x00,0x00,0x00,0x10,0x00,0x1B,0xFE,0x00,0x06,0x60,0x06,0x67,0xE6,0x64,0x46,0x64,0x46,
    0x66,0x66,0x63,0xF6,0x60,0x16,0x6F,0xD6,0x60,0x36,0x60,0x66,0x60,0x0C,0x00,0x00,0x00,0x00,0x04,0x04,0x0C,0x04,0x1B,0x24,
    0x11,0xA4,0x20,0xA4,0x7F,0x24,0x13,0x24,0x11,0x24,0x11,0x24,0x17,0x24,0x16,0x24,0x10,0x84,0x10,0x84,0x1F,0x8C,0x00,0x00,
    0x00,0xC0,0x00,0x80,0x7C,0x80,0x64,0xFE,0x65,0x04,0x65,0x2C,0x67,0x20,0x64,0x20,0x6C,0x60,0x7C,0x70,0x64,0xD0,0x00,0x98,
    0x03,0x0C,0x06,0x06,0x00,0x00,0x00,0x00,0x18,0x40,0x18,0xC0,0x18,0x80,0x1E,0xFE,0x5C,0x84,0x59,0x24,0x53,0x20,0x10,0x20,
    0x18,0x20,0x1C,0x70,0x14,0x50,0x22,0xC8,0x61,0x8C,0x43,0x06,0x00,0x00,0x00,0x00,0x10,0x00,0x11,0xFC,0x10,0x20,0x10,0x20,
    0x7B,0xFE,0x11,0x28,0x11,0x28,0x1F,0xFE,0x71,0x28,0x11,0x28,0x13,0xFE,0x10,0x20,0x10,0x20,0x33,0xFC,0x00,0x00,0x00,0x00,
    0x10,0x00,0x31,0xFC,0x20,0x20,0x7C,0x20,0x43,0xFE,0x39,0x28,0x11,0x28,0x13,0xFE,0x7D,0x28,0x11,0x28,0x13,0xFC,0x14,0x60,
    0x18,0x20,0x13,0xFC,0x00,0x00,0x00,0x00,0x00,0x00,0x00,0x00,0x1F,0xF8,0x01,0x80,0x01,0x80,0x3F,0xFC,0x09,0x90,0x09,0x90,
    0x7F,0xFE,0x09,0x90,0x09,0x90,0x3F,0xFC,0x01,0x80,0x01,0x80,0x1F,0xF8,0x00,0x00,0x00,0x80,0x01,0x80,0x3F,0xFC,0x01,0x00,
    0x1F,0xF8,0x02,0x00,0x7F,0xFE,0x04,0x30,0x1F,0xF8,0x7C,0x1E,0x0F,0xF0,0x0C,0x10,0x0C,0x10,0x0F,0xF0,0x00,0x10,0x00,0x00,
    0x10,0x20,0x10,0x20,0x13,0xFC,0x78,0x60,0x31,0xFC,0x10,0x40,0x3B,0xFE,0x34,0x88,0x51,0xFC,0x57,0x8E,0x11,0xF8,0x11,0x88,
    0x11,0x88,0x11,0x88,0x00,0x00,0x00,0x00,0x00,0x00,0x00,0x10,0x7F,0x7E,0x14,0x00,0x14,0x7C,0x7F,0x44,0x55,0x44,0x55,0x3C,
    0x55,0x7C,0x67,0x0C,0x41,0x18,0x7F,0xFE,0x41,0x10,0x7F,0x10,0x43,0x10,0x40,0x20,0x00,0x00,0x3F,0xFC,0x30,0x00,0x37,0xF8,
    0x30,0x00,0x3F,0xFC,0x34,0xC8,0x34,0x70,0x27,0x38,0x24,0x0E,0x2F,0xF8,0x6C,0x08,0x4C,0x08,0x0F,0xF8,0x00,0x00,0x00,0x00,
    0x00,0x00,0x20,0x40,0x30,0x60,0x03,0xFE,0x00,0x00,0x43,0xFC,0x72,0x04,0x03,0xFC,0x00,0x00,0x03,0xFC,0x10,0x30,0x30,0x60,
    0x27,0xFE,0x60,0x60,0x60,0xE0,0x00,0x00,0x00,0x20,0x10,0x20,0x30,0x20,0x23,0xFC,0x44,0x20,0x79,0x24,0x19,0x24,0x11,0x24,
    0x21,0x24,0x7D,0xFC,0x00,0x20,0x04,0x20,0x7C,0x22,0x40,0x3E,0x00,0x00,0x00,0x00,0x00,0x00,0x01,0x00,0x3F,0xFC,0x1F,0xF8,
    0x02,0x00,0x7F,0xFE,0x0F,0xF0,0x7C,0x3C,0x4C,0x32,0x0F,0xF0,0x3E,0x7C,0x29,0x52,0x3F,0x7E,0x0A,0x10,0x7F,0xFE,0x00,0x00,
    0x00,0x00,0x00,0x20,0x7B,0xAC,0x28,0xA4,0x2A,0xA0,0x3B,0xBE,0x48,0xF0,0x14,0x12,0x3F,0x96,0x64,0x14,0x7F,0x1C,0x24,0x18,
    0x3F,0x18,0x26,0x3A,0x3F,0xC6,0x00,0x00,0x00,0x20,0x18,0x3C,0x10,0x3C,0x20,0x60,0x65,0xFC,0x79,0x04,0x09,0xFC,0x11,0x04,
    0x31,0xFC,0x7C,0x20,0x00,0x20,0x0F,0xFE,0x78,0x20,0x00,0x20,0x00,0x20,0x00,0x00,0x00,0x00,0x00,0xC0,0x00,0xC0,0x1F,0xFE,
    0x50,0x00,0x50,0x90,0x30,0x90,0x16,0x92,0x16,0xDC,0x76,0x98,0x56,0x90,0x16,0x90,0x16,0x90,0x37,0xD2,0x2E,0x1E,0x20,0x00,
    0x04,0x20,0x04,0x20,0x7F,0xFE,0x04,0x20,0x05,0xA0,0x31,0x80,0x1B,0xFC,0x02,0x6C,0x02,0x40,0x08,0x60,0x10,0xE0,0x31,0x90,
    0x63,0x0C,0x0E,0x06,0x00,0x00,0x00,0x00,0x00,0x00,0x00,0x8C,0x00,0xC8,0x7C,0x48,0x13,0xFE,0x10,0x88,0x20,0x88,0x3D,0x88,
    0x65,0x52,0x67,0xDC,0x24,0x84,0x24,0x88,0x3D,0x4E,0x25,0x5E,0x23,0xFE,0x00,0x00,0x00,0x00,0x02,0x68,0x12,0x48,0x12,0x48,
    0x12,0x7E,0x53,0xC8,0x5E,0xC8,0x52,0x7E,0x52,0x48,0x52,0x48,0x52,0x7E,0x5F,0x48,0x7F,0x48,0x66,0x7E,0x00,0x40,0x00,0x00,
    0x00,0x20,0x3E,0x30,0x09,0xFE,0x08,0x04,0x18,0x4C,0x7E,0x48,0x09,0xFE,0x08,0x30,0x3E,0x30,0x22,0x30,0x22,0xFE,0x3E,0x30,
    0x26,0x30,0x22,0x30,0x00,0x00,0x00,0x00,0x00,0x00,0x0C,0x20,0x04,0x20,0x7F,0xFE,0x08,0x30,0x08,0x20,0x32,0x4C,0x3C,0x78,
    0x0A,0x30,0x3F,0x6C,0x31,0x76,0x01,0x00,0x24,0x8C,0x24,0x16,0x47,0xF2,0x00,0x00,0x00,0x00,0x20,0x80,0x39,0xFC,0x0B,0x6C,
    0x02,0x6C,0x18,0xE0,0x63,0x9C,0x06,0x04,0x7F,0xFE,0x08,0x00,0x0F,0xE0,0x18,0x30,0x13,0xA0,0x10,0xA2,0x3E,0x3E,0x10,0x00,
    0x00,0x00,0x30,0x00,0x13,0xFE,0x10,0x02,0x01,0xF2,0x01,0xF2,0x70,0x02,0x11,0xE2,0x11,0x32,0x11,0x32,0x11,0x32,0x15,0xF2,
    0x1D,0x02,0x18,0x02,0x10,0x0E,0x00,0x00,0x00,0x40,0x04,0x40,0x04,0x40,0x04,0x40,0x24,0x46,0x27,0x7C,0x24,0x70,0x24,0x60,
    0x24,0x40,0x24,0x40,0x24,0x40,0x27,0x42,0x3E,0x66,0x60,0x3C,0x00,0x00,0x00,0x00,0x04,0x00,0x04,0x06,0x7F,0xD6,0x04,0x16,
    0x04,0x16,0x3F,0x96,0x24,0x96,0x24,0x96,0x2D,0x96,0x0C,0x16,0x15,0x96,0x24,0xC6,0x44,0x06,0x04,0x0C,0x00,0x00,0x00,0x00,
    0x7C,0xFC,0x64,0x84,0x44,0x84,0x54,0xFC,0x54,0x84,0x54,0xFC,0x54,0xC0,0x54,0xFE,0x57,0xEA,0x54,0x4A,0x10,0xD2,0x1D,0xB2,
    0x24,0x62,0x60,0xCC,0x00,0x00,0x00,0x00,0x00,0x80,0x01,0x80,0x21,0x00,0x31,0xFC,0x1A,0x04,0x06,0x4C,0x04,0x48,0x00,0x40,
    0x18,0x40,0x10,0xE0,0x30,0xA0,0x61,0x10,0x43,0x0C,0x0C,0x06,0x00,0x00,0x00,0x00,0x00,0x88,0x7E,0xC8,0x24,0x58,0x24,0xFC,
    0x3C,0x84,0x24,0x84,0x24,0x84,0x24,0xFC,0x3C,0x20,0x25,0x54,0x25,0x52,0x3D,0x42,0x65,0x48,0x04,0x78,0x04,0x00,0x00,0x00,
    0x04,0x40,0x06,0x60,0x7F,0xFE,0x08,0x00,0x1F,0xF8,0x33,0x68,0x0E,0x48,0x05,0xC8,0x39,0xE8,0x06,0x18,0x00,0x80,0x24,0x84,
    0x24,0x32,0x07,0xE0,0x00,0x00,0x00,0x00,0x00,0x00,0x02,0x00,0x02,0x00,0x3F,0xFC,0x20,0x04,0x23,0x04,0x23,0x04,0x27,0xF4,
    0x2C,0x24,0x21,0x64,0x21,0xC4,0x27,0x64,0x24,0x04,0x3F,0xFC,0x3F,0xFC,0x20,0x00,0x04,0x00,0x0C,0x00,0x0C,0x00,0x1F,0xFC,
    0x11,0x24,0x22,0x24,0x0E,0x64,0x07,0x44,0x0D,0xC4,0x18,0xE4,0x31,0xB4,0x03,0x04,0x06,0x04,0x0C,0x38,0x00,0x00,0x00,0x00,
    0x00,0x20,0x08,0x20,0x08,0x20,0x08,0x20,0x08,0x20,0x08,0x60,0x08,0x60,0x0C,0x60,0x1E,0x50,0x13,0xD0,0x10,0x98,0x21,0x8C,
    0x63,0x06,0x46,0x06,0x00,0x00,0x00,0x00,0x00,0x00,0x00,0x20,0x0C,0x20,0x08,0x20,0x08,0x20,0x08,0x20,0x08,0x30,0x0C,0x30,
    0x1E,0x50,0x13,0x48,0x30,0x8C,0x61,0x86,0x01,0x00,0x00,0x00,0x7F,0xFE,0x00,0x00,0x00,0x40,0x00,0xC0,0x67,0xFC,0x30,0xC0,
    0x03,0xF8,0x00,0xC0,0x01,0xB8,0x13,0x18,0x37,0xF6,0x28,0x40,0x67,0xFC,0x40,0xC0,0x01,0xB8,0x07,0x0C,0x00,0x00,0x00,0x00,
    0x08,0x00,0x08,0xFC,0x6A,0x84,0x2E,0x84,0x08,0xFC,0x7E,0xFC,0x18,0x84,0x18,0x84,0x3E,0xFC,0x2A,0xFC,0x48,0x84,0x48,0x84,
    0x08,0x84,0x0B,0xFE,0x00,0x00,0x00,0x00,0x00,0x00,0x00,0x28,0x7E,0x2C,0x14,0xFE,0x1C,0x28,0x7E,0x28,0x57,0xFE,0x56,0x00,
    0x76,0x00,0x66,0x7C,0x42,0x44,0x7E,0x7C,0x42,0x44,0x42,0x44,0x7E,0x7C,0x40,0x40,0x00,0x00,0x08,0x20,0x1F,0x7E,0x36,0xD8,
    0x62,0x88,0x08,0x40,0x08,0xFE,0x7F,0x80,0x10,0xFC,0x1C,0xF0,0x16,0xA0,0x17,0xFE,0x24,0x30,0x64,0x48,0x4D,0x86,0x00,0x00,
    0x00,0x00,0x08,0x00,0x19,0xFC,0x11,0x04,0x31,0x04,0x31,0x04,0x71,0xFC,0x50,0x20,0x11,0x20,0x11,0x3C,0x13,0x20,0x13,0x20,
    0x13,0xA0,0x16,0xE0,0x14,0x3E,0x00,0x00,0x00,0x00,0x00,0x20,0x7D,0xFE,0x45,0x02,0x44,0xC8,0x6D,0xA6,0x3B,0x36,0x11,0xA4,
    0x59,0xA4,0x5C,0xFC,0x50,0x20,0x51,0xFE,0x51,0x22,0x79,0xFE,0x40,0x20,0x00,0x20,0x00,0x00,0x08,0x20,0x1F,0x7E,0x24,0xC8,
    0x04,0xC8,0x1F,0xF8,0x1F,0xF8,0x18,0x18,0x18,0x08,0x1F,0xF8,0x06,0x00,0x0F,0x30,0x0B,0x18,0x76,0x6E,0x0F,0xF0,0x00,0x00,
    0x00,0x00,0x01,0x00,0x7F,0xFE,0x40,0x26,0x4C,0x32,0x39,0x8C,0x3F,0xFC,0x11,0x88,0x11,0x88,0x1F,0xF8,0x01,0x80,0x3F,0xFC,
    0x21,0x84,0x3F,0xFC,0x01,0x80,0x00,0x00,0x00,0x00,0x10,0x20,0x13,0x22,0x13,0x26,0x79,0xFC,0x11,0xA0,0x11,0x20,0x1B,0xFC,
    0x37,0x30,0x75,0xFC,0x11,0x20,0x11,0xFC,0x11,0x30,0x11,0xFE,0x71,0x02,0x00,0x00,0x00,0x00,0x00,0x80,0x10,0x84,0x1F,0xFC,
    0x08,0x80,0x08,0x80,0x1F,0xFC,0x38,0xC0,0x78,0xC0,0x5F,0xF8,0x18,0x80,0x1F,0xFC,0x18,0x80,0x18,0xC0,0x1F,0xFC,0x00,0x00,
    0x08,0x20,0x1A,0x24,0x13,0x24,0x33,0xFC,0x31,0x20,0x71,0x20,0x53,0xFE,0x17,0x20,0x17,0xFC,0x13,0x20,0x13,0xFC,0x13,0x20,
    0x13,0xFE,0x13,0x00,0x00,0x00,0x00,0x00,0x00,0x00,0x00,0x40,0x3C,0xC0,0x25,0xF8,0x25,0x18,0x2D,0x18,0x3D,0xFE,0x25,0x00,
    0x25,0x7C,0x3D,0x64,0x25,0x64,0x65,0x6C,0x45,0x60,0x4F,0x62,0x4A,0x3E,0x00,0x00,0x00,0x00,0x00,0x40,0x0F,0xFE,0x18,0x60,
    0x58,0x40,0x7F,0xFE,0x39,0x80,0x19,0x18,0x19,0x98,0x7A,0x64,0x18,0x20,0x14,0x62,0x17,0xFE,0x30,0x60,0x20,0x60,0x00,0x00,
    0x00,0x00,0x18,0x30,0x18,0x10,0x5A,0xFE,0x7C,0x40,0x18,0xCC,0x7E,0xC8,0x18,0xFC,0x19,0x12,0x3C,0x10,0x3A,0x30,0x59,0xFE,
    0x58,0x30,0x18,0x30,0x18,0x30,0x00,0x00,0x00,0x00,0x20,0x40,0x30,0x60,0x17,0xFE,0x00,0x00,0x61,0x08,0x31,0x10,0x13,0xB8,
    0x06,0x24,0x04,0x40,0x10,0x40,0x37,0xFE,0x20,0x60,0x60,0x40,0x40,0x40,0x00,0x40,0x3E,0x7C,0x02,0x04,0x12,0x64,0x12,0x24,
    0x1E,0x7C,0x72,0x44,0x01,0x80,0x3F,0xFC,0x0C,0x30,0x1A,0x58,0x10,0x80,0x7F,0xFE,0x01,0x80,0x01,0x80,0x00,0x00,0x00,0x00,
    0x08,0x08,0x08,0x08,0x08,0x08,0x3C,0x08,0x7C,0xFE,0x18,0x08,0x1C,0x08,0x3E,0xC8,0x2A,0x48,0x68,0x08,0x48,0x08,0x08,0x08,
    0x08,0x08,0x08,0x38,0x00,0x00,0x00,0x00,0x00,0x00,0x01,0x00,0x03,0x00,0x3F,0xFC,0x06,0x00,0x04,0x00,0x09,0xFC,0x18,0x1C,
    0x38,0x30,0x78,0x20,0x0B,0xFE,0x08,0x20,0x08,0x20,0x08,0x20,0x08,0x60,0x00,0x40,0x00,0x20,0x00,0x20,0x00,0x20,0x00,0x30,
    0x7F,0xFE,0x00,0x20,0x00,0x20,0x18,0x20,0x08,0x20,0x0C,0x20,0x04,0x20,0x00,0x20,0x00,0x20,0x00,0xE0,0x00,0x00,0x00,0x00,
    0x00,0x00,0x00,0xC8,0x00,0x48,0x7D,0xFE,0x10,0x20,0x10,0xFC,0x10,0xFC,0x3C,0x20,0x35,0xFE,0x74,0x40,0x34,0xC0,0x34,0xFE,
    0x3F,0x10,0x34,0x10,0x31,0xFE,0x00,0x00,0x00,0x00,0x11,0xFC,0x13,0x04,0x33,0xFC,0x7B,0x04,0x11,0xFC,0x10,0x00,0x17,0xFE,
    0x3A,0x5C,0x73,0xD4,0x12,0xD4,0x13,0xDC,0x12,0xC8,0x17,0xDC,0x60,0x72,0x00,0x00,0x10,0x88,0x10,0x98,0x13,0xFE,0x10,0x60,
    0x78,0x60,0x11,0xFC,0x10,0x40,0x1F,0xFE,0x70,0x40,0x50,0xC0,0x11,0xFC,0x13,0x30,0x16,0x30,0x31,0xFE,0x00,0x00,0x00,0x00,
    0x00,0x00,0x10,0x98,0x10,0x98,0x11,0xFE,0x7C,0x98,0x78,0x98,0x13,0xFE,0x1C,0x00,0x38,0x00,0x71,0xFC,0x11,0x04,0x11,0xFC,
    0x11,0x04,0x11,0xFC,0x71,0x8C,0x00,0x00,0x10,0x20,0x10,0x20,0x11,0x2C,0x31,0x28,0x7B,0x2C,0x12,0xBC,0x12,0xF2,0x18,0x20,
    0x70,0x20,0x13,0xFC,0x10,0x20,0x10,0x20,0x10,0x60,0x73,0xFE,0x00,0x00,0x00,0x00,0x10,0x08,0x10,0xC8,0x31,0xFC,0x78,0xD8,
    0x40,0xC8,0x3D,0xFE,0x10,0x00,0x10,0x00,0x7D,0xFC,0x11,0x84,0x11,0xFC,0x1D,0x84,0x19,0x84,0x11,0xFC,0x00,0x00,0x00,0x00,
    0x10,0x88,0x10,0x88,0x13,0xFE,0x10,0x88,0x78,0xE8,0x10,0x70,0x10,0x98,0x3B,0xFE,0x76,0x70,0x10,0x00,0x11,0xFC,0x11,0x04,
    0x11,0x8C,0x71,0xFC,0x01,0x04,0x00,0x00,0x00,0x00,0x20,0x60,0x30,0x60,0x18,0x40,0x00,0x60,0x07,0xFE,0x00,0x40,0x70,0x40,
    0x10,0xD0,0x10,0x98,0x11,0x8C,0x13,0x04,0x1A,0x04,0x2C,0x00,0x43,0xFE,0x00,0x00,0x00,0x00,0x10,0x20,0x1F,0x7E,0x3C,0x4C,
    0x64,0xCC,0x47,0x80,0x02,0xC0,0x04,0x60,0x1F,0xFE,0x70,0x06,0x00,0x00,0x0F,0xF0,0x08,0x10,0x0F,0xF0,0x0F,0xF0,0x00,0x00,
    0x00,0x00,0x00,0x80,0x00,0xC0,0x1F,0xFE,0x11,0x10,0x57,0xFE,0x11,0x50,0x10,0xE0,0x11,0x90,0x77,0xFE,0x10,0x00,0x13,0xF8,
    0x12,0x08,0x32,0x08,0x23,0xF8,0x02,0x00,0x00,0x00,0x18,0x00,0x18,0x00,0x19,0xFE,0x7E,0x10,0x58,0x10,0x18,0x10,0x18,0x10,
    0x1E,0x10,0x78,0x10,0x18,0x10,0x18,0x10,0x18,0x10,0x18,0x10,0x30,0x70,0x00,0x00,0x01,0x80,0x01,0x80,0x01,0x80,0x01,0x80,
    0x3F,0xFC,0x3F,0xFE,0x01,0x80,0x01,0x80,0x03,0x40,0x02,0x60,0x04,0x20,0x0C,0x10,0x38,0x0C,0x60,0x06,0x00,0x00,0x00,0x00,
    0x00,0x00,0x1F,0xF8,0x18,0x18,0x18,0x18,0x1F,0xF8,0x01,0x80,0x01,0x80,0x7F,0xFE,0x7F,0xFE,0x07,0xC0,0x05,0xA0,0x19,0xB8,
    0x31,0x8E,0x61,0x84,0x00,0x00,0x00,0x00,0x00,0x00,0x3F,0xFE,0x03,0x00,0x02,0x00,0x02,0x00,0x07,0xFC,0x0C,0x08,0x18,0x18,
    0x33,0x10,0x01,0xB0,0x00,0xE0,0x00,0xC0,0x07,0x80,0x7C,0x00,0x20,0x00,0x00,0x00,0x00,0x00,0x08,0x40,0x18,0x60,0x13,0xFC,
    0x30,0xC0,0x33,0xFC,0x70,0x80,0x57,0xFE,0x11,0x10,0x12,0x4C,0x1F,0x4E,0x11,0xF0,0x11,0xF8,0x13,0x4C,0x10,0xC0,0x10,0x00,
    0x00,0x00,0x04,0x20,0x3F,0xAC,0x04,0x20,0x7F,0xFE,0x00,0x20,0x2D,0xA4,0x3F,0xA4,0x25,0xA4,0x3F,0xA8,0x3F,0xB8,0x1A,0x18,
    0x7F,0xF8,0x12,0x6A,0x31,0x46,0x00,0x00,0x09,0x90,0x09,0x90,0x7F,0xFE,0x09,0x90,0x08,0x10,0x7F,0xFE,0x61,0x86,0x41,0x82,
    0x1F,0xF8,0x11,0x98,0x11,0x88,0x11,0x88,0x11,0xB8,0x01,0x90,0x00,0x00,0x00,0x00,0x00,0x00,0x00,0x20,0x7E,0x60,0x18,0x40,
    0x10,0x4C,0x10,0x84,0x3F,0xFE,0x22,0x02,0x66,0x00,0x54,0xFC,0x1C,0x84,0x0C,0x84,0x18,0x84,0x30,0xFC,0x60,0x84,0x00,0x00,
    0x08,0x80,0x08,0x90,0x18,0x98,0x10,0x80,0x10,0x84,0x30,0xFC,0x77,0xC0,0x50,0x40,0x10,0x40,0x10,0x40,0x10,0x20,0x10,0x30,
    0x10,0x1E,0x10,0x0E,0x00,0x00,0x00,0x00,0x00,0x00,0x08,0x90,0x18,0x90,0x30,0x9C,0x77,0xE0,0x50,0x60,0x10,0x36,0x10,0x1C,
    0x1F,0xF8,0x18,0x08,0x11,0x88,0x11,0x08,0x13,0x00,0x06,0x70,0x7C,0x0C,0x00,0x00,0x00,0x00,0x08,0x90,0x08,0x98,0x18,0xDC,
    0x3B,0xE0,0x58,0x60,0x18,0x24,0x19,0x9C,0x00,0x0C,0x7F,0xFE,0x06,0x88,0x0C,0xD8,0x34,0x70,0x65,0xB8,0x06,0x0E,0x00,0x00,
    0x00,0x00,0x08,0x60,0x18,0x60,0x33,0xFC,0x20,0x60,0x4C,0x60,0x0B,0xFE,0x10,0x18,0x30,0x08,0x73,0xFE,0x10,0x18,0x11,0x88,
    0x10,0x88,0x10,0x18,0x10,0x30,0x00,0x00,0x00,0x00,0x00,0x40,0x63,0xFC,0x30,0x44,0x17,0xFE,0x00,0x6C,0x00,0x44,0x73,0xFC,
    0x12,0x48,0x13,0x78,0x11,0xF0,0x13,0x4C,0x14,0xC4,0x3C,0x80,0x67,0xFE,0x00,0x00,0x00,0x00,0x02,0x00,0x06,0x20,0x0C,0x18,
    0x3F,0xFC,0x10,0x04,0x1F,0xF8,0x10,0x18,0x10,0x08,0x1F,0xF8,0x00,0x00,0x2D,0x8C,0x2C,0xC6,0x6C,0x12,0x4F,0xF0,0x00,0x00,
    0x00,0x20,0x7E,0x20,0x24,0x30,0x25,0xFE,0x3D,0xA2,0x25,0xA2,0x24,0x20,0x3C,0x30,0x24,0x70,0x24,0x50,0x2E,0x50,0x7C,0xD2,
    0x05,0x92,0x07,0x1E,0x04,0x00,0x00,0x00,0x00,0x00,0x10,0x00,0x11,0xFC,0x11,0x04,0x7D,0x04,0x7D,0x04,0x11,0xFC,0x15,0x84,
    0x3D,0x04,0x71,0x04,0x11,0xFC,0x10,0x00,0x10,0x00,0x10,0x00,0x73,0xFE,0x00,0x00,0x0F,0xF0,0x0F,0xF0,0x08,0x10,0x09,0x10,
    0x09,0x90,0x08,0x90,0x08,0x10,0x7F,0xFE,0x08,0x10,0x18,0x10,0x18,0x10,0x10,0x10,0x30,0x10,0x60,0x70,0x00,0x40,0x00,0x00,
    0x00,0x00,0x04,0x20,0x04,0x20,0x04,0x60,0x1F,0xF8,0x11,0x88,0x1F,0xF8,0x1F,0xF8,0x11,0x88,0x1F,0xF8,0x01,0x80,0x01,0x80,
    0x7F,0xFE,0x01,0x80,0x01,0x80,0x00,0x00,0x00,0x00,0x22,0x00,0x12,0x3E,0x16,0x24,0x7F,0x24,0x69,0x24,0x7F,0x24,0x6D,0x2C,
    0x69,0x24,0x7F,0x22,0x08,0x22,0x0C,0x22,0x7F,0xA6,0x08,0x2C,0x08,0x20,0x00,0x20,0x00,0x00,0x10,0x88,0x10,0x98,0x10,0x90,
    0x13,0xFC,0x7B,0x24,0x13,0xFC,0x13,0x64,0x3B,0x24,0x73,0xFC,0x10,0x20,0x10,0x60,0x17,0xFE,0x30,0x20,0x60,0x20,0x00,0x20,
    0x00,0x00,0x00,0x00,0x3C,0xFC,0x24,0x84,0x24,0x84,0x3C,0x84,0x24,0xFC,0x24,0x84,0x24,0x84,0x3C,0x84,0x24,0xFC,0x24,0x00,
    0x64,0x00,0x45,0xFE,0x4C,0x00,0x00,0x00,0x00,0x00,0x00,0x00,0x1F,0xF8,0x10,0x08,0x10,0x08,0x10,0x08,0x1F,0xF8,0x18,0x08,
    0x10,0x08,0x10,0x08,0x1F,0xF8,0x00,0x00,0x00,0x00,0x00,0x00,0x7F,0xFE,0x00,0x00,0x00,0x00,0x08,0x00,0x1F,0xFC,0x30,0x00,
    0x6F,0xF8,0x00,0x00,0x1F,0xF8,0x12,0x48,0x16,0x08,0x07,0x88,0x38,0x68,0x02,0x08,0x16,0x88,0x07,0x0E,0x38,0xC6,0x20,0x00,
    0x00,0x00,0x18,0x00,0x19,0xFC,0x13,0x0C,0x33,0x04,0x33,0x04,0x73,0xFC,0x53,0x0C,0x13,0x04,0x13,0x04,0x13,0xFC,0x10,0x00,
    0x10,0x00,0x10,0x00,0x17,0xFE,0x10,0x00,0x10,0x88,0x10,0x98,0x10,0x90,0x13,0xFC,0x5A,0x24,0x57,0xFC,0x53,0x64,0x12,0x24,
    0x13,0xFC,0x10,0x20,0x10,0x60,0x17,0xFE,0x10,0x20,0x10,0x20,0x00,0x20,0x00,0x00,0x00,0x00,0x00,0x40,0x33,0x4C,0x12,0x48,
    0x00,0xE0,0x00,0xB8,0x63,0x0C,0x36,0x40,0x00,0x40,0x03,0x44,0x12,0x68,0x30,0x60,0x20,0x90,0x61,0x98,0x47,0x06,0x00,0x00,
    0x00,0x00,0x20,0x0C,0x27,0x78,0x32,0x08,0x02,0x08,0x02,0x48,0x64,0x4E,0x27,0x48,0x21,0x48,0x21,0x48,0x27,0x48,0x27,0x7E,
    0x33,0x00,0x37,0xC0,0x2C,0x7E,0x00,0x00,0x00,0x00,0x00,0x88,0x78,0x98,0x08,0x98,0x0B,0xFC,0x7B,0x24,0x63,0xFC,0x43,0x24,
    0x7B,0x24,0x3B,0xFC,0x08,0x20,0x08,0x20,0x0B,0xFE,0x18,0x20,0x30,0x20,0x00,0x00,0x00,0x00,0x3F,0xFC,0x09,0x84,0x09,0xF8,
    0x1D,0x80,0x37,0x86,0x60,0xFE,0x01,0x80,0x1F,0xF8,0x11,0x88,0x1F,0xF8,0x11,0x88,0x01,0x9C,0x7F,0xF6,0x00,0x00,0x00,0x00,
    0x00,0x80,0x11,0x84,0x19,0x8C,0x09,0x98,0x09,0x90,0x01,0x80,0x3F,0xFC,0x00,0x04,0x00,0x04,0x3F,0xFC,0x00,0x04,0x00,0x04,
    0x3F,0xFC,0x00,0x0C,0x00,0x04,0x00,0x00,0x10,0x20,0x13,0x22,0x11,0x26,0x11,0xA4,0x7C,0x20,0x10,0x20,0x11,0xFE,0x1C,0x06,
    0x70,0x06,0x51,0xFE,0x10,0x06,0x10,0x06,0x13,0xFE,0x30,0x06,0x00,0x00,0x00,0x00,0x01,0x80,0x19,0x98,0x09,0x90,0x3F,0xFC,
    0x60,0x06,0x60,0x06,0x0F,0xF0,0x08,0x10,0x08,0x10,0x0F,0xF0,0x06,0x40,0x04,0x40,0x0C,0x46,0x70,0x7E,0x00,0x00,0x00,0x00,
    0x04,0x20,0x7F,0xFE,0x06,0x60,0x04,0x20,0x33,0xFC,0x08,0x38,0x40,0x60,0x33,0xFC,0x03,0xF6,0x00,0xB4,0x19,0x24,0x36,0x64,
    0x20,0xC4,0x63,0x9C,0x00,0x00,0x00,0x00,0x10,0x20,0x11,0x24,0x11,0x24,0x11,0xAC,0x78,0x20,0x31,0xFC,0x39,0xFC,0x3C,0x04,
    0x54,0x04,0x51,0xFC,0x10,0x04,0x10,0x04,0x13,0xFC,0x10,0x04,0x10,0x00,0x00,0x00,0x00,0x00,0x00,0x00,0x3F,0xFC,0x03,0x04,
    0x03,0x04,0x03,0x04,0x02,0x04,0x02,0x04,0x02,0x04,0x06,0x04,0x0C,0x04,0x18,0x0C,0x30,0x0C,0x60,0x38,0x00,0x00,0x00,0x00,
    0x00,0x00,0x10,0x40,0x10,0x40,0x11,0xFC,0x11,0x04,0x7D,0x24,0x11,0x04,0x11,0x18,0x3D,0xFE,0x70,0x06,0x10,0x42,0x12,0x52,
    0x12,0xD2,0x13,0xD2,0x30,0x0E,0x00,0x08,0x00,0x00,0x00,0x1E,0x7D,0xF0,0x64,0x00,0x65,0x22,0x7C,0xB4,0x18,0x84,0x08,0x40,
    0x49,0xCE,0x4D,0x02,0x49,0xCE,0x49,0x86,0x5D,0x02,0x79,0xFE,0x01,0x82,0x00,0x00,0x00,0x00,0x18,0x02,0x1F,0xC2,0x11,0x12,
    0x33,0x12,0x32,0x52,0x77,0xD2,0x55,0x12,0x11,0x12,0x17,0xD2,0x11,0x92,0x11,0x02,0x11,0xC2,0x17,0xC6,0x10,0x0C,0x00,0x00,
    0x00,0x00,0x03,0x00,0x03,0x00,0x1F,0xF8,0x12,0x08,0x13,0x18,0x11,0x30,0x10,0x00,0x1F,0xFE,0x02,0x04,0x62,0x24,0x62,0x24,
    0x7F,0xE4,0x00,0x24,0x00,0x1C,0x00,0x00,0x00,0x00,0x10,0x60,0x10,0x60,0x03,0xFE,0x78,0x40,0x09,0xFC,0x08,0x40,0x13,0xFE,
    0x3C,0xCC,0x7C,0x88,0x51,0xFE,0x11,0x08,0x13,0x48,0x16,0x08,0x10,0x18,0x10,0x10,0x1F,0xF8,0x10,0x18,0x10,0x08,0x1F,0xF8,
    0x10,0x00,0x10,0x06,0x1F,0xFC,0x00,0x10,0x00,0x30,0x7F,0xFE,0x00,0x30,0x08,0x30,0x0C,0x30,0x00,0x60,0x00,0x00,0x00,0x00,
    0x00,0x06,0x7F,0x86,0x08,0x26,0x19,0x26,0x11,0x26,0x77,0xA6,0x7C,0xA6,0x0C,0x26,0x0C,0x26,0x3F,0xA6,0x0C,0x26,0x0C,0x06,
    0x7F,0x86,0x60,0x1C,0x00,0x08,0x00,0x00,0x00,0x00,0x0C,0x0C,0x79,0xF0,0x10,0x00,0x11,0x32,0x7C,0x94,0x7C,0x84,0x10,0x40,
    0x3D,0xCE,0x3D,0x02,0x75,0xCE,0x51,0x82,0x11,0x02,0x11,0xFE,0x11,0x82,0x10,0x00,0x10,0x20,0x10,0x3E,0x10,0x20,0x11,0xFC,
    0x55,0x06,0x57,0x06,0x51,0xFE,0x11,0x06,0x11,0xFE,0x10,0x20,0x13,0xFE,0x10,0x20,0x10,0x20,0x10,0x20,0x00,0x20,0x00,0x00,
    0x00,0x00,0x01,0x18,0x21,0x90,0x37,0xFE,0x00,0x60,0x01,0xF8,0x03,0xFC,0x73,0x0C,0x13,0xFC,0x13,0x04,0x13,0xFC,0x12,0x04,
    0x13,0xFC,0x38,0x00,0x47,0xFE,0x00,0x00,0x00,0x00,0x00,0x80,0x31,0x80,0x19,0xFC,0x02,0x44,0x00,0x60,0x08,0xE0,0x19,0x98,
    0x27,0x0C,0x00,0x00,0x1F,0xFC,0x12,0x4C,0x12,0x4C,0x12,0x4C,0x7F,0xFE,0x00,0x00,0x00,0x00,0x10,0x40,0x13,0xFC,0x30,0x40,
    0x60,0x40,0x4B,0xFC,0x12,0x94,0x33,0xFC,0x70,0x00,0x50,0x00,0x13,0xFC,0x10,0x60,0x15,0xA6,0x15,0x8A,0x10,0xF8,0x00,0x00,
    0x08,0x00,0x19,0xFC,0x31,0x0C,0x61,0xFC,0x09,0x04,0x19,0xFC,0x30,0x00,0x73,0xFE,0x50,0x08,0x17,0xFE,0x10,0x08,0x11,0x08,
    0x11,0x88,0x10,0x38,0x00,0x00,0x00,0x00,0x08,0x20,0x08,0x60,0x18,0x40,0x3E,0x7E,0x22,0xC6,0x22,0x86,0x22,0x06,0x3E,0x64,
    0x22,0x24,0x22,0x34,0x22,0x04,0x22,0x04,0x3E,0x04,0x22,0x3C,0x00,0x00,0x00,0x00,0x00,0x14,0x7D,0xD8,0x44,0x52,0x45,0x8E,
    0x6D,0xFC,0x39,0x04,0x1B,0x02,0x58,0xFC,0x5C,0x8C,0x58,0xFC,0x58,0x88,0x58,0x88,0x7C,0x98,0x63,0xFE,0x00,0x00,0x00,0x00,
    0x00,0x00,0x08,0x00,0x09,0xFE,0x08,0x18,0x08,0x10,0x4A,0x10,0x4C,0x10,0x48,0x10,0x48,0x10,0x18,0x10,0x1C,0x10,0x16,0x10,
    0x33,0x10,0x20,0x10,0x60,0x70,0x00,0x20,0x00,0x00,0x00,0x58,0x3E,0x70,0x02,0x64,0x24,0x2C,0x1C,0x30,0x1F,0xF8,0x30,0x0E,
    0x6F,0xF0,0x08,0x10,0x08,0x10,0x0F,0xF0,0x04,0x20,0x06,0x20,0x3F,0xFE,0x00,0x00,0x00,0x00,0x10,0x20,0x3F,0x7E,0x64,0xC8,
    0x45,0x8C,0x1F,0xF8,0x01,0x80,0x01,0x80,0xFF,0xFE,0x00,0x30,0x00,0x30,0x3F,0xFC,0x08,0x30,0x04,0x30,0x00,0x70,0x00,0x00,
    0x00,0x00,0x79,0xD4,0x78,0xD8,0x48,0x92,0x4B,0x9C,0x79,0xF8,0x4B,0x06,0x4E,0x06,0x79,0xF8,0x69,0x88,0x49,0xF8,0x48,0x90,
    0x78,0x98,0x48,0x90,0x43,0xFE,0x00,0x00,0x00,0x00,0x3E,0x58,0x3E,0x64,0x16,0x2C,0x1F,0xF8,0x18,0x1E,0x6F,0xF6,0x0C,0x10,
    0x07,0xF0,0x04,0x60,0x7F,0xFE,0x00,0x00,0x07,0xE0,0x04,0x24,0x38,0x3C,0x30,0x00,0x00,0x00,0x3F,0x7E,0x02,0x66,0x02,0x64,
    0x32,0x64,0x1A,0x6C,0x0E,0x6C,0x0C,0x64,0x0E,0x66,0x1A,0x62,0x13,0x6E,0x60,0x6C,0x40,0x60,0x00,0x60,0x00,0x00,0x00,0x00,
    0x00,0x00,0x11,0xFC,0x11,0x84,0x11,0x84,0x11,0xFC,0x7D,0x04,0x11,0xFC,0x10,0x00,0x13,0xFE,0x10,0x20,0x1D,0x20,0x79,0x3C,
    0x43,0xA0,0x06,0xE0,0x04,0x7E,0x00,0x00,0x00,0x00,0x08,0x00,0x18,0xFC,0x13,0xE0,0x12,0x20,0x32,0x20,0x32,0x20,0x53,0xFE,
    0x12,0x20,0x12,0x20,0x12,0x30,0x12,0x90,0x13,0x92,0x13,0x8A,0x12,0x4E,0x10,0x00,0x00,0x00,0x00,0x40,0x30,0x60,0x1F,0xFE,
    0x01,0x98,0x00,0x90,0x67,0xFE,0x36,0x02,0x07,0xFA,0x06,0x62,0x16,0x62,0x36,0xF2,0x26,0x92,0x66,0xF2,0x46,0x06,0x00,0x04,
    0x00,0x60,0x30,0x60,0x10,0x60,0x03,0xFC,0x02,0x64,0x62,0x64,0x73,0xFC,0x13,0xFC,0x12,0x64,0x12,0x64,0x13,0xFC,0x30,0x00,
    0x6C,0x00,0x43,0xFE,0x00,0x00,0x00,0x00,0x00,0x00,0x02,0x20,0x7E,0x60,0x08,0x40,0x08,0x7E,0x7F,0xCC,0x18,0xC8,0x09,0xC8,
    0x08,0x48,0x7E,0x28,0x62,0x38,0x62,0x30,0x7E,0x38,0x62,0x6C,0x01,0xC6,0x00,0x00,0x00,0x00,0x18,0x20,0x10,0x60,0x3F,0x7E,
    0x6C,0x98,0x44,0x88,0x01,0x80,0x01,0x80,0x1F,0xFC,0x11,0x8C,0x1F,0xFC,0x11,0x8C,0x11,0x8C,0x1F,0xFC,0x10,0x0C,0x00,0x00,
    0x00,0x00,0x04,0x20,0x3C,0x20,0x18,0x20,0x39,0xA6,0x69,0x24,0x09,0x24,0x09,0x2C,0x1C,0x60,0x3C,0x70,0x6C,0x50,0x0C,0xD8,
    0x08,0x88,0x09,0x8C,0x33,0x06,0x00,0x00,0x00,0x00,0x00,0x80,0x31,0x80,0x19,0xF8,0x03,0x98,0x04,0xF0,0x60,0x60,0x31,0xFC,
    0x07,0x46,0x00,0x60,0x13,0xFC,0x30,0x60,0x23,0x68,0x66,0x66,0x44,0xC0,0x00,0x80,0x3E,0x7C,0x13,0x4C,0x13,0x64,0x13,0x04,
    0x3F,0xFC,0x21,0x04,0x08,0x80,0x1F,0xFC,0x30,0x80,0x7F,0xFC,0x50,0x80,0x1F,0xFC,0x10,0x80,0x1F,0xFC,0x00,0x00,0x00,0x00,
    0x00,0x00,0x30,0x20,0x30,0x30,0x21,0xFE,0x30,0x98,0x7C,0xD8,0x2F,0xFE,0x2B,0x22,0x2B,0xFA,0x6B,0x22,0x3B,0x72,0x1B,0x52,
    0x1F,0x72,0x23,0x02,0x63,0x0E,0x00,0x00,0x00,0x00,0x10,0x08,0x11,0xF8,0x11,0x30,0x7D,0x30,0x11,0x30,0x11,0x30,0x11,0xFE,
    0x1D,0x10,0x71,0x10,0x11,0x10,0x11,0x50,0x11,0x8A,0x11,0x4E,0x70,0x26,0x00,0x00,0x00,0x00,0x00,0x80,0x00,0xC0,0x1F,0xFE,
    0x10,0x00,0x13,0xFC,0x16,0x60,0x16,0x60,0x16,0x60,0x17,0xFE,0x36,0x20,0x26,0x20,0x27,0x90,0x67,0x9A,0x44,0xCE,0x00,0x00,
    0x00,0x00,0x10,0x20,0x10,0x20,0x11,0x20,0x11,0x24,0x7D,0x3C,0x79,0xE4,0x17,0x24,0x11,0x24,0x11,0x24,0x11,0x2C,0x1D,0x20,
    0x79,0x02,0x41,0x02,0x01,0xFC,0x00,0x00,0x04,0x20,0x3F,0xFC,0x04,0x20,0x05,0xA0,0x3F,0xFC,0x04,0x60,0x04,0x20,0x7F,0xFE,
    0x41,0x82,0x4F,0xFA,0x1F,0xF8,0x11,0x88,0x11,0x98,0x11,0x90,0x00,0x00,0x00,0x00,0x00,0x00,0x18,0x20,0x1F,0x7E,0x3C,0x58,
    0x64,0x88,0x3F,0xF8,0x01,0x88,0x01,0x88,0x3F,0xF8,0x31,0x80,0x3F,0xFC,0x1F,0xFC,0x07,0x84,0x1D,0x8C,0x71,0x98,0x00,0x80,
    0x00,0x00,0x01,0x00,0x01,0x80,0x3F,0xFC,0x04,0x20,0x04,0x60,0x7F,0xFE,0x60,0x02,0x41,0x82,0x1F,0xF8,0x11,0x88,0x11,0x88,
    0x11,0x88,0x11,0xB8,0x01,0x80,0x00,0x00,0x00,0x00,0x04,0x30,0x06,0x20,0x3F,0xFC,0x01,0x8C,0x00,0x84,0x1F,0xFC,0x31,0x80,
    0x20,0x80,0x3F,0xFC,0x3F,0xFE,0x03,0x86,0x04,0x84,0x18,0x9C,0x70,0x80,0x00,0x00,0x00,0x00,0x01,0x10,0x21,0x90,0x33,0xFC,
    0x10,0x44,0x00,0x44,0x03,0xFC,0x72,0x40,0x13,0xFC,0x10,0xE6,0x11,0xC6,0x13,0x4C,0x36,0x40,0x3C,0x40,0x47,0xFE,0x00,0x00,
    0x00,0x00,0x10,0x20,0x10,0x30,0x31,0xFE,0x24,0x98,0x4C,0xD8,0x7B,0xFE,0x12,0x22,0x30,0x20,0x39,0xFC,0x79,0x24,0x01,0x24,
    0x0D,0x24,0x79,0x2C,0x00,0x20,0x00,0x20,0x00,0x00,0x08,0x00,0x7E,0x7E,0x08,0x10,0x3E,0x10,0x22,0x7E,0x3E,0x46,0x22,0x56,
    0x3E,0x56,0x22,0x56,0x3E,0x56,0x7F,0x54,0x36,0x30,0x36,0x6C,0x60,0xC6,0x00,0x00,0x10,0x20,0x10,0x30,0x13,0xFE,0x7B,0x00,
    0x33,0x30,0x13,0x3E,0x13,0x30,0x3B,0x30,0x72,0xFC,0x12,0xC4,0x12,0xC4,0x12,0xC4,0x36,0xFC,0x74,0xC4,0x00,0x00,0x00,0x00,
    0x00,0x40,0x33,0xFC,0x18,0x60,0x01,0xF8,0x03,0x0C,0x63,0xFC,0x33,0x0C,0x03,0xFC,0x03,0x0C,0x13,0xFC,0x33,0x0C,0x27,0xFE,
    0x61,0x18,0x46,0x06,0x00,0x00,0x00,0x00,0x00,0x50,0x00,0x50,0x7F,0xFC,0x11,0x54,0x11,0x54,0x39,0xD4,0x7D,0xFC,0x6D,0x54,
    0x2D,0x54,0x2F,0xFE,0x3C,0x00,0x3C,0x98,0x21,0x8C,0x03,0x06,0x00,0x00,0x00,0x00,0x01,0x00,0x01,0x00,0x01,0xFC,0x01,0x00,
    0x01,0x00,0x1F,0xF8,0x10,0x08,0x10,0x08,0x10,0x08,0x1F,0xF8,0x00,0x00,0x34,0x44,0x26,0x44,0x62,0x66,0x00,0x00,0x00,0x00,
    0x02,0x40,0x02,0x40,0x1F,0xF8,0x16,0x68,0x12,0x48,0x16,0x68,0x1F,0xF8,0x12,0x48,0x12,0x48,0x7F,0xFE,0x00,0x00,0x04,0x30,
    0x0C,0x1C,0x30,0x04,0x00,0x00,0x00,0x00,0x08,0x10,0x18,0x10,0x7E,0xFE,0x18,0x82,0x3E,0x00,0x7E,0x7C,0x00,0x10,0x7E,0x10,
    0x62,0x5C,0x7E,0x50,0x62,0xD0,0x7E,0xD0,0x42,0xB8,0x47,0x8E,0x00,0x00,0x00,0x00,0x00,0x00,0x08,0x60,0x08,0x40,0x7D,0xF8,
    0x08,0x48,0x1D,0xC8,0x78,0xC8,0x08,0xE8,0x1B,0x0E,0x30,0x06,0x01,0x80,0x3F,0xFC,0x01,0x80,0x01,0x80,0x7F,0xFE,0x00,0x00,
    0x01,0x00,0x01,0x00,0x03,0x00,0x3F,0xF8,0x21,0x08,0x21,0x08,0x3F,0xF8,0x21,0x08,0x21,0x08,0x3F,0xF8,0x3F,0xF8,0x21,0x00,
    0x01,0x02,0x01,0xFE,0x00,0x00,0x00,0x00,0x00,0x00,0x10,0x00,0x13,0xFE,0x12,0x66,0x32,0x22,0x32,0x22,0x72,0x22,0x73,0xFE,
    0x12,0x66,0x12,0x22,0x12,0x22,0x12,0x22,0x12,0x26,0x13,0xFE,0x12,0x02,0x10,0x00,0x00,0x00,0x0C,0x00,0x08,0x00,0x1F,0xFC,
    0x30,0x04,0x20,0x04,0x5F,0xE4,0x11,0x24,0x1B,0x24,0x1F,0xE4,0x11,0x24,0x1B,0x24,0x1F,0xE4,0x10,0x24,0x00,0x1C,0x00,0x10,
    0x00,0x00,0x00,0x80,0x00,0x80,0x3F,0xFC,0x30,0x80,0x30,0x80,0x30,0xFC,0x30,0xC0,0x30,0x80,0x37,0xF8,0x24,0x0C,0x24,0x0C,
    0x24,0x0C,0x67,0xFC,0x64,0x0C,0x00,0x00,0x00,0x00,0x10,0x30,0x10,0x30,0x11,0xFE,0x5D,0x00,0x55,0x30,0x51,0x3E,0x51,0x30,
    0x11,0x30,0x11,0x7C,0x13,0x44,0x12,0x44,0x12,0x44,0x16,0x7C,0x14,0x44,0x00,0x00,0x00,0x00,0x04,0x20,0x06,0x60,0x7F,0xFE,
    0x02,0x40,0x1F,0xF8,0x16,0x78,0x18,0x08,0x1F,0xF8,0x10,0x08,0x1F,0xF8,0x01,0x00,0x7F,0xFE,0x02,0x60,0x7C,0x3E,0x20,0x00,
    0x00,0x00,0x00,0x40,0x30,0x60,0x1F,0xFE,0x06,0x06,0x00,0x00,0x63,0xFC,0x10,0x60,0x00,0x20,0x03,0x38,0x12,0x20,0x33,0x20,
    0x27,0x20,0x64,0xE0,0x4C,0x7E,0x00,0x00,0x00,0x00,0x3F,0x3C,0x21,0x24,0x21,0x24,0x3F,0x64,0x2D,0x46,0x3F,0x00,0x2F,0x7C,
    0x2D,0x24,0x3F,0xA4,0x20,0x38,0x49,0x18,0x49,0x38,0x10,0xE6,0x00,0x80,0x00,0x00,0x00,0x00,0x7D,0xFE,0x11,0x22,0x11,0x32,
    0x21,0x72,0x3D,0x22,0x65,0x7A,0x65,0x02,0x25,0x72,0x25,0x4A,0x3D,0x4A,0x27,0x7A,0x22,0x02,0x06,0x0E,0x00,0x00,0x00,0x00,
    0x00,0x00,0x7D,0xFE,0x64,0x06,0x44,0x06,0x44,0x06,0x44,0x16,0x44,0x24,0x44,0x64,0x44,0xC4,0x65,0x84,0x7F,0x04,0x44,0x04,
    0x40,0x04,0x00,0x3C,0x00,0x00,0x00,0x00,0x00,0x00,0x00,0x28,0x7F,0x2C,0x69,0x20,0x6D,0x7E,0x6D,0x68,0x6D,0xE8,0x7F,0x7E,
    0x61,0x68,0x7D,0x68,0x55,0x7E,0x5D,0x68,0x4D,0x68,0x41,0x7E,0x43,0x60,0x00,0x00,0x00,0x00,0x03,0xFE,0x22,0x22,0x32,0x22,
    0x12,0xF2,0x02,0x22,0x02,0xF2,0x1A,0x02,0x12,0x02,0x22,0xF2,0x66,0x92,0x44,0xF2,0x04,0x06,0x0C,0x0E,0x00,0x00,0x00,0x00,
    0x00,0x00,0x00,0x00,0x3F,0xFE,0x00,0x04,0x00,0x04,0x00,0x04,0x00,0x64,0x00,0xC4,0x01,0x84,0x06,0x04,0x0C,0x04,0x38,0x04,
    0x30,0x04,0x00,0x3C,0x00,0x38,0x00,0x00,0x00,0x00,0x10,0x60,0x10,0x7C,0x10,0x60,0x78,0x60,0x7D,0xFC,0x11,0x04,0x11,0xFC,
    0x3D,0x04,0x71,0xFC,0x10,0x60,0x10,0x60,0x17,0xFE,0x10,0x20,0x70,0x20,0x00,0x20,0x00,0x00,0x1F,0xF8,0x10,0x08,0x10,0x08,
    0x1F,0xF8,0x01,0x80,0x01,0x80,0x3F,0xFC,0x31,0x84,0x21,0x84,0x21,0x84,0x21,0x84,0x21,0x9C,0x01,0x80,0x00,0x00,0x00,0x00,
    0x00,0x00,0x10,0x60,0x10,0x40,0x3E,0x40,0x20,0xFE,0x40,0x86,0x7E,0x86,0x19,0x06,0x18,0x64,0x7E,0x24,0x18,0x24,0x18,0x04,
    0x1A,0x04,0x1C,0x04,0x18,0x1C,0x00,0x00,0x00,0x00,0x31,0xFE,0x19,0x22,0x01,0x22,0x01,0x7A,0x71,0x22,0x11,0x7A,0x11,0x02,
    0x11,0x72,0x17,0x5A,0x1E,0x4A,0x1A,0x7A,0x16,0x02,0x04,0x0E,0x00,0x00,0x00,0x00,0x00,0x00,0x00,0x30,0x3E,0xB0,0x22,0xB0,
    0x22,0xFC,0x26,0xB0,0x3D,0x30,0x08,0x30,0x6D,0xFE,0x6C,0x30,0x68,0x30,0x68,0x28,0x7E,0x48,0x78,0xC4,0x01,0x82,0x00,0x00,
    0x00,0x00,0x06,0x30,0x1C,0x3C,0x33,0xC4,0x03,0xC0,0x0E,0x7C,0x73,0x06,0x0F,0xF0,0x18,0x60,0x03,0x80,0x3D,0xFC,0x03,0x08,
    0x1D,0x18,0x01,0xE0,0x3F,0x80,0x38,0x00,0x00,0x00,0x00,0x24,0x01,0x24,0x3B,0xFE,0x11,0x24,0x31,0x2C,0x31,0x38,0x7D,0xFC,
    0x64,0x30,0x24,0x20,0x25,0xFE,0x24,0x70,0x3C,0xE8,0x25,0xA6,0x23,0x22,0x00,0x00,0x00,0x00,0x10,0x24,0x10,0xA4,0x13,0xFE,
    0x7C,0xA4,0x54,0xA4,0x54,0xBC,0x54,0xFC,0x7C,0x30,0x54,0x30,0x11,0xFE,0x14,0x78,0x1E,0xFC,0x63,0xB6,0x01,0x32,0x00,0x00,
    0x00,0x00,0x00,0x60,0x23,0x60,0x33,0xFC,0x13,0xFC,0x06,0x40,0x00,0x40,0x77,0xFE,0x10,0x40,0x10,0xE0,0x11,0x98,0x13,0x0C,
    0x16,0x04,0x3C,0x00,0x47,0xFE,0x00,0x00,0x20,0x48,0x22,0x48,0x17,0xFE,0x03,0x48,0x02,0x48,0x72,0x78,0x33,0x00,0x33,0xFC,
    0x30,0x20,0x37,0xFE,0x38,0xF0,0x39,0xB8,0x33,0x2E,0x06,0x22,0x00,0x00,0x00,0x00,0x1F,0xF0,0x0E,0x70,0x03,0xE0,0x1E,0x38,
    0x7E,0xFC,0x14,0x68,0x0E,0x3C,0x30,0xC4,0x7F,0xFE,0x4F,0xF2,0x08,0x10,0x08,0x10,0x0F,0xF0,0x3F,0xFE,0x00,0x00,0x00,0x00,
    0x00,0x00,0x7F,0xFE,0x01,0x80,0x01,0x80,0x01,0x80,0x01,0x80,0x01,0x80,0x01,0x80,0x01,0x80,0x01,0x80,0x01,0x80,0x01,0x80,
    0x01,0x80,0x07,0x00,0x00,0x00,0x00,0x00,0x00,0x00,0x7E,0xFE,0x46,0x18,0x46,0x10,0x7E,0x10,0x66,0x10,0x46,0x10,0x46,0x10,
    0x7E,0x10,0x46,0x10,0x46,0x10,0x7E,0x10,0x66,0x10,0x40,0x30,0x00,0x00,0x00,0x00,0x00,0x00,0x7D,0xFE,0x64,0x18,0x64,0x10,
    0x64,0x10,0x64,0x10,0x64,0x10,0x64,0x10,0x64,0x10,0x7C,0x10,0x64,0x10,0x64,0x10,0x60,0x10,0x00,0x70,0x00,0x00,0x00,0x00,
    0x00,0x00,0x18,0x00,0x10,0xFE,0x3E,0x18,0x60,0x10,0x40,0x10,0x3E,0x10,0x18,0x10,0x18,0x10,0x7E,0x10,0x18,0x10,0x18,0x10,
    0x1E,0x10,0x1C,0x10,0x18,0x70,0x00,0x00,0x00,0x00,0x7B,0xFE,0x10,0x60,0x10,0x60,0x11,0xFC,0x11,0x04,0x11,0x64,0x11,0x64,
    0x11,0x64,0x11,0x64,0x11,0x44,0x10,0x50,0x71,0x8C,0x07,0x06,0x00,0x00,0x00,0x00,0x07,0xF0,0x04,0x10,0x07,0xF0,0x24,0x16,
    0x27,0xF6,0x24,0x16,0x27,0xF6,0x20,0x06,0x3E,0x7E,0x02,0x40,0x7E,0x7C,0x12,0x44,0x32,0x44,0x62,0x44,0x02,0x00,0x00,0x00,
    0x00,0x00,0x10,0x20,0x30,0x20,0x3D,0xFE,0x61,0x02,0x40,0x00,0x39,0xFE,0x10,0x30,0x10,0x20,0x7C,0xBC,0x11,0xB0,0x11,0x20,
    0x15,0xA0,0x1B,0x70,0x12,0x3E,0x00,0x00,0x00,0x00,0x01,0x00,0x01,0x80,0x3F,0xFC,0x20,0x04,0x20,0x04,0x0F,0xF8,0x01,0x80,
    0x00,0x80,0x08,0x80,0x18,0xF8,0x18,0x80,0x3C,0x80,0x27,0x80,0x41,0xFE,0x00,0x00,0x00,0x00,0x33,0xFE,0x18,0x10,0x00,0x10,
    0x00,0x10,0x78,0x10,0x18,0x10,0x18,0x10,0x18,0x10,0x18,0x10,0x1A,0x10,0x1E,0x10,0x1C,0x10,0x18,0x70,0x00,0x00,0x00,0x00,
    0x00,0x00,0x03,0xF8,0x1D,0x80,0x01,0x80,0x3F,0xF8,0x01,0x80,0x01,0x80,0x7F,0xFE,0x03,0x00,0x02,0x00,0x06,0x20,0x0C,0x10,
    0x18,0x38,0x1F,0xCC,0x00,0x00,0x00,0x00,0x00,0x00,0x01,0x00,0x03,0x00,0x02,0x00,0x3F,0xFC,0x04,0x00,0x08,0x80,0x18,0x80,
    0x3F,0xFC,0x00,0x80,0x00,0x80,0x0C,0x98,0x18,0x8C,0x30,0x86,0x23,0x80,0x00,0x00,0x00,0x00,0x06,0x00,0x06,0x00,0x0F,0xF8,
    0x1C,0x30,0x32,0x60,0x21,0xC0,0x03,0xC0,0x0E,0x78,0x7A,0x0E,0x03,0xC0,0x00,0x60,0x04,0x00,0x07,0xC0,0x00,0x60,0x00,0x00,
    0x04,0x60,0x7F,0xFC,0x04,0x60,0x00,0xF8,0x19,0x80,0x7F,0xFE,0x01,0x80,0x1F,0xF8,0x1F,0xF8,0x11,0x88,0x1F,0xF8,0x01,0x80,
    0x01,0x80,0x7F,0xFE,0x00,0x00,0x00,0x00,0x10,0x90,0x17,0xFE,0x10,0x90,0x18,0xFC,0x58,0x60,0x57,0xFE,0x50,0x60,0x13,0xFC,
    0x13,0xFC,0x12,0x64,0x13,0xFC,0x10,0x60,0x10,0x60,0x17,0xFE,0x00,0x00,0x00,0x00,0x00,0x30,0x00,0x30,0x3E,0x30,0x00,0x30,
    0x00,0xFE,0x7E,0x32,0x7E,0x22,0x10,0x22,0x12,0x22,0x22,0x22,0x23,0x62,0x7D,0x46,0x00,0xC6,0x01,0x9C,0x00,0x00,0x00,0x00,
    0x00,0x00,0x10,0x40,0x10,0x40,0x11,0xFC,0x7C,0xC0,0x10,0x80,0x10,0xB0,0x39,0xB0,0x3D,0xFE,0x70,0x30,0x50,0xB0,0x11,0xB4,
    0x11,0x36,0x12,0x32,0x10,0x60,0x00,0x00,0x00,0x00,0x08,0x00,0x1B,0xFE,0x12,0x06,0x32,0x06,0x32,0xF6,0x72,0x06,0x52,0xF6,
    0x12,0x96,0x12,0x96,0x12,0x96,0x12,0xF6,0x12,0x06,0x12,0x06,0x12,0x0C,0x00,0x00,0x10,0x00,0x13,0xFE,0x13,0x02,0x13,0x02,
    0x7F,0x7A,0x57,0x02,0x53,0x72,0x13,0x52,0x13,0x52,0x13,0x52,0x13,0x72,0x13,0x02,0x13,0x06,0x13,0x0E,0x00,0x00,0x00,0x00,
    0x00,0x00,0x00,0xC0,0x00,0x80,0x67,0xFE,0x31,0x80,0x11,0x00,0x03,0x60,0x02,0x60,0x17,0xFC,0x10,0x60,0x21,0x68,0x63,0x6C,
    0x46,0x66,0x0C,0x62,0x00,0xE0,0x00,0x00,0x20,0x00,0x37,0xFE,0x16,0x06,0x06,0x06,0x46,0xF6,0x76,0x06,0x16,0xF6,0x06,0x96,
    0x06,0x96,0x16,0x96,0x36,0xF6,0x26,0x06,0x26,0x06,0x66,0x0C,0x00,0x00,0x00,0x00,0x00,0x00,0x01,0x80,0x39,0x9C,0x27,0xC4,
    0x22,0x44,0x23,0xC4,0x22,0x44,0x3A,0x44,0x73,0xDC,0x00,0x00,0x06,0x40,0x06,0x40,0x04,0x42,0x0C,0x42,0x78,0x7E,0x00,0x00,
    0x00,0x00,0x08,0x08,0x18,0x88,0x18,0xC8,0x7E,0x48,0x7E,0x08,0x18,0x08,0x18,0x88,0x1E,0x48,0x78,0x08,0x58,0x1E,0x1B,0xF8,
    0x18,0x08,0x18,0x08,0x30,0x08,0x00,0x08,0x00,0x20,0x00,0x20,0x0E,0x20,0x03,0x20,0x01,0x20,0x18,0x20,0x0C,0x20,0x04,0x20,
    0x00,0x3E,0x7F,0xF8,0x60,0x20,0x00,0x20,0x00,0x20,0x00,0x20,0x00,0x00,0x00,0x00,0x00,0x20,0x3C,0x20,0x6D,0xFC,0x68,0x20,
    0x68,0x20,0x7B,0xFE,0x68,0x30,0x64,0x30,0x65,0xBE,0x6D,0x30,0x69,0xB0,0x61,0xF0,0x62,0x70,0x26,0x1E,0x00,0x00,0x00,0x00,
    0x00,0x00,0x00,0x00,0x3F,0xFC,0x00,0x00,0x0F,0xF0,0x1F,0xF8,0x10,0x08,0x10,0x08,0x18,0x18,0x1F,0xF8,0x08,0x30,0x0C,0x30,
    0x04,0x20,0x00,0x60,0x7F,0xFE,0x00,0x00,0x00,0x00,0x27,0xFC,0x10,0x00,0x13,0xFC,0x02,0x0C,0x62,0x04,0x73,0xFC,0x10,0x00,
    0x11,0x18,0x11,0x90,0x17,0xFE,0x30,0x00,0x7C,0x00,0x43,0xFE,0x00,0x00,0x00,0x00,0x00,0x00,0x00,0x40,0x00,0xE0,0x1F,0xFE,
    0x58,0x00,0x7F,0xFE,0x38,0x00,0x1B,0xFC,0x1A,0x04,0x7A,0x04,0x1B,0xFC,0x11,0x00,0x11,0x18,0x30,0x10,0x27,0xFE,0x00,0x00,
    0x08,0x00,0x08,0xBE,0x3F,0xA4,0x09,0x24,0x0A,0x24,0x7F,0xEC,0x0C,0x28,0x18,0x24,0x31,0xA6,0x71,0xA2,0x1F,0xA2,0x11,0xAE,
    0x1F,0xA0,0x11,0xA0,0x00,0x20,0x00,0x00,0x08,0x00,0x0F,0x7E,0x08,0x64,0x7F,0xAC,0x08,0x38,0x2B,0x18,0x49,0x6E,0x08,0x42,
    0x1F,0xF8,0x10,0x08,0x1F,0xF8,0x1F,0xF8,0x10,0x18,0x1F,0xF8,0x10,0x08,0x00,0x00,0x01,0x80,0x3F,0xFC,0x01,0x80,0x1F,0xF8,
    0x01,0x80,0x7F,0xFE,0x0F,0xF8,0x09,0x98,0x18,0x88,0x7F,0xFE,0x11,0x88,0x11,0x98,0x1F,0xFC,0x00,0x30,0x00,0x00,0x00,0x00,
    0x00,0x00,0x18,0x20,0x10,0x20,0x51,0xFE,0x58,0x20,0x7D,0xFE,0x50,0x04,0x10,0xD0,0x1C,0x30,0x79,0xA0,0x50,0x20,0x13,0xFE,
    0x10,0x60,0x10,0xD8,0x13,0x86,0x00,0x00,0x00,0x00,0x00,0x20,0x24,0x20,0x38,0x20,0x19,0xFC,0x79,0x24,0x49,0x24,0x09,0x24,
    0x19,0x24,0x3D,0xFC,0x6D,0x20,0x4C,0x20,0x08,0x24,0x08,0x26,0x3B,0xF6,0x20,0x00,0x00,0x20,0x30,0x20,0x13,0xFC,0x00,0x20,
    0x03,0xFE,0x71,0x04,0x11,0xB4,0x12,0x20,0x13,0x20,0x11,0x20,0x17,0xFE,0x18,0x60,0x30,0xD8,0x03,0x86,0x00,0x00,0x00,0x00,
    0x10,0x40,0x10,0x44,0x11,0xFC,0x10,0x48,0x78,0x58,0x13,0xFE,0x10,0xC0,0x11,0x80,0x17,0xFC,0x11,0x04,0x39,0xFC,0x61,0x04,
    0x01,0x0C,0x01,0xFC,0x00,0x00,0x00,0x00,0x00,0x00,0x00,0x40,0x78,0x60,0x4D,0xFC,0x4C,0x48,0x4C,0x78,0x7F,0xFE,0x4C,0x20,
    0x4C,0xF8,0x7D,0x8C,0x4F,0x84,0x4C,0xFC,0x7C,0x84,0x40,0x84,0x00,0xFC,0x00,0x84,0x00,0x20,0x7C,0x20,0x44,0xFC,0x54,0x24,
    0x54,0x28,0x55,0xFE,0x54,0x10,0x54,0x30,0x54,0xFC,0x57,0xC4,0x10,0x7C,0x38,0x44,0x24,0x44,0x62,0x7C,0x00,0x00,0x00,0x00,
    0x00,0x20,0x18,0x20,0x18,0x20,0x18,0x20,0x7C,0x20,0x19,0xFE,0x18,0x20,0x3C,0x20,0x3E,0x20,0x58,0x20,0x58,0x20,0x18,0x20,
    0x1B,0xFE,0x18,0x00,0x00,0x00,0x00,0x00,0x00,0x00,0x10,0x20,0x10,0x30,0x31,0x6C,0x79,0x48,0x41,0xFE,0x79,0x6C,0x11,0x78,
    0x11,0x00,0x79,0x7C,0x13,0x4C,0x12,0x6C,0x1E,0x38,0x32,0x38,0x04,0xEE,0x00,0x00,0x00,0x00,0x3E,0x30,0x26,0x30,0x26,0x30,
    0x26,0x30,0x3E,0xFE,0x26,0x30,0x26,0x30,0x26,0x30,0x3E,0x30,0x26,0x30,0x66,0x30,0x46,0x30,0x4D,0xFE,0x00,0x00,0x00,0x00,
    0x00,0x00,0x00,0x80,0x00,0xC0,0x3F,0xFC,0x22,0x10,0x23,0x10,0x2F,0xFC,0x22,0x10,0x23,0xF0,0x20,0x00,0x2F,0xF8,0x23,0x10,
    0x21,0xA0,0x60,0xE0,0x47,0x3E,0x08,0x00,0x00,0x00,0x00,0x60,0x33,0xFE,0x16,0xC0,0x04,0xC8,0x47,0xFE,0x26,0xD8,0x04,0xF8,
    0x04,0x00,0x05,0xF8,0x34,0xCC,0x24,0x48,0x2C,0x70,0x68,0x70,0x1B,0xCE,0x00,0x00,0x00,0x00,0x08,0x30,0x18,0x10,0x10,0x10,
    0x7C,0xFE,0x36,0x82,0x12,0x82,0x26,0x86,0x24,0xFE,0x24,0x80,0x1C,0x80,0x0C,0x80,0x1F,0x80,0x31,0x00,0x63,0x00,0x00,0x00,
    0x00,0x00,0x10,0x20,0x11,0x24,0x01,0x24,0x7D,0xFC,0x00,0x00,0x09,0xFE,0x49,0xFE,0x68,0x20,0x29,0xFE,0x29,0x52,0x09,0x52,
    0x3D,0x52,0x41,0x52,0x01,0x06,0x00,0x04,0x20,0x00,0x21,0xFE,0x60,0x00,0x7C,0x00,0x48,0xFC,0x08,0x84,0x18,0x84,0x7E,0x84,
    0x18,0xFC,0x18,0x8C,0x1C,0xCC,0x36,0x48,0x20,0x18,0x41,0xFE,0x00,0x00,0x00,0x00,0x10,0x98,0x33,0xBC,0x3A,0x24,0x63,0x24,
    0x43,0xA4,0x3A,0x26,0x12,0x3C,0x33,0xA4,0x32,0x24,0x12,0x14,0x13,0x9C,0x1F,0x18,0x32,0x1C,0x02,0x66,0x00,0x00,0x00,0x00,
    0x04,0x00,0x3C,0xF8,0x20,0x88,0x20,0x88,0x3C,0x88,0x21,0x8C,0x20,0x00,0x3D,0xFC,0x20,0x88,0x20,0x48,0x3E,0x50,0x70,0x30,
    0x20,0x70,0x23,0x8E,0x20,0x00,0x00,0x00,0x04,0x00,0x14,0xBE,0x75,0xA0,0x77,0x20,0x64,0x20,0x7F,0xBE,0x64,0x2C,0x6F,0x24,
    0x6D,0xA4,0x74,0xE4,0x64,0x44,0x60,0x44,0x7F,0xC4,0x00,0x84,0x00,0x00,0x00,0x00,0x00,0x00,0x33,0xBC,0x22,0x24,0x2A,0x24,
    0x4B,0xA6,0x7A,0x62,0x12,0x00,0x33,0xBE,0x22,0x24,0x72,0x24,0x02,0x9C,0x07,0x98,0x76,0x18,0x02,0xE6,0x02,0x00,0x00,0x00,
    0x00,0x00,0x10,0x90,0x11,0x90,0x11,0x90,0x11,0xFE,0x7B,0x10,0x37,0x10,0x15,0xFE,0x11,0x10,0x11,0x10,0x11,0xFE,0x1D,0x10,
    0x71,0x10,0x01,0xFE,0x01,0x00,0x01,0x00,0x00,0x00,0x08,0x20,0x04,0x20,0x06,0x60,0x1F,0xF8,0x1F,0xF8,0x10,0x08,0x10,0x08,
    0x10,0x18,0x1F,0xF8,0x06,0x40,0x06,0x40,0x04,0x40,0x08,0x42,0x30,0x7E,0x00,0x00,0x00,0x60,0x7E,0x60,0x64,0x60,0x64,0x60,
    0x6C,0x60,0x68,0x60,0x6C,0x60,0x64,0x60,0x66,0x50,0x66,0x90,0x6C,0x88,0x69,0x0C,0x63,0x06,0x66,0x02,0x00,0x00,0x00,0x00,
    0x00,0x08,0x00,0x08,0x3E,0x08,0x06,0x08,0x03,0xFE,0x24,0x08,0x34,0x88,0x1C,0x88,0x0C,0x48,0x0C,0x48,0x16,0x08,0x32,0x08,
    0x60,0x08,0x40,0x38,0x00,0x00,0x00,0x00,0x00,0x00,0x01,0x08,0x21,0x18,0x2F,0xD0,0x20,0x1E,0x77,0xD4,0x24,0x64,0x27,0xE4,
    0x20,0x34,0x27,0x94,0x31,0x14,0x73,0xD8,0x47,0x08,0x01,0x1C,0x07,0x66,0x00,0x00,0x00,0x20,0x00,0x20,0x7F,0xFC,0x6F,0xFC,
    0x6C,0x20,0x6D,0x24,0x6D,0x24,0x6D,0x24,0x6D,0x7C,0x7D,0xFC,0x6C,0x20,0x64,0x20,0x00,0x22,0x00,0x3E,0x00,0x00,0x00,0x00,
    0x00,0x00,0x00,0xC8,0x7C,0x58,0x65,0xFE,0x44,0x50,0x6D,0xFC,0x3D,0x5C,0x11,0xCC,0x11,0xFC,0x5D,0x04,0x51,0xFC,0x50,0x08,
    0x5D,0xFE,0x78,0xC8,0x40,0x18,0x00,0x10,0x00,0x00,0x08,0x20,0x08,0x20,0x7F,0x20,0x00,0x7E,0x3E,0x44,0x22,0x44,0x3E,0xEC,
    0x00,0x28,0x3E,0x28,0x0C,0x38,0x0F,0x18,0x78,0x38,0x08,0x6C,0x18,0xC6,0x00,0x00,0x08,0x00,0x08,0xFE,0x7E,0x30,0x18,0x20,
    0x08,0xFC,0x4A,0x84,0x4A,0x94,0x4A,0x94,0x7E,0x94,0x1A,0x94,0x08,0xA4,0x08,0x20,0x0E,0x4C,0x19,0x86,0x00,0x00,0x00,0x00,
    0x00,0x00,0x3F,0xFC,0x21,0x04,0x21,0x04,0x2F,0xF4,0x21,0x04,0x2D,0x34,0x2D,0x34,0x2F,0xF4,0x21,0x04,0x21,0x9C,0x20,0xF4,
    0x3F,0xFC,0x20,0x04,0x00,0x00,0x00,0x00,0x10,0x20,0x10,0x20,0x30,0x20,0x3D,0xFE,0x40,0x20,0x1C,0x24,0x19,0x24,0x11,0x24,
    0x7F,0xBC,0x11,0xFC,0x10,0x20,0x1C,0x20,0x18,0x22,0x10,0x3E,0x00,0x00,0x00,0x00,0x00,0x18,0x1F,0xF8,0x10,0xC0,0x1F,0xFE,
    0x10,0xC0,0x10,0x80,0x17,0xFC,0x14,0x0C,0x17,0xFC,0x24,0x0C,0x27,0xFC,0x24,0x0C,0x67,0xFC,0x46,0x0C,0x04,0x00,0x00,0x00,
    0x00,0x00,0x00,0x3C,0x27,0xF0,0x36,0x20,0x17,0xFE,0x06,0x20,0x66,0xFC,0x34,0x84,0x34,0xFC,0x34,0x84,0x34,0xFC,0x3C,0x84,
    0x30,0xFC,0x38,0x00,0x67,0xFE,0x00,0x00,0x10,0x00,0x13,0xDE,0x10,0x44,0x7B,0x9C,0x31,0xCC,0x13,0x5E,0x12,0x30,0x3B,0xBC,
    0x70,0xB4,0x12,0x84,0x13,0x98,0x11,0x98,0x13,0x1C,0x36,0x66,0x00,0x00,0x00,0x00,0x00,0x00,0x00,0x40,0x00,0x80,0x79,0xFC,
    0x49,0x0C,0x4A,0x58,0x48,0x70,0x48,0xE0,0x4B,0xA0,0x48,0x7E,0x79,0x86,0x6B,0x64,0x40,0x38,0x00,0x30,0x03,0xC0,0x02,0x00,
    0x00,0x00,0x02,0x00,0x06,0x00,0x0F,0xF0,0x30,0x30,0x22,0x60,0x01,0xC0,0x07,0x40,0x38,0xFC,0x03,0x04,0x0E,0x0C,0x18,0x98,
    0x00,0x70,0x00,0xC0,0x3F,0x00,0x30,0x00,0x00,0x00,0x01,0x80,0x01,0x00,0x7F,0xFE,0x03,0x60,0x06,0x20,0x1C,0x1C,0x70,0x2E,
    0x40,0x20,0x7F,0xFE,0x00,0x20,0x08,0x20,0x0C,0x20,0x00,0x20,0x00,0xE0,0x00,0x00,0x10,0xF0,0x10,0xF8,0x10,0x98,0x31,0x98,
    0x7D,0x18,0x13,0x0E,0x10,0x60,0x13,0xFE,0x10,0xF0,0x1C,0xF0,0x71,0x68,0x43,0x6C,0x06,0x66,0x04,0x62,0x00,0x00,0x00,0x00,
    0x00,0x00,0x08,0x00,0x18,0x78,0x3E,0x48,0x22,0x48,0x3E,0x88,0x22,0x8E,0x3E,0x20,0x22,0x30,0x7E,0xFC,0x0E,0x78,0x1A,0x68,
    0x12,0xA4,0x63,0xA2,0x4E,0x20,0x00,0x00,0x07,0xE0,0x07,0xE0,0x04,0x20,0x04,0x20,0x0C,0x20,0x38,0x3E,0x31,0x80,0x01,0x80,
    0x7F,0xFE,0x03,0xC0,0x07,0xA0,0x0D,0x98,0x71,0x8E,0x61,0x86,0x00,0x00,0x00,0x00,0x00,0xF8,0x7C,0xC8,0x64,0xC8,0x64,0x88,
    0x7C,0x8E,0x19,0x20,0x08,0x20,0x49,0xFE,0x6C,0x70,0x68,0x78,0x68,0xE8,0x6C,0xAC,0x7B,0x26,0x42,0x20,0x00,0x20,0x00,0x00,
    0x08,0x00,0x18,0x10,0x3E,0x00,0x22,0xFE,0x2A,0x82,0x2A,0x82,0x22,0x60,0x7E,0x64,0x22,0x7C,0x2A,0x70,0x2A,0x60,0x62,0x60,
    0x42,0x62,0x46,0x3E,0x00,0x00,0x00,0x00,0x00,0x04,0x1E,0x06,0x12,0x26,0x12,0x26,0x33,0xA6,0x64,0x26,0x04,0x26,0x7F,0xA6,
    0x0C,0x26,0x1C,0x26,0x1F,0x26,0x25,0x86,0x44,0x04,0x0C,0x0C,0x00,0x00,0x00,0x00,0x00,0x00,0x10,0x60,0x10,0x60,0x11,0xFE,
    0x1C,0xFC,0x75,0xB0,0x53,0x30,0x52,0xFE,0x50,0xFC,0x11,0x86,0x11,0xFE,0x11,0x86,0x11,0xFE,0x11,0x84,0x11,0x8C,0x00,0x00,
    0x00,0x00,0x00,0x60,0x7F,0xFE,0x48,0xC0,0x48,0xFC,0x59,0x84,0x4E,0xFC,0x44,0x84,0x5C,0xFC,0x40,0x84,0x40,0x8C,0x1F,0xF8,
    0x1F,0xF8,0x01,0x80,0x7F,0xFE,0x00,0x00,0x00,0x00,0x10,0x10,0x10,0xD4,0x11,0x96,0x7C,0x90,0x54,0xD0,0x55,0xFE,0x54,0x90,
    0x7C,0x94,0x54,0xFC,0x13,0x88,0x14,0x88,0x14,0x98,0x7E,0xBE,0x41,0x86,0x00,0x00,0x00,0x00,0x10,0x10,0x10,0xD4,0x11,0xD6,
    0x10,0x92,0x54,0x90,0x55,0xFE,0x54,0x90,0x54,0x92,0x54,0xFC,0x57,0xCC,0x54,0x88,0x5C,0x98,0x64,0xB6,0x01,0xA6,0x00,0x00,
    0x00,0x00,0x04,0x10,0x14,0x30,0x75,0x7E,0x35,0x56,0x34,0x54,0x7F,0xC4,0x34,0x4C,0x34,0x40,0x3D,0x7E,0x77,0x02,0x32,0xFA,
    0x36,0x02,0x3F,0x82,0x61,0x8E,0x00,0x00,0x00,0x00,0x08,0x10,0x18,0x90,0x13,0x14,0x11,0x14,0x31,0x30,0x77,0xFE,0x51,0x10,
    0x11,0x14,0x11,0xD4,0x17,0x18,0x11,0x18,0x11,0x38,0x11,0x6E,0x13,0x06,0x00,0x00,0x08,0x00,0x0C,0xFE,0x7F,0x10,0x51,0x10,
    0x18,0x7C,0x3E,0x44,0x54,0x54,0x0C,0x54,0x13,0x54,0x72,0x54,0x36,0x74,0x22,0x28,0x3E,0x6C,0x22,0xC6,0x00,0x00,0x00,0x00,
    0x00,0x00,0x00,0x90,0x31,0x90,0x11,0x10,0x01,0x16,0x03,0x14,0x73,0x18,0x15,0x18,0x15,0x30,0x11,0x70,0x11,0x10,0x11,0x10,
    0x19,0x12,0x11,0x12,0x11,0x1E,0x01,0x00,0x00,0x00,0x10,0x10,0x10,0xD0,0x11,0x94,0x30,0x90,0x7C,0x90,0x27,0xFE,0x28,0x90,
    0x28,0x96,0x68,0xDC,0x3B,0x8C,0x18,0x88,0x1C,0x98,0x20,0xAE,0x41,0x86,0x00,0x00,0x00,0x00,0x3F,0xFC,0x02,0x40,0x12,0x48,
    0x12,0x48,0x12,0x48,0x02,0x40,0x7F,0xFE,0x00,0x00,0x01,0x80,0x24,0xCC,0x24,0x04,0x64,0x16,0x07,0xF0,0x00,0x00,0x00,0x00,
    0x00,0x00,0x3F,0xFE,0x30,0x00,0x30,0x00,0x33,0xF8,0x32,0x08,0x32,0x08,0x32,0x18,0x32,0x18,0x32,0x70,0x22,0x00,0x22,0x02,
    0x62,0x06,0x43,0xFC,0x00,0x00,0x00,0x00,0x10,0x00,0x11,0xFE,0x11,0x00,0x19,0x00,0x7D,0x7C,0x11,0x64,0x11,0x64,0x19,0x64,
    0x73,0x6C,0x13,0x68,0x12,0x60,0x12,0x60,0x16,0x62,0x34,0x3E,0x00,0x00,0x00,0x00,0x23,0xFC,0x32,0x04,0x13,0xFC,0x02,0x04,
    0x03,0xFC,0x61,0x00,0x73,0xFE,0x36,0x66,0x36,0x76,0x32,0x96,0x33,0x86,0x33,0xEC,0x38,0x00,0x47,0xFE,0x00,0x00,0x00,0x00,
    0x73,0xBE,0x56,0xA6,0x56,0xA4,0x77,0xA4,0x00,0x24,0x7F,0xAC,0x00,0x24,0x7F,0xA6,0x10,0x22,0x10,0x22,0x1F,0x22,0x01,0x2E,
    0x01,0x20,0x07,0x20,0x00,0x20,0x00,0x00,0x00,0x10,0x30,0xD0,0x23,0x94,0x3D,0x94,0x69,0x90,0x4B,0xFE,0x41,0x90,0x21,0x94,
    0x21,0xD4,0x27,0x98,0x21,0x98,0x39,0xB8,0x39,0xEE,0x33,0x06,0x00,0x00,0x00,0x00,0x1F,0xF8,0x11,0x88,0x11,0x88,0x17,0xE8,
    0x11,0x88,0x13,0xC8,0x14,0x28,0x1F,0xF8,0x00,0x00,0x00,0x88,0x34,0xCC,0x24,0x06,0x64,0x12,0x07,0xF0,0x00,0x00,0x00,0x00,
    0x00,0x00,0x7F,0xFE,0x01,0x80,0x01,0x00,0x3F,0xF8,0x3F,0xFC,0x22,0x44,0x22,0x44,0x22,0x44,0x22,0x44,0x22,0x44,0x22,0x44,
    0x22,0x4C,0x20,0x1C,0x00,0x00,0x00,0x00,0x00,0x00,0x04,0x60,0x04,0x60,0x04,0x60,0x04,0x60,0x04,0x60,0x04,0x60,0x04,0x60,
    0x0C,0x60,0x0C,0x60,0x18,0x60,0x10,0x62,0x30,0x7E,0x60,0x3C,0x00,0x00,0x00,0x00,0x00,0x00,0x7F,0xFE,0x08,0x10,0x08,0x10,
    0x0F,0xF0,0x08,0x30,0x08,0x10,0x0F,0xF0,0x0F,0xF0,0x08,0x10,0x08,0x7E,0x7F,0xF0,0x00,0x10,0x00,0x10,0x00,0x10,0x00,0x00,
    0x00,0x00,0x04,0x00,0x04,0x00,0x0C,0x00,0x1F,0xFC,0x10,0x04,0x21,0x8C,0x01,0x80,0x09,0x80,0x09,0x90,0x19,0x88,0x31,0x8C,
    0x61,0x86,0x01,0x80,0x03,0x00,0x00,0x00,0x00,0x00,0x33,0xFE,0x21,0x8C,0x3D,0x88,0x45,0xF8,0x45,0x88,0x31,0x88,0x31,0xF8,
    0x31,0x88,0x31,0x88,0x3D,0x8E,0x3B,0xFC,0x32,0x08,0x20,0x08,0x00,0x08,0x00,0x00,0x00,0x00,0x27,0xFE,0x13,0x08,0x03,0x08,
    0x03,0xF8,0x63,0x08,0x33,0x08,0x03,0xF8,0x03,0x18,0x13,0x08,0x33,0x1E,0x2F,0xF8,0x60,0x08,0x40,0x08,0x00,0x08,0x00,0x00,
    0x00,0x00,0x00,0x00,0x00,0x00,0x3F,0xF8,0x00,0x00,0x00,0x00,0x00,0x00,0x00,0x00,0x00,0x00,0x00,0x00,0x00,0x00,0x7F,0xFE,
    0x7F,0xFE,0x00,0x00,0x00,0x00,0x00,0x00,0x00,0x00,0x00,0x2C,0x00,0x24,0x7F,0xFE,0x00,0x20,0x3F,0xA0,0x00,0x20,0x7F,0xA0,
    0x00,0x20,0x3F,0xB0,0x24,0x90,0x24,0x90,0x24,0x98,0x09,0x0A,0x30,0xCE,0x00,0x00,0x00,0x00,0x19,0x30,0x11,0x18,0x11,0x00,
    0x3F,0xFE,0x02,0x00,0x02,0x00,0x07,0xF8,0x0E,0x10,0x0B,0x10,0x11,0xA0,0x60,0xC0,0x01,0xE0,0x0E,0x1C,0x00,0x00,0x00,0x00,
    0x00,0x00,0x3F,0xFC,0x22,0x64,0x22,0x64,0x3F,0xFC,0x00,0x00,0x0C,0x04,0x04,0x44,0x70,0x44,0x10,0x44,0x10,0x44,0x16,0x44,
    0x1C,0x04,0x18,0x1C,0x00,0x00,0x00,0x00,0x00,0x00,0x18,0x20,0x18,0x60,0x3F,0x7E,0x24,0x88,0x00,0x00,0x0C,0x98,0x18,0x80,
    0x39,0xFE,0x7F,0xC0,0x58,0x4C,0x18,0x78,0x18,0xE0,0x1B,0xB2,0x18,0x0E,0x00,0x00,0x08,0xC0,0x18,0xD8,0x18,0xC8,0x10,0xC0,
    0x30,0xDE,0x37,0xF0,0x70,0x40,0x50,0x4C,0x10,0x58,0x10,0x70,0x10,0x60,0x10,0xF2,0x13,0x9E,0x10,0x0E,0x00,0x00,0x00,0x00,
    0x00,0x00,0x01,0xF8,0x3F,0x00,0x01,0x00,0x01,0x80,0x00,0x80,0x3F,0xF8,0x00,0x30,0x00,0xC0,0x01,0x80,0x06,0x00,0x1C,0x00,
    0x3E,0x00,0x63,0xFE,0x00,0x00,0x00,0x00,0x00,0x00,0x10,0x00,0x1B,0xFE,0x00,0x86,0x64,0xB6,0x64,0x86,0x6C,0xFE,0x7F,0xC6,
    0x7C,0x96,0x6C,0xF6,0x6C,0x66,0x6C,0xE6,0x6D,0xBE,0x6C,0x16,0x60,0x0E,0x00,0x00,0x00,0x60,0x30,0x60,0x18,0x60,0x03,0xFC,
    0x00,0x60,0x60,0x60,0x30,0x60,0x07,0xFE,0x00,0xC0,0x08,0x80,0x19,0x98,0x31,0x0C,0x23,0x0C,0x63,0xE6,0x00,0x00,0x00,0x00,
    0x00,0x20,0x00,0x20,0x7C,0x20,0x11,0xFE,0x10,0x20,0x10,0x20,0x7C,0x20,0x13,0xFE,0x10,0x40,0x10,0x40,0x1C,0x88,0x39,0x8C,
    0x63,0x1C,0x03,0xC2,0x00,0x00,0x00,0x00,0x00,0x00,0x04,0x20,0x7F,0xFE,0x04,0x20,0x04,0xFC,0x32,0x48,0x12,0x48,0x47,0xFE,
    0x61,0x70,0x03,0x58,0x0F,0xFE,0x32,0x48,0x23,0xF8,0x62,0x48,0x43,0xF8,0x02,0x08,0x08,0x00,0x08,0xF8,0x18,0x88,0x7E,0x88,
    0x4A,0xA8,0x4A,0xA8,0x4A,0xA8,0x4A,0xB8,0x4A,0x88,0x4A,0x88,0x4E,0x88,0x4D,0x08,0x09,0x0A,0x0A,0x06,0x00,0x00,0x00,0x00,
    0x00,0x00,0x00,0x78,0x3F,0xC0,0x09,0x90,0x0D,0xB0,0x7F,0xFE,0x07,0xE0,0x0D,0xB0,0x30,0x1E,0x7F,0xFE,0x11,0x88,0x1F,0xF8,
    0x19,0x98,0x11,0x88,0x1F,0xF8,0x10,0x00,0x02,0x00,0x3C,0xEE,0x2A,0x22,0x2A,0x22,0x7F,0xAA,0x1C,0x6A,0x1A,0x6E,0x21,0x22,
    0x7E,0x26,0x2A,0x7E,0x3E,0xE2,0x2A,0x22,0x2E,0x22,0x3E,0x66,0x00,0x44,0x00,0x00,0x10,0x08,0x13,0xC8,0x19,0x88,0x3B,0xDE,
    0x10,0x18,0x3F,0xDC,0x75,0xAA,0x13,0xC8,0x10,0x08,0x01,0x80,0x3F,0xFE,0x01,0x40,0x06,0x70,0x78,0x1E,0x00,0x00,0x00,0x00,
    0x00,0x00,0x7E,0xF8,0x10,0x88,0x10,0x88,0x30,0x88,0x3C,0xE8,0x64,0xA8,0x64,0xB8,0x24,0x88,0x35,0x88,0x3D,0x88,0x25,0x08,
    0x03,0x0A,0x02,0x0E,0x00,0x00,0x00,0x00,0x00,0x00,0x10,0x00,0x10,0xF8,0x3C,0x88,0x20,0x88,0x40,0xA8,0x7C,0xA8,0x10,0xA8,
    0x18,0xA8,0x7E,0xA8,0x10,0x88,0x10,0x88,0x1F,0x08,0x19,0x0A,0x13,0x0E,0x00,0x00,0x10,0x20,0x3F,0x3C,0x60,0x6C,0x3F,0xC8,
    0x7F,0xA8,0x29,0x10,0x3F,0x3C,0x04,0x44,0x1C,0xE0,0x03,0x98,0x1E,0x7C,0x3D,0x80,0x08,0xB8,0x31,0x8C,0x00,0x00,0x00,0x00,
    0x00,0x00,0x0F,0xE0,0x08,0x20,0x08,0x20,0x08,0x20,0x0B,0x20,0x09,0x20,0x09,0xA0,0x08,0xA0,0x08,0x20,0x18,0x20,0x10,0x22,
    0x30,0x26,0x60,0x3E,0x00,0x00,0x00,0x00,0x08,0x00,0x19,0xFE,0x18,0x20,0x18,0x30,0x5D,0xFE,0x59,0x86,0x59,0xB6,0x51,0xA6,
    0x11,0xA6,0x19,0xA6,0x15,0xA2,0x20,0x68,0x60,0xCC,0x43,0x06,0x00,0x00,0x00,0x00,0x00,0x00,0x1F,0xFC,0x18,0x00,0x10,0x00,
    0x10,0x00,0x1F,0xF8,0x16,0x18,0x12,0x10,0x13,0x30,0x11,0x20,0x31,0xE0,0x20,0xC0,0x63,0xF0,0x5E,0x1C,0x00,0x00,0x00,0x00,
    0x20,0x0C,0x33,0xFC,0x13,0x00,0x03,0x00,0x03,0xFC,0x03,0x08,0x73,0x48,0x12,0x68,0x12,0x38,0x12,0x38,0x16,0x6C,0x14,0xC4,
    0x38,0x00,0x67,0xFE,0x00,0x00,0x00,0x00,0x04,0x20,0x04,0x20,0x7F,0xFE,0x04,0x20,0x04,0x20,0x19,0xF8,0x09,0x88,0x01,0x88,
    0x71,0x88,0x11,0xB8,0x09,0xB0,0x19,0x80,0x11,0x82,0x20,0xFE,0x00,0x00,0x00,0x00,0x00,0x00,0x3E,0xFC,0x26,0x80,0x22,0x80,
    0x2A,0x80,0x2A,0xFC,0x2A,0xA4,0x2A,0xA4,0x3A,0xAC,0x32,0xA8,0x10,0x98,0x1D,0x18,0x25,0x2C,0x63,0x46,0x00,0x00,0x00,0x00,
    0x24,0x00,0x34,0xFC,0x18,0x8C,0x18,0x84,0x68,0x84,0x08,0x84,0x0C,0x8C,0x1C,0x9C,0x34,0x90,0x64,0x80,0x44,0x80,0x0C,0x82,
    0x08,0x86,0x38,0xFC,0x00,0x00,0x00,0x00,0x10,0x00,0x10,0xFC,0x21,0x80,0x3E,0x80,0x64,0x80,0x44,0xFC,0x11,0xC4,0x11,0xEC,
    0x11,0x28,0x15,0x38,0x1D,0x38,0x1B,0x38,0x12,0x6C,0x06,0xC6,0x00,0x00,0x00,0x00,0x00,0x00,0x33,0xFC,0x1B,0x80,0x00,0x40,
    0x00,0x60,0x70,0x20,0x13,0xFC,0x00,0x18,0x00,0x30,0x18,0x60,0x10,0xC0,0x31,0x80,0x67,0x80,0x44,0x7E,0x00,0x00,0x00,0x00,
    0x00,0x40,0x10,0x60,0x10,0x20,0x13,0xFE,0x7C,0x80,0x7C,0x80,0x10,0xFC,0x10,0x84,0x10,0x84,0x10,0x84,0x1D,0x84,0x71,0x0C,
    0x03,0x0C,0x06,0x38,0x00,0x00,0x00,0x00,0x04,0x20,0x04,0x20,0x7F,0xFE,0x04,0x20,0x01,0x80,0x01,0x80,0x7F,0xFE,0x06,0x00,
    0x07,0xF0,0x06,0x18,0x04,0x18,0x08,0x10,0x18,0x10,0x70,0xF0,0x00,0x00,0x00,0x00,0x00,0x00,0x01,0x00,0x01,0x80,0x00,0x00,
    0x7F,0xFE,0x04,0x00,0x04,0x00,0x04,0x00,0x07,0xF8,0x04,0x08,0x0C,0x08,0x0C,0x08,0x18,0x18,0x10,0x18,0x60,0x70,0x00,0x00,
    0x00,0x00,0x00,0x20,0x3C,0x20,0x24,0x20,0x25,0xFE,0x3C,0x40,0x3C,0x40,0x24,0x7C,0x24,0x44,0x3C,0x44,0x24,0x44,0x24,0xC4,
    0x64,0x84,0x45,0x8C,0x4F,0x18,0x00,0x00,0x00,0x00,0x01,0x80,0x01,0x80,0x1F,0xFC,0x10,0x04,0x10,0x0C,0x1F,0xF8,0x10,0xC0,
    0x1F,0xFE,0x11,0x00,0x31,0x00,0x21,0xFC,0x22,0x0C,0x66,0x08,0x4C,0x38,0x08,0x00,0x00,0x00,0x00,0x20,0x3C,0x30,0x64,0x00,
    0x67,0xFE,0x68,0x80,0x68,0x80,0x68,0xFC,0x6C,0x84,0x64,0x84,0x64,0x84,0x6D,0x84,0x61,0x0C,0x63,0x08,0x66,0x38,0x00,0x00,
    0x00,0x00,0x10,0x20,0x10,0x20,0x10,0x30,0x7D,0xFE,0x7C,0x40,0x24,0x40,0x24,0x7C,0x24,0x44,0x6C,0x44,0x38,0xC4,0x18,0x84,
    0x14,0x84,0x21,0x84,0x43,0x38,0x00,0x00,0x00,0x00,0x08,0x40,0x08,0x60,0x18,0x00,0x17,0xFE,0x30,0x80,0x70,0x80,0x50,0xFC,
    0x10,0x84,0x10,0x84,0x11,0x84,0x11,0x04,0x11,0x0C,0x13,0x0C,0x16,0x18,0x00,0x00,0x00,0x00,0x20,0x40,0x30,0x60,0x10,0x20,
    0x07,0xFE,0x00,0x80,0x70,0x80,0x10,0xFC,0x10,0x84,0x10,0x84,0x10,0x84,0x15,0x8C,0x19,0x0C,0x33,0x08,0x06,0x38,0x00,0x00,
    0x00,0x00,0x00,0x20,0x18,0x20,0x10,0x20,0x27,0xFE,0x64,0x40,0x7C,0x40,0x08,0x7C,0x10,0xC4,0x3C,0xC4,0x30,0x84,0x00,0x84,
    0x3C,0x84,0x61,0x0C,0x03,0x38,0x00,0x00,0x00,0x00,0x10,0x20,0x18,0x60,0x08,0x40,0x7F,0x7E,0x10,0xCC,0x10,0xCC,0x1F,0xC8,
    0x12,0x48,0x12,0x28,0x12,0x38,0x32,0x30,0x22,0x30,0x62,0x6C,0x4F,0xC6,0x00,0x00,0x04,0x20,0x06,0x60,0x7F,0xFE,0x04,0x20,
    0x02,0x40,0x7E,0x7E,0x06,0x60,0x02,0x60,0x3E,0x7C,0x02,0x60,0x02,0x60,0x7E,0x7E,0x02,0x60,0x02,0x60,0x00,0x00,0x00,0x00,
    0x00,0x40,0x06,0x40,0x06,0x40,0x7E,0x7E,0x06,0x40,0x06,0x40,0x3E,0x7C,0x06,0x40,0x06,0x40,0x06,0x40,0x7E,0x7E,0x06,0x40,
    0x06,0x40,0x06,0x40,0x00,0x40,0x00,0x00,0x00,0x10,0x00,0xD0,0x78,0xD8,0x4B,0xDE,0x48,0xD0,0x48,0xD0,0x4B,0xDE,0x48,0xD8,
    0x48,0xD0,0x78,0xD0,0x4F,0xDE,0x40,0xD0,0x00,0xD0,0x00,0xD0,0x00,0x00,0x00,0x00,0x00,0x00,0x7F,0xC0,0x00,0x48,0x00,0x58,
    0x00,0x50,0x00,0x60,0x00,0x70,0x00,0x58,0x00,0x4C,0x00,0x40,0x00,0x60,0x00,0x22,0x00,0x3E,0x00,0x1C,0x00,0x00,0x00,0x00,
    0x00,0x00,0x3C,0xFC,0x24,0xA4,0x24,0xA4,0x3C,0xA4,0x24,0xA4,0x24,0xA4,0x24,0xFC,0x3C,0x84,0x24,0x80,0x24,0x80,0x64,0x82,
    0x44,0x82,0x4C,0xFE,0x00,0x00,0x00,0x00,0x00,0x00,0x3F,0xFC,0x20,0x00,0x21,0x20,0x2F,0x3C,0x21,0x20,0x21,0x20,0x27,0x3C,
    0x21,0x20,0x21,0x20,0x2F,0x3C,0x21,0x20,0x20,0x00,0x3F,0xFE,0x00,0x00,0x00,0x00,0x00,0x00,0x30,0x50,0x10,0xD0,0x10,0xD8,
    0x03,0xDE,0x00,0xD0,0x70,0xD0,0x13,0xDE,0x10,0xD8,0x10,0xD0,0x10,0xD0,0x13,0xDE,0x18,0xD8,0x10,0xD0,0x10,0xD0,0x00,0x00,
    0x00,0x60,0x00,0x68,0x7C,0x6C,0x44,0x64,0x44,0x60,0x45,0xFE,0x44,0x60,0x44,0x60,0x44,0x60,0x7C,0xD0,0x44,0x98,0x45,0x8C,
    0x03,0x06,0x06,0x06,0x00,0x00,0x00,0x00,0x00,0x20,0x3C,0x20,0x25,0xFE,0x24,0x30,0x24,0x20,0x3C,0xFC,0x25,0xFE,0x25,0x26,
    0x3D,0x26,0x25,0x26,0x65,0x24,0x45,0x2C,0x44,0x20,0x4C,0x20,0x00,0x00,0x00,0x00,0x00,0x00,0x00,0x80,0x00,0x80,0x3F,0xFE,
    0x30,0x00,0x34,0xC8,0x34,0x88,0x3F,0xFC,0x31,0x80,0x21,0xF8,0x23,0x88,0x22,0x98,0x24,0x70,0x68,0x70,0x43,0x9C,0x02,0x00,
    0x00,0x90,0x20,0x90,0x33,0xFC,0x03,0xFE,0x00,0x96,0x63,0xFE,0x36,0xB0,0x06,0x90,0x07,0xFE,0x11,0xB2,0x31,0x92,0x21,0x16,
    0x63,0x14,0x46,0x10,0x00,0x00,0x00,0x00,0x00,0x00,0x02,0x40,0x3F,0xFC,0x02,0x44,0x1F,0xFC,0x36,0x40,0x3F,0xFE,0x0E,0x66,
    0x1C,0x46,0x7F,0xFC,0x08,0x18,0x09,0x98,0x09,0x08,0x07,0x38,0x3C,0x0C,0x00,0x00,0x04,0x20,0x04,0x20,0x7F,0xFE,0x04,0x20,
    0x04,0x60,0x06,0x60,0x0C,0x30,0x30,0x1C,0x6F,0xF6,0x02,0x10,0x06,0x10,0x04,0x30,0x08,0x20,0x30,0xE0,0x00,0x00,0x00,0x00,
    0x00,0x00,0x7F,0x28,0x1C,0x68,0x14,0x48,0x7E,0x44,0x56,0xC4,0x57,0xFE,0x77,0x2C,0x66,0x24,0x42,0x24,0x7E,0x24,0x42,0x44,
    0x7E,0x4C,0x41,0x98,0x00,0x00,0x00,0x00,0x00,0x00,0x00,0xD8,0x78,0x88,0x48,0x88,0x49,0x0C,0x49,0x04,0x4B,0xFE,0x4E,0x48,
    0x48,0x48,0x78,0x48,0x68,0x88,0x40,0x88,0x01,0x88,0x03,0x38,0x00,0x00,0x00,0x00,0x00,0x00,0x08,0x00,0x1F,0xFC,0x30,0x00,
    0x6F,0xF0,0x00,0x00,0x3F,0xF8,0x00,0x08,0x0D,0x88,0x18,0xC8,0x3F,0xE8,0x26,0xC8,0x04,0xC8,0x0C,0x8E,0x39,0x86,0x00,0x00,
    0x00,0x40,0x04,0x60,0x0C,0x20,0x08,0x30,0x18,0x18,0x30,0x0E,0x6F,0xF6,0x03,0x10,0x02,0x10,0x02,0x10,0x06,0x10,0x0C,0x10,
    0x18,0x30,0x30,0x60,0x00,0x00,0x00,0x00,0x00,0x10,0x10,0xD0,0x30,0x98,0x24,0x88,0x6D,0x8C,0x79,0x04,0x1B,0xFE,0x12,0x48,
    0x20,0x48,0x7C,0x48,0x00,0x88,0x0C,0x88,0x71,0x08,0x03,0x30,0x00,0x00,0x00,0x00,0x00,0x00,0x10,0x40,0x10,0x60,0x10,0x20,
    0x13,0xFE,0x31,0x88,0x7D,0x88,0x10,0x88,0x10,0x98,0x10,0xD0,0x10,0x70,0x1C,0x60,0x70,0x70,0x01,0xDC,0x07,0x06,0x00,0x00,
    0x00,0x00,0x08,0x30,0x08,0x30,0x7E,0xFE,0x18,0x30,0x1E,0x7C,0x28,0xF6,0x49,0xB2,0x00,0x00,0x11,0x88,0x11,0x88,0x31,0x90,
    0x02,0x40,0x0C,0x30,0x78,0x1E,0x00,0x00,0x00,0x00,0x30,0x90,0x19,0x90,0x01,0x18,0x01,0x08,0x62,0x0C,0x37,0xFE,0x04,0x8A,
    0x00,0x88,0x18,0x88,0x10,0x88,0x31,0x08,0x23,0x18,0x66,0x30,0x00,0x00,0x00,0x00,0x00,0x00,0x18,0x50,0x5A,0x58,0x7E,0xC8,
    0x1C,0x88,0x7D,0x84,0x19,0xFE,0x18,0x4A,0x3C,0x48,0x3A,0x48,0x7A,0x48,0x58,0xC8,0x19,0x88,0x1B,0x38,0x00,0x00,0x00,0x00,
    0x00,0x00,0x01,0x00,0x01,0x00,0x7F,0xFE,0x06,0x60,0x04,0x20,0x18,0x18,0x30,0x1E,0x7F,0xFA,0x19,0x98,0x19,0x98,0x1F,0xF8,
    0x19,0x98,0x19,0x98,0x1F,0xF8,0x00,0x00,0x00,0x00,0x08,0x10,0x08,0x90,0x10,0x98,0x11,0x08,0x31,0x0C,0x32,0x04,0x57,0xFE,
    0x14,0xCA,0x10,0x88,0x10,0x88,0x10,0x88,0x11,0x08,0x13,0x08,0x16,0x38,0x00,0x00,0x00,0x00,0x04,0x60,0x0C,0x30,0x18,0x18,
    0x3F,0xFE,0x42,0x12,0x06,0x10,0x0C,0x10,0x38,0x60,0x01,0x08,0x24,0x8C,0x24,0x04,0x64,0x12,0x47,0xF0,0x00,0x00,0x00,0x00,
    0x00,0x00,0x10,0x20,0x13,0xFE,0x10,0x60,0x79,0xA8,0x7F,0xFE,0x51,0x88,0x50,0x08,0x11,0xFC,0x11,0x04,0x11,0x24,0x11,0x64,
    0x10,0x40,0x10,0xD8,0x13,0x84,0x00,0x00,0x00,0x00,0x09,0x98,0x0D,0x90,0x09,0x90,0x7F,0xFE,0x05,0xA0,0x19,0x9C,0x74,0x06,
    0x06,0x60,0x3F,0xFC,0x04,0x20,0x7F,0xFE,0x06,0x20,0x0E,0x38,0x30,0x0C,0x00,0x00,0x00,0x00,0x01,0x80,0x01,0x80,0x01,0x80,
    0x3F,0xFC,0x01,0x80,0x01,0x80,0x3F,0xFC,0x01,0x80,0x01,0x80,0x7F,0xFE,0x7F,0xFE,0x01,0x80,0x01,0x80,0x01,0x80,0x01,0x80,
    0x08,0x0C,0x08,0x0C,0x7F,0x0C,0x0C,0x7E,0x08,0x7E,0x7F,0x0C,0x00,0x0C,0x08,0x6C,0x0C,0x2C,0x3F,0x0C,0x08,0x0C,0x08,0x0C,
    0x7F,0x08,0x40,0x38,0x00,0x00,0x00,0x00,0x10,0x00,0x11,0xFC,0x11,0x04,0x7D,0x14,0x11,0x94,0x11,0xE4,0x39,0x64,0x3F,0x64,
    0x73,0x64,0x52,0x54,0x12,0x94,0x16,0x96,0x14,0x06,0x14,0x06,0x00,0x00,0x00,0x00,0x00,0x00,0x10,0x60,0x10,0x7C,0x10,0xCC,
    0x7D,0xE8,0x54,0x30,0x56,0xEE,0x57,0x92,0x7C,0xFC,0x7C,0x30,0x10,0xFC,0x16,0x30,0x1E,0x30,0x72,0x30,0x00,0x10,0x00,0x00,
    0x00,0x00,0x00,0x60,0x10,0x78,0x10,0xCC,0x11,0xE8,0x54,0x30,0x54,0xEE,0x55,0xB2,0x54,0xFC,0x54,0x30,0x54,0x30,0x54,0xFC,
    0x7C,0x30,0x44,0xFC,0x00,0x30,0x00,0x00,0x00,0x00,0x10,0x40,0x10,0x78,0x3C,0xFC,0x3D,0xD8,0x60,0x30,0x7C,0xFE,0x13,0x22,
    0x11,0xFC,0x7C,0x30,0x10,0xFC,0x10,0xFC,0x14,0x30,0x19,0xFE,0x10,0x20,0x00,0x20,0x00,0x00,0x1F,0xF8,0x10,0x18,0x10,0x48,
    0x14,0x48,0x12,0x48,0x13,0x88,0x11,0x88,0x31,0x88,0x23,0xC8,0x26,0x48,0x2C,0x6A,0x60,0x0E,0x40,0x06,0x00,0x00,0x00,0x00,
    0x00,0x00,0x00,0xC0,0x00,0xC0,0x1F,0xFE,0x50,0x00,0x73,0xF8,0x12,0x08,0x12,0x28,0x13,0xA8,0x72,0xE8,0x16,0x48,0x14,0xE8,
    0x14,0xAC,0x25,0x36,0x6C,0x06,0x00,0x00,0x00,0x00,0x10,0x40,0x18,0xF8,0x11,0xD8,0x15,0x50,0x5C,0x70,0x59,0xDE,0x53,0x22,
    0x51,0xFC,0x10,0x20,0x19,0xFC,0x3C,0x60,0x24,0x20,0x23,0xFE,0x40,0x20,0x00,0x20,0x00,0x00,0x00,0x80,0x21,0xF8,0x23,0x98,
    0x16,0xF0,0x00,0xF0,0x07,0x1E,0x70,0x40,0x33,0xFC,0x30,0x60,0x33,0xF8,0x37,0xFC,0x37,0xFC,0x38,0x40,0x47,0xFE,0x00,0x00,
    0x00,0x00,0x07,0xF8,0x60,0x08,0x31,0x08,0x11,0x18,0x01,0x18,0x03,0x10,0x0B,0xFE,0x18,0x06,0x10,0x02,0x3F,0xF2,0x20,0x06,
    0x60,0x06,0x00,0x3C,0x00,0x00,0x00,0x00,0x00,0x00,0x10,0x20,0x12,0x7C,0x31,0x64,0x20,0xB8,0x68,0x38,0x78,0xE6,0x13,0x18,
    0x11,0x7C,0x31,0x10,0x79,0x7C,0x01,0x18,0x19,0x7C,0x73,0x90,0x06,0x7E,0x00,0x00,0x00,0x00,0x23,0xF8,0x22,0x08,0x22,0x08,
    0x02,0x38,0x62,0xA8,0x62,0xE8,0x22,0x68,0x22,0x48,0x26,0x68,0x26,0xA8,0x3D,0xB8,0x35,0x1C,0x24,0x06,0x08,0x06,0x00,0x00,
    0x00,0x00,0x01,0x80,0x1F,0xFC,0x01,0x80,0x03,0x80,0x1F,0xF8,0x03,0x00,0x7F,0xFE,0x0C,0xB0,0x19,0x98,0x7F,0xF6,0x01,0x80,
    0x3F,0xFC,0x01,0x80,0x01,0x80,0x00,0x00,0x00,0x00,0x3F,0xF8,0x30,0x18,0x30,0x18,0x37,0xD8,0x30,0x58,0x30,0x48,0x36,0xC8,
    0x31,0x88,0x21,0xC8,0x23,0x68,0x26,0x28,0x6C,0x0E,0x40,0x06,0x00,0x02,0x00,0x00,0x08,0x80,0x08,0xB0,0x1B,0xFC,0x13,0xFC,
    0x30,0xB4,0x33,0xFC,0x56,0xB0,0x16,0xB0,0x17,0xFE,0x10,0xB6,0x10,0xB2,0x11,0x36,0x13,0x3C,0x16,0x30,0x00,0x00,0x00,0x00,
    0x00,0x00,0x3F,0xFC,0x01,0x80,0x03,0x00,0x07,0x30,0x1D,0x1C,0x71,0x06,0x01,0x00,0x1F,0xF8,0x18,0x18,0x10,0x08,0x10,0x08,
    0x1F,0xF8,0x18,0x18,0x10,0x00,0x00,0x00,0x00,0x00,0x01,0x80,0x01,0x80,0x3F,0xFC,0x01,0x80,0x01,0x80,0x01,0x80,0x7F,0xFE,
    0x01,0x80,0x03,0xC0,0x02,0x60,0x06,0x30,0x18,0x1C,0x70,0x0E,0x00,0x00,0x00,0x00,0x00,0x00,0x05,0x10,0x0D,0x90,0x7F,0xB0,
    0x3F,0x3E,0x25,0xA4,0x3F,0xE4,0x2D,0xE4,0x3F,0xA4,0x04,0x2C,0x7F,0x98,0x18,0x18,0x1F,0x18,0x11,0x3C,0x23,0x66,0x00,0x00,
    0x00,0x20,0x3C,0x20,0x24,0x20,0x25,0xFE,0x3C,0x20,0x24,0x20,0x24,0x20,0x25,0xFE,0x3C,0x30,0x24,0x70,0x24,0x58,0x64,0xC8,
    0x44,0x8C,0x4F,0x06,0x00,0x00,0x00,0x00,0x00,0x06,0x70,0x7C,0x47,0x82,0x4C,0xD2,0x6E,0xA4,0x7F,0x80,0x7F,0xBC,0x4C,0x88,
    0x5C,0x88,0x7C,0xFE,0x17,0x88,0x14,0x08,0x34,0x08,0x24,0x38,0x00,0x00,0x00,0x00,0x18,0x20,0x18,0x20,0x18,0x20,0x7D,0xFC,
    0x18,0x20,0x18,0x20,0x1D,0xFC,0x3D,0xFC,0x78,0x60,0x18,0x70,0x18,0xD0,0x18,0x88,0x13,0x0C,0x36,0x06,0x00,0x00,0x00,0x00,
    0x10,0x90,0x10,0x90,0x13,0xFC,0x10,0xF6,0x78,0x96,0x13,0xFE,0x12,0xD0,0x1A,0x90,0x73,0xFE,0x10,0x92,0x10,0x92,0x11,0x16,
    0x13,0x14,0x76,0x10,0x00,0x00,0x00,0x00,0x10,0x00,0x11,0xFE,0x30,0x00,0x7C,0xFC,0x20,0x84,0x28,0xFC,0x68,0x00,0x7E,0xFE,
    0x09,0xB6,0x09,0x12,0x3D,0xFE,0x49,0x12,0x09,0xFE,0x09,0x86,0x00,0x00,0x00,0x00,0x10,0x00,0x11,0xFE,0x10,0x00,0x7C,0xFC,
    0x54,0x84,0x54,0x8C,0x54,0x78,0x54,0xFE,0x55,0xB6,0x55,0x32,0x5D,0xFE,0x55,0x32,0x11,0xFE,0x11,0x86,0x00,0x00,0x00,0x00,
    0x08,0x00,0x1F,0xFC,0x30,0x00,0x6F,0xF8,0x00,0x00,0x3F,0xF8,0x05,0x88,0x3F,0xE8,0x1F,0xE8,0x3D,0x88,0x3F,0xE8,0x0D,0x2A,
    0x19,0x26,0x31,0x06,0x00,0x00,0x00,0x00,0x00,0x00,0x18,0x20,0x1F,0x7E,0x36,0x58,0x66,0xC8,0x42,0x80,0x0C,0x08,0x18,0x18,
    0x1B,0xFE,0x38,0x08,0x59,0x88,0x18,0x88,0x18,0x88,0x18,0x08,0x18,0x38,0x00,0x20,0x00,0x00,0x08,0x40,0x08,0x68,0x18,0x44,
    0x10,0x44,0x30,0x60,0x37,0xFE,0x50,0x60,0x50,0x60,0x10,0xE0,0x10,0xB0,0x10,0x90,0x11,0x18,0x13,0x0C,0x16,0x06,0x00,0x00,
    0x08,0x0C,0x1B,0xFC,0x10,0x00,0x12,0x4C,0x33,0x48,0x30,0x00,0x73,0xFC,0x50,0x18,0x10,0x20,0x17,0xFE,0x17,0xFE,0x10,0x20,
    0x10,0x20,0x10,0xE0,0x10,0x80,0x00,0x00,0x00,0x00,0x3E,0xFC,0x26,0x84,0x26,0x8C,0x3E,0x98,0x26,0x80,0x26,0xFC,0x26,0xA4,
    0x3E,0xA4,0x26,0xBC,0x26,0x98,0x66,0x98,0x46,0xBC,0x4C,0xE6,0x00,0x00,0x00,0x00,0x20,0x04,0x3B,0xFC,0x08,0x44,0x02,0x4C,
    0x03,0x68,0x30,0x00,0x13,0xFC,0x00,0x18,0x00,0x20,0x17,0xFE,0x30,0x60,0x20,0x20,0x60,0x20,0x40,0xE0,0x00,0x00,0x00,0x00,
    0x00,0x00,0x00,0x40,0x30,0x60,0x1B,0xFE,0x01,0x1C,0x01,0x08,0x60,0x98,0x37,0xFE,0x07,0xFE,0x00,0x00,0x13,0xFC,0x32,0x04,
    0x22,0x04,0x23,0xFC,0x63,0x04,0x00,0x04,0x10,0x00,0x1B,0xFE,0x08,0x00,0x7C,0xFC,0x0D,0x84,0x09,0x84,0x18,0xFC,0x18,0x00,
    0x3D,0xFE,0x57,0x22,0x11,0xFE,0x11,0x22,0x11,0x32,0x11,0xFE,0x00,0x00,0x00,0x00,0x00,0x00,0x10,0x90,0x18,0x94,0x01,0x96,
    0x01,0x10,0x7B,0x10,0x13,0x7E,0x37,0x10,0x39,0x18,0x59,0x38,0x15,0x28,0x11,0x2C,0x11,0x64,0x11,0x46,0x11,0xC2,0x11,0x00,
    0x06,0x40,0x06,0x40,0x3F,0xFC,0x3F,0xFC,0x06,0x44,0x3F,0xFC,0x7F,0xFC,0x66,0x40,0x66,0x60,0x3F,0xFE,0x04,0x42,0x0C,0x46,
    0x18,0x4C,0x70,0x40,0x00,0x00,0x00,0x00,0x00,0x00,0x01,0x90,0x01,0x98,0x7F,0xFE,0x01,0x80,0x01,0x80,0x1F,0xFC,0x11,0x8C,
    0x1F,0xFC,0x11,0x8C,0x11,0x8C,0x1F,0xFC,0x11,0x8C,0x11,0x88,0x11,0x98,0x00,0x00,0x00,0x00,0x10,0x00,0x11,0xFC,0x10,0x60,
    0x18,0x40,0x7C,0x40,0x10,0x60,0x13,0xFE,0x1C,0x50,0x78,0xD0,0x50,0x90,0x11,0x90,0x11,0x12,0x13,0x12,0x36,0x1E,0x20,0x00,
    0x00,0x00,0x10,0x2C,0x10,0x24,0x11,0xFE,0x7C,0x30,0x20,0x20,0x29,0xFE,0x69,0x26,0x7F,0x36,0x09,0xFE,0x09,0x26,0x1F,0xFE,
    0x79,0xB6,0x09,0x24,0x09,0x24,0x08,0x00,0x00,0x00,0x00,0x60,0x18,0x20,0x13,0xFE,0x36,0x04,0x36,0xC4,0x76,0x84,0x56,0xBE,
    0x17,0x84,0x17,0xA4,0x14,0xA4,0x14,0x94,0x14,0x84,0x1C,0x84,0x10,0x9C,0x00,0x00,0x04,0x20,0x0C,0x38,0x34,0x6C,0x22,0xC0,
    0x03,0x80,0x0E,0x70,0x78,0x1E,0x0F,0xF0,0x01,0x80,0x1F,0xF8,0x09,0x90,0x09,0x90,0x09,0xB0,0x7F,0xFE,0x00,0x00,0x00,0x00,
    0x00,0x20,0x0C,0x18,0x3A,0x24,0x23,0x40,0x01,0xC0,0x06,0x78,0x78,0x1E,0x0F,0xF0,0x08,0x00,0x08,0x00,0x0F,0xFC,0x18,0x60,
    0x10,0x60,0x30,0x60,0x00,0x00,0x00,0x00,0x00,0x20,0x3C,0x24,0x25,0xFE,0x24,0x30,0x24,0x20,0x3D,0xFC,0x25,0x24,0x25,0xFC,
    0x3D,0x34,0x2D,0x24,0x25,0xFC,0x65,0x24,0x45,0x24,0x4D,0x2C,0x00,0x00,0x00,0x00,0x00,0x00,0x00,0x20,0x3C,0x30,0x25,0xFE,
    0x25,0x00,0x2D,0x44,0x3D,0x44,0x25,0xDE,0x25,0xC4,0x3D,0x54,0x3D,0x54,0x66,0x44,0x46,0x44,0x4E,0x44,0x5A,0x4C,0x00,0x48,
    0x00,0x00,0x00,0x80,0x00,0x80,0x3F,0xFE,0x22,0x08,0x22,0x08,0x26,0x08,0x2F,0xFE,0x3E,0x08,0x26,0x88,0x26,0x48,0x26,0x08,
    0x66,0x08,0x46,0x08,0x46,0x38,0x00,0x00,0x00,0x80,0x3F,0xFE,0x32,0x08,0x26,0x18,0x25,0xFC,0x3C,0x88,0x24,0x18,0x24,0x10,
    0x27,0xFC,0x24,0xC4,0x27,0xF4,0x24,0xC4,0x65,0xE4,0x47,0x2C,0x00,0x00,0x00,0x00,0x04,0x30,0x0C,0x30,0x3F,0x30,0x0C,0x30,
    0x0C,0x38,0x0C,0x3C,0x7F,0xB6,0x04,0x32,0x24,0x30,0x27,0xB0,0x34,0x30,0x3C,0x30,0x4C,0x00,0x43,0xFE,0x00,0x00,0x00,0x00,
    0x00,0x06,0x7F,0xC6,0x00,0x16,0x1F,0x96,0x30,0x96,0x30,0x96,0x1F,0x96,0x00,0x16,0x3F,0xD6,0x24,0xD6,0x3F,0xD6,0x24,0xC6,
    0x26,0xC6,0x3F,0xCC,0x00,0x00,0x00,0x00,0x3F,0xFE,0x02,0x40,0x3F,0xFC,0x26,0x64,0x1F,0xF8,0x09,0xFC,0x37,0x00,0x43,0x0C,
    0x1B,0xFC,0x33,0xFC,0x51,0x80,0x13,0xF8,0x10,0xD0,0x11,0xF8,0x12,0x00,0x00,0x00,0x00,0x18,0x7C,0xDC,0x44,0x1A,0x54,0x18,
    0x55,0xFE,0x54,0x48,0x54,0x48,0x55,0x78,0x55,0x48,0x55,0x48,0x39,0x48,0x2D,0x68,0x67,0x86,0x40,0x06,0x00,0x00,0x00,0x00,
    0x04,0x00,0x0F,0xFC,0x18,0x00,0x3F,0xF8,0x68,0x08,0x0F,0xF8,0x08,0x08,0x0F,0xF8,0x04,0x00,0x0F,0xF0,0x1C,0x30,0x33,0x60,
    0x01,0xC0,0x3F,0x7E,0x20,0x00,0x00,0x00,0x00,0x00,0x08,0x48,0x18,0x48,0x17,0xFE,0x10,0x40,0x33,0xFC,0x33,0xFC,0x52,0x4C,
    0x13,0xFC,0x12,0x44,0x10,0x08,0x17,0xFE,0x11,0x08,0x11,0x88,0x10,0x38,0x00,0x00,0x00,0x00,0x08,0x00,0x08,0x18,0x08,0x18,
    0x18,0x18,0x1B,0xFE,0x38,0x18,0x78,0x18,0x59,0x98,0x18,0x98,0x18,0x98,0x18,0x18,0x18,0x18,0x18,0x18,0x18,0x30,0x00,0x00,
    0x00,0x00,0x02,0x00,0x0F,0xF0,0x18,0x18,0x18,0x18,0x1F,0xF8,0x10,0x00,0x1F,0xF8,0x10,0x08,0x1F,0xF8,0x01,0x80,0x01,0x80,
    0x7F,0xFE,0x00,0x80,0x00,0x80,0x00,0x00,0x00,0x00,0x04,0x30,0x0C,0x18,0x18,0x0C,0x30,0x04,0x04,0x10,0x04,0x30,0x06,0x20,
    0x02,0x40,0x03,0xC0,0x01,0x80,0x07,0xC0,0x1C,0x78,0x70,0x1E,0x00,0x00,0x00,0x00,0x00,0x00,0x00,0xC0,0x3C,0xC0,0x25,0xFC,
    0x25,0xFC,0x27,0x8C,0x3C,0xFC,0x24,0x84,0x24,0xFC,0x3C,0x40,0x24,0xF8,0x25,0xC8,0x65,0x70,0x44,0x30,0x4D,0xDE,0x01,0x00,
    0x00,0x00,0x02,0x00,0x06,0x00,0x0F,0xF0,0x18,0x20,0x30,0x40,0x7F,0xFC,0x18,0x0C,0x18,0x0C,0x18,0x8C,0x19,0x8C,0x19,0x0C,
    0x03,0x00,0x06,0x38,0x78,0x0C,0x00,0x00,0x00,0x00,0x01,0x80,0x01,0x80,0x7F,0xFE,0x6F,0xF6,0x00,0x00,0x0F,0xF0,0x08,0x10,
    0x0F,0xF0,0x00,0x00,0x3F,0xFC,0x21,0x84,0x3F,0xFC,0x21,0x84,0x3F,0xFC,0x00,0x00,0x00,0x40,0x18,0x60,0x08,0x60,0x00,0x60,
    0x00,0x68,0x78,0x68,0x08,0x6C,0x08,0x66,0x08,0x62,0x08,0x60,0x0A,0x60,0x0C,0x60,0x18,0x60,0x00,0x60,0x00,0x00,0x00,0x00,
    0x00,0x44,0x3C,0xC4,0x24,0x84,0x29,0x84,0x29,0xBE,0x2B,0x84,0x2A,0xA4,0x2C,0xA4,0x24,0xB4,0x24,0x84,0x2C,0x84,0x20,0x84,
    0x20,0x8C,0x20,0x9C,0x00,0x00,0x00,0x00,0x00,0x00,0x08,0x00,0x08,0xFC,0x18,0xFE,0x3E,0x06,0x3E,0x06,0x12,0x06,0x12,0xFE,
    0x36,0x06,0x34,0x06,0x1C,0x06,0x0C,0x06,0x1E,0xFE,0x32,0xFE,0x60,0x04,0x00,0x00,0x00,0x00,0x00,0x28,0x10,0x6C,0x23,0xFE,
    0x20,0x60,0x4B,0xFC,0x7B,0xFC,0x13,0x64,0x13,0xFC,0x23,0x64,0x78,0x08,0x03,0xFE,0x08,0x88,0x70,0xC8,0x00,0x18,0x00,0x00,
    0x00,0x84,0x00,0x84,0x78,0x84,0x49,0x84,0x49,0xBE,0x4B,0x84,0x4F,0x84,0x49,0xA4,0x49,0xB4,0x79,0x84,0x49,0x84,0x41,0x84,
    0x01,0x84,0x01,0x9C,0x00,0x00,0x00,0x00,0x00,0x90,0x03,0xFE,0x78,0x90,0x49,0xFC,0x49,0x04,0x49,0xFC,0x49,0x04,0x49,0xFC,
    0x49,0x80,0x7B,0xFE,0x4A,0x62,0x42,0xD2,0x03,0xE2,0x00,0x0E,0x00,0x00,0x00,0x00,0x03,0xFE,0x00,0x60,0x79,0xF8,0x49,0x0C,
    0x49,0xFC,0x49,0x0C,0x49,0x0C,0x49,0xFC,0x48,0x90,0x78,0xDE,0x4B,0xC8,0x40,0x58,0x00,0x72,0x03,0x9E,0x00,0x00,0x00,0x00,
    0x00,0x00,0x00,0x40,0x30,0x60,0x13,0xFE,0x00,0xC0,0x00,0x80,0x71,0x98,0x13,0x30,0x13,0xE4,0x10,0x6C,0x10,0xC8,0x13,0x18,
    0x1C,0x38,0x18,0xCC,0x03,0x86,0x02,0x00,0x00,0x00,0x00,0x40,0x7C,0x40,0x04,0xC0,0x04,0xFE,0x05,0x88,0x3F,0x88,0x20,0xC8,
    0x20,0x50,0x20,0x70,0x20,0x30,0x2C,0x70,0x78,0xCC,0x67,0x06,0x00,0x00,0x00,0x00,0x00,0x00,0x37,0xBE,0x34,0x88,0x74,0x88,
    0x37,0xA8,0x34,0xA8,0x37,0xBE,0x3F,0x10,0x7C,0x10,0x75,0x98,0x35,0xA8,0x37,0x68,0x34,0x4A,0x30,0xCE,0x00,0x00,0x00,0x00,
    0x00,0x00,0x18,0x00,0x11,0xFE,0x1C,0x30,0x20,0x30,0x60,0xBC,0x7C,0xB0,0x10,0xB0,0x10,0xB0,0x7E,0xFE,0x10,0x02,0x10,0x02,
    0x16,0x06,0x1C,0x06,0x18,0x1C,0x00,0x10,0x00,0x00,0x04,0x20,0x04,0x40,0x3F,0xFC,0x01,0x80,0x01,0x80,0x1F,0xF8,0x01,0x80,
    0x7F,0xFE,0x00,0x00,0x1F,0xF8,0x32,0x48,0x32,0x48,0x32,0x48,0x7F,0xFE,0x00,0x00,0x07,0x3E,0x35,0x18,0x15,0x08,0x07,0x58,
    0x45,0x50,0x65,0x58,0x07,0x7E,0x04,0x18,0x05,0x18,0x35,0x28,0x27,0xA8,0x2E,0x48,0x4C,0xCA,0x41,0x8E,0x00,0x00,0x00,0x00,
    0x00,0x00,0x3F,0xFC,0x01,0x80,0x01,0x80,0x01,0x80,0x01,0x80,0x01,0x80,0x7F,0xFE,0x01,0x80,0x01,0x80,0x01,0x80,0x01,0x80,
    0x01,0x80,0x01,0x80,0x00,0x00,0x00,0x00,0x08,0x10,0x08,0x10,0x08,0x10,0x08,0x18,0x7F,0xFE,0x08,0x10,0x08,0x10,0x08,0x10,
    0x0F,0xF0,0x08,0x10,0x08,0x10,0x08,0x10,0x0F,0xF0,0x08,0x10,0x00,0x00,0x00,0x00,0x08,0x00,0x09,0xFE,0x08,0x20,0x7C,0x20,
    0x3C,0x20,0x18,0x20,0x19,0xFE,0x3D,0xFE,0x6A,0x20,0x48,0x20,0x08,0x20,0x08,0x20,0x08,0x20,0x08,0x20,0x00,0x00,0x00,0x00,
    0x10,0x84,0x10,0x8C,0x10,0x8C,0x7C,0x8C,0x7F,0xFE,0x10,0x8C,0x38,0x8C,0x3C,0xFC,0x74,0x8C,0x50,0x8C,0x50,0x8C,0x10,0x8C,
    0x10,0xFC,0x10,0x8C,0x00,0x00,0x00,0x00,0x00,0x00,0x10,0x20,0x30,0x20,0x3F,0x7E,0x64,0x4C,0x44,0x84,0x00,0x00,0x1F,0xFC,
    0x01,0x80,0x01,0x80,0x7F,0xFE,0x01,0x80,0x01,0x80,0x01,0x80,0x01,0x80,0x01,0x80,0x00,0x00,0x3E,0xFE,0x26,0x30,0x26,0x30,
    0x3E,0x30,0x26,0x30,0x26,0xFE,0x27,0xFE,0x3E,0x30,0x26,0x30,0x66,0x30,0x66,0x30,0x46,0x30,0x4C,0x30,0x00,0x00,0x00,0x00,
    0x0C,0x00,0x0C,0x7E,0x3F,0x18,0x0C,0x10,0x0C,0x10,0x0C,0x10,0x3F,0xFE,0x04,0x18,0x24,0x10,0x27,0x10,0x34,0x10,0x3C,0x10,
    0x4E,0x00,0x43,0xFE,0x00,0x00,0x00,0x00,0x00,0x00,0x00,0x50,0x00,0x48,0x3F,0xFE,0x20,0x40,0x2F,0x48,0x20,0x68,0x2F,0x30,
    0x29,0x30,0x2F,0x3A,0x40,0x4E,0x01,0x00,0x24,0x84,0x24,0x16,0x27,0xF2,0x00,0x00,0x06,0x00,0x7C,0xFE,0x78,0x30,0x08,0x30,
    0x08,0x30,0x7E,0x30,0x18,0xFE,0x1E,0xFE,0x3A,0x30,0x2A,0x30,0x68,0x30,0x48,0x30,0x08,0x30,0x08,0x30,0x08,0x00,0x00,0x00,
    0x00,0x00,0x3E,0x20,0x3E,0x20,0x06,0x60,0x7F,0x7E,0x32,0xCC,0x32,0xCC,0x3F,0xC8,0x22,0x28,0x3E,0x28,0x32,0x38,0x23,0x10,
    0x7F,0x38,0x62,0x6C,0x02,0xC6,0x00,0x00,0x00,0x00,0x10,0x60,0x7E,0x7C,0x26,0xC8,0x24,0x38,0x7E,0x7E,0x01,0xC4,0x7C,0x30,
    0x64,0xFE,0x7C,0x00,0x7C,0xFC,0x18,0x84,0x7E,0xB4,0x18,0x28,0x19,0xCE,0x01,0x00,0x00,0x00,0x3F,0xFE,0x20,0x06,0x20,0x06,
    0x24,0x26,0x26,0x66,0x23,0xC6,0x21,0xC6,0x21,0xC6,0x26,0x26,0x2C,0x36,0x20,0x06,0x20,0x06,0x20,0x1C,0x00,0x00,0x00,0x00,
    0x00,0x02,0x7F,0x86,0x40,0xB6,0x42,0xB6,0x52,0xB6,0x4A,0xB6,0x4C,0xB6,0x4C,0xB6,0x4E,0xB6,0x5A,0xB6,0x70,0xB6,0x40,0x86,
    0x40,0x86,0x41,0x8C,0x00,0x00,0x00,0x00,0x00,0x00,0x10,0x00,0x11,0xFE,0x3D,0x06,0x21,0x02,0x61,0x4A,0x7D,0x72,0x11,0x32,
    0x19,0x32,0x3D,0x32,0x11,0x6E,0x11,0x4E,0x1D,0x02,0x19,0x02,0x11,0x0E,0x00,0x00,0x00,0x00,0x30,0x00,0x20,0x00,0x3F,0x7C,
    0x68,0x10,0x48,0x10,0x08,0x10,0x7F,0x10,0x08,0x10,0x08,0x10,0x49,0x10,0x49,0x10,0x49,0x10,0x7F,0xFE,0x01,0x00,0x00,0x00,
    0x00,0x00,0x3E,0x00,0x22,0xFE,0x22,0x30,0x3E,0x30,0x26,0x30,0x22,0x30,0x26,0x30,0x3E,0x30,0x22,0x30,0x62,0x30,0x62,0x30,
    0x46,0x30,0x4C,0xFE,0x00,0x00,0x00,0x00,0x10,0x00,0x11,0xFE,0x31,0x02,0x25,0x02,0x45,0x4A,0x79,0x7A,0x59,0x32,0x11,0x32,
    0x35,0x3A,0x7D,0x6A,0x01,0xCE,0x05,0x02,0x7D,0x02,0x41,0x0E,0x00,0x00,0x00,0x00,0x01,0x80,0x21,0x84,0x21,0x84,0x3F,0xFC,
    0x00,0x00,0x3F,0xFC,0x20,0x04,0x20,0x24,0x26,0x64,0x21,0xC4,0x23,0xE4,0x2E,0x34,0x20,0x04,0x20,0x1C,0x00,0x10,0x00,0x00,
    0x01,0x10,0x31,0x10,0x17,0xFC,0x01,0x10,0x01,0x10,0x67,0xFE,0x21,0x10,0x03,0x08,0x07,0xFC,0x1F,0x16,0x33,0x10,0x23,0xF0,
    0x63,0x04,0x41,0xFC,0x00,0x00,0x00,0x00,0x08,0x00,0x08,0x00,0x09,0xFC,0x3C,0x20,0x3C,0x20,0x18,0x20,0x1C,0x20,0x3E,0x20,
    0x3A,0x20,0x68,0x20,0x48,0x20,0x08,0x20,0x0B,0xFE,0x08,0x00,0x00,0x00,0x00,0x00,0x00,0x00,0x18,0x20,0x3F,0x7E,0x64,0xC8,
    0x01,0x00,0x7F,0xFE,0x00,0x00,0x0F,0xF0,0x0F,0xF0,0x00,0x00,0x7F,0xFE,0x60,0x06,0x67,0xE6,0x64,0x66,0x67,0xCC,0x00,0x00,
    0x00,0x00,0x03,0x00,0x1F,0xF8,0x18,0x08,0x1F,0xF8,0x18,0x08,0x1F,0xF8,0x03,0x00,0x7F,0xFE,0x06,0x60,0x0C,0x30,0x19,0x98,
    0x7F,0xFE,0x01,0x80,0x01,0x80,0x00,0x00,0x01,0x00,0x01,0x80,0x7F,0xFE,0x0F,0xF0,0x08,0x10,0x08,0x10,0x0F,0xF0,0x3F,0xFC,
    0x20,0x06,0x27,0xE6,0x24,0x26,0x24,0x26,0x27,0xE6,0x20,0x0C,0x00,0x00,0x00,0x00,0x00,0x00,0x00,0x80,0x3F,0xFC,0x00,0x00,
    0x08,0x10,0x0F,0xF0,0x3F,0xFC,0x2F,0xF2,0x08,0x10,0x0F,0xF0,0x1F,0xF8,0x18,0x08,0x18,0x18,0x1F,0xF8,0x10,0x18,0x00,0x00,
    0x00,0x00,0x04,0x30,0x04,0x30,0x04,0x60,0x3F,0xFE,0x01,0x80,0x01,0x80,0x1F,0xF8,0x01,0x80,0x01,0x80,0x7F,0xFE,0x00,0x00,
    0x24,0x4C,0x26,0x46,0x62,0x26,0x00,0x00,0x00,0x00,0x10,0x88,0x10,0x48,0x54,0x58,0x7D,0xFE,0x10,0x20,0x7C,0x20,0x11,0xFC,
    0x18,0x20,0x3C,0x20,0x37,0xFE,0x50,0x00,0x11,0x56,0x13,0x5A,0x12,0x6A,0x10,0x00,0x00,0x00,0x10,0x60,0x10,0x60,0x13,0xFE,
    0x78,0x00,0x31,0xFC,0x11,0x04,0x11,0xFC,0x38,0x00,0x73,0xFE,0x12,0x02,0x12,0xDA,0x12,0xDA,0x12,0x72,0x72,0x06,0x02,0x00,
    0x00,0x00,0x10,0x20,0x13,0xFC,0x3F,0xFC,0x20,0x00,0x41,0xFC,0x79,0x8C,0x10,0xF8,0x11,0xFC,0x7B,0x06,0x12,0x72,0x12,0x52,
    0x12,0x52,0x1A,0x72,0x12,0x06,0x00,0x00,0x00,0x00,0x08,0x20,0x78,0x30,0x11,0xFE,0x10,0x00,0x7D,0xFC,0x39,0x04,0x11,0xFC,
    0x38,0x00,0x37,0xFE,0x72,0x02,0x52,0x5A,0x12,0x5A,0x12,0x72,0x12,0x06,0x00,0x04,0x00,0x80,0x18,0x80,0x19,0x80,0x3F,0xF8,
    0x20,0x80,0x00,0x80,0x7F,0xFE,0x00,0x00,0x1F,0xF8,0x18,0x18,0x10,0x08,0x10,0x08,0x1F,0xF8,0x18,0x08,0x00,0x00,0x00,0x00,
    0x00,0x00,0x3F,0xFC,0x00,0x18,0x1F,0xD8,0x18,0xD8,0x1F,0x98,0x00,0x00,0x7F,0xFE,0x00,0x18,0x1F,0x98,0x10,0x98,0x1F,0x98,
    0x10,0x18,0x00,0x30,0x00,0x00,0x00,0x00,0x00,0x30,0x7F,0xA0,0x03,0x20,0x3B,0x7E,0x2B,0x46,0x3B,0xC4,0x00,0x10,0x7F,0x90,
    0x03,0x10,0x3B,0x10,0x2B,0x38,0x3B,0x2C,0x23,0x46,0x06,0xC2,0x00,0x00,0x00,0x00,0x00,0x00,0x11,0x00,0x11,0x7E,0x10,0x02,
    0x7A,0xC2,0x12,0xF2,0x13,0xD2,0x12,0x62,0x1A,0x7A,0x73,0xDE,0x12,0xF2,0x12,0xD2,0x12,0xD2,0x12,0x02,0x72,0x0E,0x00,0x00,
    0x00,0x00,0x02,0x00,0x02,0x30,0x02,0x00,0x02,0x04,0x0F,0xFC,0x7B,0x00,0x01,0x18,0x01,0x30,0x01,0xA0,0x00,0xC0,0x01,0xC0,
    0x07,0x60,0x3C,0x32,0x30,0x1E,0x00,0x04,0x00,0x00,0x08,0x20,0x08,0x20,0x1C,0xFC,0x12,0xC4,0x21,0xD4,0x60,0xC4,0x5E,0xCC,
    0x00,0xC0,0x3E,0xFE,0x22,0x02,0x22,0xFA,0x22,0x02,0x3E,0x02,0x22,0x0C,0x00,0x08,0x00,0x40,0x3C,0xC0,0x24,0xFC,0x25,0x88,
    0x27,0x48,0x3C,0x70,0x24,0x30,0x24,0xDC,0x3F,0x8E,0x24,0xF8,0x24,0x88,0x64,0x88,0x44,0xF8,0x4C,0x88,0x00,0x00,0x00,0x00,
    0x00,0x00,0x00,0xC0,0x00,0xC0,0x0F,0xFE,0x48,0x80,0x69,0x80,0x29,0xFE,0x0B,0x00,0x3A,0x00,0x69,0xFC,0x08,0x30,0x18,0x60,
    0x10,0x80,0x11,0x02,0x31,0xFE,0x00,0x00,0x00,0x00,0x04,0x02,0x04,0x06,0x7F,0xD6,0x44,0x56,0x3F,0x96,0x04,0x16,0x3F,0x96,
    0x04,0x16,0x7F,0xD6,0x04,0x16,0x3F,0x96,0x20,0x86,0x31,0x86,0x3F,0x8E,0x20,0x00,0x04,0x20,0x0C,0x30,0x7F,0xFE,0x0C,0x30,
    0x07,0xE0,0x01,0x80,0x1F,0xF8,0x11,0x88,0x11,0x88,0x1F,0xF8,0x01,0x80,0x7F,0xFE,0x01,0x80,0x01,0x80,0x00,0x00,0x00,0x00,
    0x04,0x60,0x7F,0xFE,0x04,0x60,0x1F,0xF8,0x10,0x08,0x1F,0xF8,0x10,0x08,0x1F,0xF8,0x0C,0x00,0x31,0x84,0x73,0xC4,0x16,0x64,
    0x14,0x04,0x1F,0x9C,0x00,0x00,0x00,0x00,0x00,0x00,0x18,0xC0,0x18,0xFC,0x3D,0x88,0x1B,0x48,0x18,0x70,0x3C,0x30,0x3C,0xCC,
    0x3B,0x06,0x59,0xFC,0x59,0x84,0x19,0x84,0x19,0xFC,0x19,0x8C,0x00,0x00,0x00,0x00,0x00,0x00,0x10,0x20,0x10,0x60,0x10,0x50,
    0x7C,0x58,0x54,0x8C,0x55,0x8E,0x57,0x78,0x7C,0x00,0x7C,0xF8,0x10,0x8C,0x12,0x84,0x1A,0x84,0x7E,0xFC,0x00,0x8C,0x00,0x80,
    0x10,0x00,0x19,0xFE,0x00,0x06,0x23,0x06,0x27,0xE6,0x2E,0x46,0x21,0x86,0x23,0xC6,0x3C,0x3E,0x27,0xE6,0x24,0x26,0x24,0x26,
    0x27,0xE4,0x20,0x0C,0x00,0x08,0x00,0x00,0x00,0x00,0x79,0xFE,0x48,0x00,0x49,0xFC,0x59,0x04,0x59,0xFC,0x48,0x00,0x4F,0xFE,
    0x46,0x52,0x4E,0x52,0x5A,0xFA,0x42,0x22,0x42,0x22,0x42,0x0E,0x00,0x00,0x00,0x00,0x00,0x00,0x10,0x40,0x10,0xC0,0x3C,0xF8,
    0x21,0x88,0x63,0x50,0x7C,0x70,0x10,0x70,0x11,0xCE,0x7D,0x00,0x10,0xFC,0x10,0x8C,0x1C,0x8C,0x18,0xFC,0x10,0x8C,0x00,0x80,
    0x00,0x00,0x01,0x80,0x01,0x80,0x02,0xC0,0x06,0x60,0x0C,0x30,0x19,0x9C,0x71,0x86,0x01,0x80,0x01,0x80,0x01,0x80,0x01,0x80,
    0x01,0x80,0x01,0x80,0x01,0x80,0x00,0x00,0x00,0x00,0x04,0x00,0x04,0x00,0x0F,0xF0,0x0E,0x30,0x12,0x60,0x11,0xC0,0x01,0xC0,
    0x0E,0x38,0x78,0x0E,0x0F,0xF0,0x08,0x10,0x08,0x10,0x0F,0xF0,0x0F,0xF0,0x08,0x00,0x00,0x00,0x10,0x20,0x10,0x60,0x10,0x70,
    0x24,0xD8,0x24,0x8C,0x79,0x8E,0x0B,0xFA,0x10,0x00,0x30,0xFC,0x3C,0x8C,0x00,0x8C,0x04,0x8C,0x7C,0xFC,0x20,0x8C,0x00,0x00,
    0x00,0x00,0x19,0xFC,0x19,0x84,0x19,0xFC,0x7D,0x8C,0x19,0x84,0x1D,0xFC,0x3F,0xA0,0x3B,0xA4,0x79,0xB8,0x59,0x90,0x19,0x98,
    0x19,0xCE,0x19,0x86,0x00,0x00,0x00,0x00,0x00,0xFC,0x3D,0x8C,0x25,0x84,0x25,0xFC,0x3D,0x84,0x09,0x84,0x09,0xFC,0x29,0xA0,
    0x2D,0xA4,0x29,0x98,0x29,0x90,0x2F,0x98,0x79,0xCC,0x41,0x86,0x00,0x00,0x00,0x00,0x08,0x48,0x08,0x48,0x7E,0x48,0x08,0x68,
    0x3C,0xFE,0x38,0x48,0x18,0x48,0x7E,0x48,0x19,0xFE,0x1E,0x48,0x3A,0x48,0x68,0xC8,0x48,0x88,0x09,0x88,0x00,0x00,0x00,0x00,
    0x00,0x00,0x3F,0xFC,0x01,0x80,0x1F,0xF8,0x11,0x88,0x11,0x88,0x1F,0xF8,0x11,0x88,0x1F,0xF8,0x09,0x00,0x0D,0x00,0x07,0x00,
    0x07,0xC0,0x78,0x7E,0x00,0x00,0x00,0x00,0x00,0x00,0x00,0x80,0x1F,0xFC,0x10,0x80,0x10,0x80,0x17,0xF8,0x10,0x88,0x1F,0xFE,
    0x10,0xCC,0x30,0x88,0x27,0xF8,0x20,0xC0,0x21,0x20,0x63,0x18,0x4C,0x0C,0x00,0x00,0x00,0x00,0x04,0x20,0x3F,0xFE,0x01,0x80,
    0x1F,0xF8,0x7F,0xFE,0x22,0x44,0x24,0x64,0x3F,0xFC,0x1F,0xF8,0x01,0x80,0x3F,0xFC,0x7F,0xFE,0x03,0xE0,0x7E,0x3E,0x20,0x02,
    0x10,0x00,0x13,0xFE,0x10,0x20,0x13,0xFC,0x7B,0x24,0x33,0x24,0x13,0xFC,0x13,0x24,0x13,0xFC,0x18,0x60,0x39,0x40,0x40,0xC0,
    0x01,0xF0,0x0E,0x0E,0x00,0x00,0x00,0x00,0x00,0x30,0x7E,0x30,0x24,0x30,0x24,0xB2,0x24,0xB6,0x3C,0xB4,0x24,0xB4,0x24,0x30,
    0x3C,0x30,0x24,0x38,0x27,0x68,0x7E,0x4C,0x44,0xC6,0x05,0x82,0x00,0x00,0x00,0x00,0x10,0x00,0x11,0xFE,0x10,0x20,0x7D,0xFC,
    0x39,0x26,0x11,0x26,0x39,0xFE,0x3D,0x26,0x75,0xFE,0x50,0x20,0x11,0xE0,0x10,0xE0,0x10,0xF8,0x13,0x0E,0x00,0x00,0x00,0x00,
    0x00,0x00,0x3F,0xFC,0x01,0x80,0x01,0x80,0x01,0x80,0x01,0x80,0x01,0x80,0x01,0x80,0x01,0x80,0x01,0x80,0x01,0x80,0x01,0x80,
    0x7F,0xFE,0x00,0x00,0x00,0x00,0x00,0x00,0x00,0x00,0x00,0x40,0x00,0xC0,0x7E,0x80,0x18,0xFE,0x19,0x88,0x19,0x88,0x1A,0x88,
    0x18,0xC8,0x18,0x50,0x18,0x70,0x1E,0x30,0x70,0x70,0x00,0xCC,0x03,0x06,0x00,0x00,0x00,0x60,0x00,0x60,0x7E,0x60,0x18,0x60,
    0x19,0xFE,0x18,0x66,0x18,0x46,0x18,0x44,0x18,0x44,0x18,0x44,0x3E,0xC4,0x60,0x84,0x01,0x0C,0x02,0x18,0x00,0x00,0x00,0x00,
    0x06,0x20,0x06,0x20,0x3F,0xFC,0x06,0x20,0x06,0x20,0x7F,0xFE,0x06,0x60,0x0D,0x30,0x19,0x1C,0x61,0x06,0x09,0x68,0x19,0x2C,
    0x31,0x24,0x03,0x00,0x02,0x00,0x00,0x00,0x00,0x00,0x02,0x30,0x02,0x30,0x3F,0xFC,0x04,0x48,0x0C,0xF0,0x1B,0xC2,0x60,0x7C,
    0x04,0x20,0x3F,0xFC,0x04,0x20,0x04,0x20,0x7F,0xFE,0x0C,0x30,0x38,0x0C,0x00,0x00,0x00,0x00,0x08,0x10,0x19,0x90,0x11,0x90,
    0x11,0x90,0x37,0xFE,0x71,0x90,0x51,0x90,0x11,0x90,0x17,0xFE,0x17,0xFE,0x10,0x00,0x11,0x18,0x13,0x0C,0x16,0x06,0x00,0x00,
    0x00,0x00,0x0C,0x00,0x08,0x7E,0x3F,0x06,0x21,0x06,0x3F,0x06,0x21,0x7C,0x3F,0x60,0x31,0x60,0x31,0x7E,0x7F,0x06,0x05,0x06,
    0x09,0x06,0x19,0x06,0x67,0x1C,0x02,0x08,0x00,0x40,0x06,0x60,0x04,0x20,0x0C,0x30,0x18,0x10,0x10,0x08,0x31,0x0C,0x63,0x06,
    0x02,0x00,0x06,0x20,0x04,0x30,0x08,0x10,0x1F,0xF8,0x18,0x0C,0x00,0x00,0x00,0x00,0x00,0x00,0x01,0x80,0x01,0x80,0x3F,0xFE,
    0x20,0x06,0x2F,0xF0,0x08,0x10,0x08,0x10,0x0F,0xF0,0x00,0x00,0x00,0x00,0x1F,0xFC,0x10,0x0C,0x10,0x0C,0x1F,0xFC,0x10,0x00,
    0x00,0x00,0x3F,0xFC,0x00,0x0C,0x00,0x0C,0x1F,0xFC,0x1F,0xF8,0x10,0x00,0x30,0x00,0x3F,0xFC,0x00,0x04,0x00,0x04,0x00,0x0C,
    0x00,0x0C,0x00,0xF8,0x00,0x40,0x00,0x00,0x00,0x00,0x01,0xF8,0x7D,0x18,0x11,0x18,0x11,0x18,0x11,0xD8,0x11,0x58,0x11,0x78,
    0x11,0x38,0x1F,0x18,0x73,0x18,0x02,0x1A,0x06,0x1A,0x04,0x1E,0x00,0x00,0x00,0x00,0x00,0x00,0x1F,0xF8,0x01,0x80,0x01,0x80,
    0x3F,0xFC,0x00,0x00,0x01,0x80,0x01,0x88,0x7D,0x90,0x05,0xE0,0x09,0xA0,0x19,0x98,0x31,0x8E,0x43,0x00,0x00,0x00,0x00,0x00,
    0x10,0x88,0x10,0x88,0x10,0x88,0x10,0xD8,0x7D,0xFE,0x10,0x88,0x10,0x88,0x1C,0x88,0x78,0xD8,0x53,0xFE,0x10,0x88,0x11,0x8C,
    0x11,0x04,0x73,0x06,0x00,0x00,0x00,0x00,0x00,0x00,0x1F,0xF8,0x01,0x80,0x01,0x80,0x7F,0xFE,0x00,0x00,0x1F,0xF8,0x10,0x18,
    0x11,0x88,0x11,0x08,0x11,0x08,0x03,0x60,0x06,0x38,0x78,0x0C,0x00,0x00,0x00,0x00,0x00,0x20,0x04,0x20,0x04,0x20,0x06,0x20,
    0x3F,0xFC,0x04,0x20,0x04,0x20,0x04,0x20,0x7F,0xFE,0x00,0x00,0x04,0x20,0x0E,0x30,0x18,0x1C,0x70,0x04,0x00,0x00,0x00,0x00,
    0x00,0x00,0x08,0x40,0x18,0xC0,0x1C,0xFE,0x30,0x86,0x61,0x02,0x7D,0x42,0x18,0x46,0x18,0x56,0x3E,0x96,0x18,0x96,0x18,0xFE,
    0x1E,0x06,0x1C,0x06,0x10,0x1C,0x00,0x00,0x00,0x00,0x0C,0x00,0x0C,0x00,0x0F,0xFC,0x1F,0xFE,0x30,0x06,0x22,0x04,0x66,0x04,
    0x04,0x04,0x0C,0x44,0x08,0x64,0x1F,0xE4,0x18,0x24,0x00,0x0C,0x00,0x3C,0x00,0x00,0x00,0x80,0x31,0x80,0x19,0x00,0x03,0xFE,
    0x42,0x02,0x66,0x02,0x30,0x82,0x00,0x82,0x09,0x36,0x1B,0x36,0x13,0xF6,0x30,0x06,0x60,0x06,0x00,0x1C,0x00,0x00,0x00,0x00,
    0x04,0x20,0x7F,0xFE,0x7F,0xFE,0x04,0x20,0x08,0x00,0x1F,0xFC,0x10,0x04,0x20,0x04,0x4F,0xC4,0x08,0x44,0x08,0x44,0x0F,0xC4,
    0x08,0x4C,0x00,0x18,0x00,0x00,0x00,0x00,0x00,0x00,0x04,0xC0,0x24,0x80,0x18,0xFE,0x19,0x82,0x6B,0x02,0x4A,0xF2,0x09,0xF2,
    0x1D,0x92,0x3D,0x92,0x6D,0xF2,0x0D,0xB2,0x0C,0x82,0x08,0x06,0x38,0x1C,0x00,0x00,0x10,0x04,0x11,0xFC,0x11,0x00,0x11,0x00,
    0x7D,0xFE,0x31,0xFE,0x11,0x00,0x11,0x7C,0x13,0xFE,0x12,0xC6,0x3A,0xC6,0x62,0xC6,0x06,0xFE,0x04,0xC6,0x00,0x00,0x00,0x00,
    0x00,0x00,0x18,0xC0,0x18,0x80,0x18,0x80,0x7D,0xFE,0x19,0x02,0x1B,0x42,0x3C,0xC2,0x3C,0x92,0x7D,0x92,0x59,0x32,0x19,0xDA,
    0x18,0x02,0x18,0x06,0x18,0x1C,0x00,0x00,0x00,0x40,0x7E,0x40,0x42,0xC0,0x42,0xFE,0x5A,0x82,0x5B,0x42,0x5A,0x42,0x52,0x52,
    0x52,0x96,0x52,0xFE,0x10,0x8E,0x3C,0x06,0x26,0x06,0x42,0x1C,0x00,0x00,0x00,0x00,0x00,0x00,0x18,0x20,0x10,0x20,0x3F,0x7C,
    0x23,0xC4,0x61,0xB8,0x3F,0x18,0x2F,0xF0,0x2F,0xB0,0x2F,0x3E,0x3E,0xC6,0x2A,0xB4,0x02,0x18,0x0E,0x38,0x04,0xE0,0x00,0x80,
    0x01,0x80,0x7F,0xFE,0x01,0x80,0x1F,0xF8,0x10,0x08,0x1F,0xF8,0x01,0x80,0x7F,0xFC,0x04,0x20,0x06,0x60,0x7F,0xFE,0x01,0x80,
    0x3F,0xFC,0x01,0x80,0x00,0x00,0x00,0x00,0x04,0x20,0x06,0x60,0x7F,0xFE,0x06,0x20,0x10,0x30,0x10,0x30,0x7E,0xFE,0x32,0x30,
    0x26,0x30,0x24,0xFC,0x1C,0x84,0x0C,0x84,0x1E,0xFC,0x60,0x84,0x00,0x80,0x00,0x00,0x00,0x20,0x00,0x20,0x78,0x20,0x48,0x70,
    0x4B,0xFE,0x48,0x20,0x48,0x20,0x48,0x70,0x49,0xFC,0x79,0x04,0x49,0x04,0x41,0x04,0x01,0xFC,0x01,0x04,0x00,0x00,0x00,0x00,
    0x00,0x00,0x08,0x20,0x1F,0x60,0x34,0x7E,0x64,0x88,0x10,0x00,0x19,0xFE,0x7D,0x10,0x19,0x7C,0x1D,0x54,0x3D,0x54,0x59,0x54,
    0x19,0x14,0x11,0x10,0x31,0xFE,0x00,0x00,0x08,0x40,0x18,0x60,0x18,0x60,0x17,0xFE,0x37,0xFE,0x30,0x60,0x50,0x60,0x53,0xF8,
    0x13,0xFC,0x12,0x0C,0x12,0x0C,0x12,0x0C,0x13,0xFC,0x12,0x0C,0x00,0x00,0x00,0x00,0x00,0x20,0x30,0x60,0x10,0x60,0x03,0xFE,
    0x43,0xFE,0x70,0x60,0x10,0x60,0x01,0xFC,0x03,0xFC,0x13,0x04,0x33,0x04,0x23,0x04,0x63,0xFC,0x63,0x04,0x00,0x00,0x00,0x00,
    0x00,0x0C,0x7D,0xF8,0x0D,0x50,0x09,0x50,0x11,0x50,0x11,0x58,0x1D,0x48,0x79,0x48,0x51,0x48,0x11,0x48,0x12,0x4C,0x12,0xD4,
    0x16,0xF6,0x34,0x02,0x00,0x00,0x00,0x00,0x00,0x00,0x18,0x30,0x18,0x30,0x10,0x30,0x7F,0xFE,0x36,0x30,0x36,0x30,0x24,0x30,
    0x24,0xFC,0x24,0x84,0x1C,0x84,0x0C,0x84,0x1E,0x84,0x32,0xFC,0x60,0x84,0x00,0x80,0x00,0x00,0x08,0x10,0x0C,0x10,0x7F,0x7E,
    0x08,0x18,0x7F,0x10,0x00,0x10,0x3F,0x7C,0x21,0x24,0x3F,0x24,0x00,0x2C,0x32,0x18,0x16,0x18,0x7F,0x68,0x01,0xC6,0x00,0x00,
    0x01,0x80,0x01,0x80,0x01,0x80,0x7F,0xFE,0x01,0x80,0x01,0x80,0x01,0x80,0x1F,0xF8,0x18,0x18,0x10,0x08,0x10,0x08,0x10,0x08,
    0x1F,0xF8,0x10,0x08,0x00,0x00,0x00,0x00,0x00,0x00,0x01,0x80,0x01,0x80,0x1F,0xFC,0x11,0x8C,0x1F,0xFC,0x11,0x80,0x01,0x8C,
    0x3F,0xFE,0x30,0x02,0x1F,0xF8,0x16,0x68,0x12,0x48,0x12,0x48,0x7F,0xFE,0x00,0x00,0x0F,0xF0,0x08,0x30,0x0F,0x90,0x09,0x90,
    0x19,0xB0,0x7F,0xFE,0x40,0x06,0x0F,0xF0,0x08,0x10,0x0F,0xF0,0x08,0x10,0x0F,0xF0,0x08,0x10,0x08,0x70,0x00,0x00,0x00,0x00,
    0x04,0x20,0x0C,0x30,0x18,0x0C,0x61,0x84,0x03,0x80,0x06,0xC0,0x0C,0x70,0x18,0x1C,0x7F,0xFE,0x08,0x10,0x08,0x10,0x08,0x10,
    0x0F,0xF0,0x08,0x10,0x08,0x00,0x00,0x00,0x00,0x00,0x3E,0x78,0x22,0x48,0x22,0x48,0x3E,0x8E,0x36,0x82,0x22,0x00,0x22,0xFC,
    0x3E,0x4C,0x22,0x48,0x22,0x38,0x22,0x30,0x66,0x7C,0x4F,0xC6,0x00,0x00,0x00,0x00,0x00,0x20,0x08,0x20,0x08,0x40,0x18,0x7E,
    0x7F,0x8C,0x09,0xC8,0x09,0x48,0x3E,0x48,0x66,0x48,0x62,0x38,0x62,0x30,0x7E,0x30,0x62,0xCC,0x01,0x86,0x00,0x00,0x00,0x00,
    0x00,0x00,0x3E,0xFE,0x20,0x20,0x2E,0x20,0x2A,0xFC,0x2A,0x84,0x2A,0x94,0x2A,0x94,0x2E,0x94,0x68,0x94,0x4A,0xA4,0x4E,0x28,
    0x4C,0x4C,0x01,0x86,0x00,0x00,0x00,0x00,0x3F,0xFC,0x7F,0xFC,0x60,0x04,0x61,0x84,0x6F,0xF4,0x61,0x84,0x61,0x84,0x67,0xE4,
    0x64,0x24,0x64,0x24,0x67,0xE4,0x60,0x04,0x7F,0xFC,0x7F,0xFC,0x00,0x00,0x00,0x00,0x00,0x00,0x00,0x80,0x1F,0xFC,0x30,0x04,
    0x30,0x04,0x3F,0xFC,0x32,0x60,0x37,0xFC,0x36,0x60,0x3F,0xFC,0x36,0x60,0x27,0xFC,0x26,0x60,0x67,0xFE,0x46,0x00,0x00,0x00,
    0x01,0x06,0x3F,0x06,0x04,0x26,0x04,0x26,0x0C,0x26,0x7F,0xA6,0x04,0x26,0x04,0x26,0x3F,0x26,0x31,0x26,0x21,0x26,0x21,0x06,
    0x3F,0x06,0x31,0x1C,0x00,0x00,0x00,0x00,0x00,0x00,0x00,0xF8,0x1F,0x20,0x13,0x20,0x13,0x20,0x13,0x20,0x13,0x20,0x13,0x30,
    0x13,0x10,0x32,0x10,0x22,0x58,0x22,0x4C,0x63,0xE6,0x42,0x26,0x00,0x00,0x00,0x00,0x00,0x06,0x3F,0x04,0x21,0x24,0x21,0x24,
    0x3F,0x24,0x0C,0x24,0x7F,0xA4,0x6D,0xA4,0x4C,0xA4,0x4C,0xA4,0x5A,0xA4,0x50,0x84,0x40,0x84,0x43,0x8C,0x00,0x00,0x00,0x00,
    0x00,0x00,0x01,0x80,0x7F,0xFE,0x40,0x02,0x1F,0xF0,0x0F,0xF0,0x18,0x18,0x1F,0xF8,0x1F,0xF8,0x18,0x18,0x7F,0xFE,0x0C,0x10,
    0x3F,0xFE,0x62,0x12,0x1C,0x70,0x10,0x00,0x10,0x20,0x10,0x20,0x11,0xFC,0x10,0x20,0x7C,0x20,0x10,0x20,0x13,0xFE,0x1C,0x20,
    0x70,0x20,0x11,0xFC,0x10,0x20,0x10,0x20,0x10,0x20,0x37,0xFE,0x00,0x00,0x00,0x00,0x00,0x00,0x10,0x08,0x10,0x88,0x00,0x88,
    0x7B,0xE8,0x18,0x88,0x10,0x8C,0x37,0xEE,0x78,0x8A,0x7C,0x8A,0x13,0xE8,0x10,0x88,0x10,0x88,0x13,0xE8,0x10,0x08,0x00,0x08,
    0x00,0x00,0x00,0x78,0x1F,0x80,0x01,0x80,0x01,0x80,0x7F,0xFE,0x05,0xA0,0x05,0xA4,0x3D,0xAC,0x05,0xB0,0x05,0xA0,0x3D,0xA2,
    0x25,0xBC,0x01,0x80,0x01,0x80,0x00,0x00,0x18,0x00,0x19,0xFC,0x19,0x84,0x7D,0x84,0x7D,0xFC,0x18,0x00,0x18,0x20,0x1C,0x60,
    0x79,0xFE,0x18,0x62,0x18,0x42,0x18,0xC6,0x11,0x86,0x33,0x0C,0x00,0x00,0x00,0x00,0x10,0x00,0x13,0xFC,0x11,0x88,0x5C,0x98,
    0x54,0x70,0x50,0x70,0x51,0xDE,0x13,0x22,0x10,0x20,0x13,0xFC,0x10,0x20,0x10,0x20,0x10,0x60,0x17,0xFE,0x00,0x00,0x00,0x00,
    0x00,0x00,0x10,0x20,0x10,0x20,0x13,0xFE,0x7A,0x02,0x30,0x00,0x31,0xFC,0x39,0x84,0x3D,0xFC,0x51,0x80,0x51,0xFC,0x11,0x86,
    0x11,0x86,0x11,0xFE,0x11,0x86,0x10,0x00,0x00,0x20,0x04,0x20,0x06,0x60,0x1F,0xFC,0x1F,0xF8,0x01,0x80,0x01,0x80,0x01,0x80,
    0x3F,0xFE,0x01,0x80,0x03,0x40,0x06,0x70,0x0C,0x1C,0x30,0x0E,0x00,0x00,0x00,0x00,0x00,0x00,0x01,0x00,0x01,0x00,0x7F,0xFE,
    0x60,0x06,0x0F,0xF0,0x0F,0xF0,0x08,0x10,0x0F,0xF0,0x08,0x00,0x08,0x00,0x0F,0xF8,0x08,0x08,0x08,0x18,0x0F,0xF8,0x08,0x08,
    0x00,0x00,0x3F,0xFC,0x20,0x04,0x00,0x08,0x1E,0x18,0x00,0xFE,0x00,0x18,0x3F,0x18,0x12,0x58,0x12,0x18,0x12,0x18,0x32,0x30,
    0x22,0x06,0x43,0xFC,0x00,0x00,0x00,0x00,0x00,0xFC,0x7D,0x84,0x05,0x84,0x05,0xA4,0x25,0xA4,0x35,0xA4,0x19,0xA4,0x09,0xA4,
    0x1D,0xA4,0x14,0x70,0x26,0x50,0x60,0xD0,0x01,0x92,0x07,0x1E,0x00,0x00,0x00,0x00,0x00,0x00,0x18,0x20,0x1F,0x3E,0x34,0x48,
    0x65,0x08,0x01,0x80,0x7F,0xFE,0x40,0x02,0x1F,0xF0,0x18,0x10,0x1F,0xF0,0x18,0x00,0x1F,0xF8,0x18,0x08,0x1F,0xF8,0x00,0x00,
    0x00,0x00,0x00,0x20,0x30,0x20,0x21,0xFE,0x3D,0x02,0x6D,0x02,0x48,0xFC,0x11,0x8C,0x11,0x8C,0x11,0xF8,0x11,0x80,0x15,0xFE,
    0x1D,0x86,0x31,0xFE,0x01,0x86,0x00,0x00,0x20,0x48,0x21,0xFE,0x7C,0x48,0x78,0xCC,0x50,0xEA,0x10,0xEE,0x7C,0x90,0x10,0xFE,
    0x10,0x90,0x55,0xFC,0x57,0x90,0x5C,0xFE,0x7C,0x90,0x00,0xFE,0x00,0x80,0x00,0x00,0x00,0x00,0x10,0x00,0x11,0x64,0x11,0x24,
    0x17,0xFE,0x59,0x24,0x57,0xFC,0x50,0x00,0x11,0xFC,0x11,0x04,0x11,0x24,0x11,0x64,0x11,0x44,0x10,0xCC,0x13,0x86,0x00,0x00,
    0x00,0x00,0x01,0x90,0x67,0xFE,0x31,0x98,0x03,0x9C,0x06,0x96,0x67,0x9E,0x33,0x20,0x03,0xFE,0x16,0x20,0x17,0xFC,0x3E,0x20,
    0x23,0xFC,0x62,0x20,0x03,0xFE,0x02,0x00,0x0F,0xF8,0x1F,0xF8,0x18,0x88,0x7F,0xFE,0x11,0x88,0x1F,0xF8,0x00,0x00,0x1F,0xF8,
    0x10,0x08,0x11,0x88,0x11,0x08,0x13,0x60,0x06,0x38,0x3C,0x0C,0x20,0x00,0x00,0x00,0x01,0x80,0x01,0x80,0x11,0x88,0x19,0x98,
    0x0D,0x90,0x01,0x80,0x7F,0xFE,0x02,0x40,0x02,0x40,0x06,0x40,0x04,0x40,0x0C,0x42,0x18,0x46,0x70,0x7C,0x00,0x00,0x00,0x00,
    0x00,0x00,0x01,0x80,0x00,0x80,0x00,0x80,0x3F,0xFE,0x30,0x00,0x30,0x00,0x30,0x00,0x30,0x00,0x30,0x00,0x30,0x00,0x30,0x00,
    0x20,0x00,0x60,0x00,0x60,0x00,0x00,0x00,0x00,0x00,0x00,0x80,0x67,0xBE,0x33,0x10,0x07,0x10,0x0D,0x10,0x71,0xBE,0x33,0x98,
    0x34,0x90,0x39,0x90,0x31,0x10,0x33,0x7E,0x32,0x00,0x3C,0x00,0x43,0xFE,0x00,0x00,0x00,0x00,0x00,0x40,0x00,0x40,0x7F,0xFC,
    0x13,0x24,0x13,0x64,0x13,0xFC,0x7B,0x64,0x13,0xFC,0x10,0x60,0x10,0xE8,0x14,0xBA,0x39,0xBE,0x63,0x22,0x06,0x3E,0x00,0x00,
    0x00,0x00,0x08,0x00,0x08,0xFC,0x18,0x84,0x3E,0x84,0x08,0xB4,0x08,0xA4,0x7E,0xA4,0x18,0xA4,0x18,0xA4,0x1C,0x30,0x16,0x50,
    0x32,0xD0,0x61,0x92,0x47,0x1E,0x00,0x00,0x01,0x80,0x01,0x80,0x1F,0xFC,0x01,0x80,0x01,0x80,0x01,0x80,0x7F,0xFC,0x00,0x80,
    0x01,0x80,0x1F,0xFC,0x01,0x80,0x01,0x80,0x01,0x80,0x7F,0xFE,0x00,0x00,0x00,0x00,0x00,0x00,0x00,0x30,0x3C,0x30,0x18,0xFE,
    0x10,0x30,0x10,0x30,0x30,0x30,0x3D,0xFE,0x74,0x00,0x34,0x30,0x34,0xFC,0x34,0x30,0x3C,0x30,0x34,0x30,0x01,0xFE,0x00,0x00,
    0x04,0x00,0x05,0xFC,0x65,0xFE,0x64,0x06,0x64,0x06,0x64,0x06,0x64,0xFE,0x64,0x06,0x6C,0x06,0x68,0x06,0x08,0x06,0x19,0xFE,
    0x30,0x06,0x60,0x04,0x00,0x00,0x00,0x00,0x00,0x00,0x04,0x00,0x0C,0x00,0x1F,0xE0,0x30,0x40,0x60,0xC0,0x7F,0xF8,0x31,0x08,
    0x31,0x98,0x31,0x98,0x31,0x08,0x3F,0xF8,0x31,0x80,0x01,0x02,0x01,0x86,0x00,0x78,0x00,0x00,0x10,0x00,0x19,0xFE,0x01,0x06,
    0x41,0x86,0x6F,0xE6,0x61,0x86,0x6F,0xF6,0x61,0x86,0x61,0x86,0x6F,0xF6,0x61,0x86,0x61,0x86,0x60,0x06,0x60,0x0C,0x00,0x00,
    0x00,0x00,0x08,0x20,0x18,0x20,0x7E,0x20,0x30,0x60,0x30,0xF8,0x28,0x68,0x6C,0x48,0x7F,0x48,0x08,0x48,0x08,0x48,0x3E,0xC8,
    0x68,0x88,0x09,0x8A,0x09,0x0E,0x08,0x00,0x02,0x00,0x02,0x00,0x3F,0xF0,0x21,0x10,0x33,0x10,0x3F,0xF0,0x21,0x10,0x3F,0xF0,
    0x23,0x90,0x02,0xA0,0x04,0xAC,0x0C,0xA4,0x38,0x82,0x60,0xFE,0x00,0x00,0x00,0x00,0x00,0x00,0x00,0xC0,0x30,0xC0,0x13,0xF8,
    0x06,0x18,0x03,0xF8,0x73,0xFE,0x12,0x00,0x12,0x7C,0x12,0x44,0x12,0x4C,0x1E,0x58,0x3A,0x40,0x36,0x42,0x04,0x7E,0x00,0x00,
    0x00,0x00,0x00,0x10,0x3E,0x70,0x02,0x64,0x14,0x6C,0x1C,0x30,0x08,0x30,0x37,0xEE,0x61,0x06,0x01,0x00,0x1F,0xFC,0x01,0x80,
    0x02,0xE0,0x0C,0x30,0x38,0x18,0x00,0x00,0x10,0x20,0x10,0x20,0x11,0xFC,0x7C,0x60,0x7C,0x20,0x10,0x60,0x39,0xFE,0x3C,0x20,
    0x34,0x20,0x51,0xFC,0x50,0x20,0x10,0x20,0x13,0xFE,0x10,0x00,0x00,0x00,0x00,0x00,0x10,0x00,0x10,0xFE,0x10,0x80,0x7C,0x80,
    0x18,0x80,0x10,0xFC,0x38,0x84,0x3C,0x84,0x76,0x84,0x50,0xFC,0x10,0x80,0x10,0x80,0x10,0x80,0x10,0xFE,0x00,0x00,0x00,0x00,
    0x00,0x00,0x00,0x40,0x7C,0xC0,0x44,0xF8,0x45,0x18,0x64,0xFE,0x3D,0x80,0x11,0x00,0x19,0x7C,0x5D,0x64,0x51,0x64,0x51,0x6C,
    0x5F,0x60,0x7A,0x62,0x46,0x3E,0x00,0x00,0x00,0x00,0x01,0x80,0x1F,0xF8,0x11,0x88,0x11,0x88,0x1F,0xF8,0x01,0x80,0x7F,0xFE,
    0x00,0x00,0x1F,0xF8,0x11,0x08,0x11,0x08,0x11,0x40,0x06,0x78,0x7C,0x0C,0x20,0x00,0x00,0x00,0x0C,0x04,0x0C,0x04,0x1B,0x24,
    0x31,0xA4,0x60,0xA4,0x5F,0x24,0x00,0x24,0x00,0x24,0x7F,0xA4,0x08,0x24,0x19,0x24,0x11,0x04,0x3F,0x84,0x20,0x1C,0x00,0x08,
    0x00,0x00,0x10,0x00,0x11,0xFC,0x7D,0x04,0x21,0xFC,0x21,0x04,0x29,0x84,0x49,0xFC,0x7C,0x10,0x09,0x10,0x09,0xD6,0x1D,0x18,
    0x79,0x10,0x09,0x52,0x09,0x9E,0x00,0x00,0x00,0x00,0x00,0x40,0x20,0x60,0x17,0xFE,0x01,0x18,0x02,0x46,0x64,0x92,0x31,0x18,
    0x03,0xFC,0x00,0xC0,0x11,0xA4,0x33,0x98,0x2D,0x98,0x61,0xCC,0x41,0x86,0x00,0x00,0x10,0x00,0x11,0xFC,0x11,0x04,0x19,0xFC,
    0x79,0x04,0x11,0x04,0x31,0xFC,0x3D,0x00,0x75,0x10,0x51,0xDC,0x11,0x10,0x11,0x10,0x11,0xD2,0x11,0x1E,0x10,0x00,0x00,0x00,
    0x10,0x00,0x10,0xFC,0x3C,0x84,0x20,0x84,0x40,0xFC,0x7C,0x20,0x10,0x30,0x11,0xFE,0x7D,0x26,0x11,0x36,0x11,0x7E,0x1D,0x46,
    0x19,0x06,0x11,0x0C,0x00,0x00,0x00,0x00,0x00,0x00,0x0C,0x00,0x0C,0x3E,0x7F,0xA6,0x3F,0x24,0x3F,0x24,0x21,0x2C,0x3F,0x28,
    0x00,0x24,0x3F,0x26,0x06,0x22,0x07,0xA2,0x7C,0x26,0x04,0x2C,0x0C,0x20,0x08,0x20,0x00,0x00,0x3F,0xFC,0x20,0x04,0x2F,0xF4,
    0x21,0x04,0x21,0x04,0x2F,0xF4,0x21,0x84,0x21,0x64,0x21,0x04,0x2F,0xF4,0x20,0x04,0x20,0x04,0x3F,0xFC,0x20,0x00,0x00,0x00,
    0x1F,0xF8,0x19,0x88,0x11,0x88,0x1F,0xF8,0x11,0x88,0x11,0x88,0x1F,0xF8,0x01,0x80,0x7F,0xFE,0x03,0xE0,0x05,0xB0,0x19,0x98,
    0x71,0x8E,0x01,0x80,0x00,0x00,0x00,0x00,0x00,0x00,0x01,0x80,0x7F,0xFE,0x00,0x00,0x1F,0xF8,0x1F,0xF8,0x10,0x88,0x1F,0xF8,
    0x3F,0xFC,0x07,0xB0,0x0D,0x1C,0x73,0x82,0x06,0x78,0x1F,0xB0,0x67,0x0E,0x00,0x00,0x00,0x10,0x30,0x18,0x10,0x18,0x13,0xFE,
    0x00,0x18,0x01,0x18,0x71,0x18,0x11,0x98,0x10,0x98,0x10,0x18,0x10,0x10,0x18,0x70,0x3C,0x00,0x63,0xFE,0x00,0x00,0x00,0x00,
    0x00,0x00,0x00,0x60,0x00,0x60,0x3C,0x50,0x2C,0xD8,0x2C,0x8C,0x2D,0x8E,0x2F,0xF8,0x2C,0x00,0x2C,0xF8,0x3C,0x8C,0x2C,0x8C,
    0x20,0x8C,0x00,0xFC,0x00,0x8C,0x00,0x80,0x00,0x00,0x00,0x20,0x3E,0x10,0x22,0x10,0x3A,0xFE,0x2A,0x20,0x7F,0x4C,0x41,0xC8,
    0x7E,0x50,0x22,0x36,0x3E,0x64,0x26,0xC8,0x3E,0x98,0x22,0x3C,0x2C,0xC6,0x00,0x00,0x00,0x00,0x00,0x40,0x00,0x20,0x7C,0x20,
    0x0B,0xFE,0x10,0x40,0x10,0x88,0x11,0x98,0x1D,0xF0,0x70,0x66,0x50,0xCC,0x13,0x98,0x10,0x38,0x10,0xEC,0x33,0x86,0x00,0x00,
    0x00,0x00,0x01,0x00,0x31,0x80,0x1B,0xFE,0x02,0x00,0x07,0xFC,0x65,0x4C,0x31,0x64,0x03,0x2C,0x07,0xFE,0x12,0x48,0x32,0x68,
    0x23,0xFC,0x61,0xFC,0x40,0x18,0x00,0x10,0x00,0x00,0x18,0x00,0x1F,0xFC,0x30,0x00,0x6F,0xF8,0x40,0x00,0x3F,0xF8,0x02,0x08,
    0x3F,0xE8,0x08,0x88,0x1F,0x88,0x06,0x48,0x1D,0x88,0x27,0x8E,0x3C,0x66,0x00,0x00,0x00,0x00,0x01,0x00,0x01,0x80,0x7F,0xFE,
    0x06,0x00,0x06,0x00,0x08,0x60,0x1F,0xC0,0x01,0x98,0x03,0x30,0x0E,0x60,0x38,0xC0,0x01,0xF0,0x0E,0x18,0x38,0x0C,0x20,0x00,
    0x00,0x00,0x01,0x80,0x3F,0xFC,0x61,0x86,0x21,0x86,0x1F,0xF8,0x01,0x80,0x1F,0xF8,0x01,0x80,0x7F,0xFC,0x01,0x80,0x1F,0xF8,
    0x18,0x18,0x18,0x18,0x1F,0xF8,0x00,0x00,0x00,0x00,0x00,0x20,0x7C,0x20,0x05,0xFE,0x24,0x20,0x2C,0x60,0x28,0x4C,0x28,0xD8,
    0x2C,0xB0,0x3C,0x26,0x04,0x44,0x7D,0x88,0x44,0x18,0x04,0x64,0x1C,0xC2,0x00,0x00,0x00,0x00,0x00,0x44,0x7E,0x44,0x14,0x44,
    0x14,0xFF,0x7F,0x44,0x55,0x44,0x55,0x44,0x55,0x7C,0x67,0x64,0x41,0x44,0x7F,0x44,0x41,0x44,0x43,0x7C,0x7F,0x44,0x40,0x00,
    0x00,0x00,0x3E,0x30,0x06,0x20,0x7F,0xBE,0x33,0x44,0x1F,0x64,0x11,0x28,0x1F,0x38,0x13,0x18,0x7F,0x3C,0x01,0x42,0x24,0x88,
    0x24,0x8C,0x24,0x14,0x07,0xF0,0x00,0x00,0x23,0x3E,0x23,0x26,0x23,0x24,0x7F,0xA4,0x23,0x2C,0x23,0x28,0x23,0x2C,0x3F,0x26,
    0x23,0x22,0x23,0x22,0x23,0x22,0x3F,0x2E,0x33,0x20,0x20,0x20,0x00,0x20,0x00,0x00,0x08,0x30,0x08,0x30,0x7F,0xFE,0x08,0x30,
    0x3E,0x30,0x22,0x7C,0x3E,0x30,0x22,0x30,0x22,0xFE,0x0C,0x32,0x08,0x32,0x7F,0x36,0x08,0x34,0x08,0x30,0x00,0x00,0x00,0x00,
    0x00,0x00,0x01,0x00,0x03,0x80,0x06,0x40,0x0D,0x30,0x19,0x1E,0x60,0x06,0x0F,0xE0,0x00,0x40,0x00,0xC0,0x0F,0xF0,0x18,0x18,
    0x18,0x18,0x1F,0xF8,0x1F,0xF8,0x00,0x00,0x20,0x00,0x33,0xFC,0x10,0x38,0x00,0x60,0x44,0x4A,0x75,0x5E,0x14,0x76,0x04,0xF6,
    0x05,0xDE,0x15,0x4E,0x14,0x46,0x24,0xC6,0x24,0x06,0x67,0xFE,0x00,0x00,0x00,0x00,0x01,0x00,0x3F,0xFC,0x60,0x06,0x44,0x62,
    0x1F,0xF8,0x04,0x60,0x1F,0xF8,0x04,0x60,0x7F,0xFE,0x0C,0x30,0x39,0x9E,0x60,0x46,0x07,0x80,0x00,0xE0,0x00,0x00,0x00,0x00,
    0x00,0x00,0x1F,0xFC,0x00,0x30,0x00,0xC0,0x08,0x90,0x24,0xB4,0x20,0x84,0x20,0x84,0x26,0xE4,0x28,0xB4,0x21,0x84,0x23,0x04,
    0x3F,0xFC,0x3F,0xFC,0x00,0x04,0x00,0x00,0x00,0x20,0x00,0x2C,0x00,0x3C,0x77,0xFC,0x56,0x20,0x57,0xE4,0x56,0x24,0x57,0xF4,
    0x57,0x58,0x75,0x58,0x55,0xD8,0x4C,0x18,0x08,0x6E,0x08,0xC6,0x00,0x00,0x00,0x00,0x00,0x00,0x3F,0xFE,0x20,0x06,0x26,0x66,
    0x18,0x38,0x00,0x00,0x1F,0xF8,0x01,0x80,0x01,0x80,0x01,0x80,0x7F,0xFE,0x01,0x80,0x01,0x80,0x01,0x80,0x00,0x00,0x00,0x00,
    0x00,0x00,0x10,0x20,0x10,0x70,0x7E,0x48,0x10,0x8E,0x7F,0x02,0x45,0xCC,0x7C,0x64,0x45,0x34,0x65,0xB4,0x3C,0x64,0x10,0xFC,
    0x7F,0xB4,0x10,0x24,0x10,0xCC,0x00,0x00,0x00,0x00,0x30,0x14,0x30,0x14,0x33,0xFE,0x7A,0x10,0x33,0xD4,0x32,0x14,0x33,0xDC,
    0x77,0x58,0x75,0xDE,0x34,0x16,0x30,0x20,0x32,0xA6,0x36,0x8A,0x64,0xF8,0x00,0x00,0x10,0x00,0x11,0xFC,0x11,0x04,0x7D,0xFC,
    0x31,0x04,0x11,0xFC,0x10,0x00,0x1B,0xFE,0x70,0x20,0x10,0x20,0x13,0xFE,0x10,0x20,0x10,0x20,0x70,0x20,0x00,0x20,0x00,0x00,
    0x00,0x00,0x1F,0xF8,0x10,0x08,0x1F,0xF8,0x10,0x08,0x1F,0xF8,0x00,0x00,0x3F,0xFC,0x01,0x80,0x01,0x80,0x7F,0xFE,0x01,0x80,
    0x01,0x80,0x01,0x80,0x00,0x00,0x00,0x00,0x00,0x00,0x00,0x34,0x30,0x34,0x33,0xFE,0x3A,0x10,0x7B,0xD4,0x76,0x14,0x77,0xD8,
    0x37,0x58,0x35,0xFE,0x34,0x06,0x30,0x24,0x33,0xA6,0x35,0x8A,0x34,0xF8,0x00,0x00,0x10,0x00,0x11,0xFC,0x11,0x04,0x15,0xFC,
    0x55,0x04,0x55,0xFC,0x50,0x00,0x10,0x00,0x13,0xFE,0x10,0x20,0x13,0xFE,0x10,0x20,0x10,0x20,0x10,0x20,0x00,0x00,0x00,0x00,
    0x00,0x00,0x11,0xF8,0x11,0x8C,0x11,0x04,0x5D,0xFC,0x59,0x04,0x51,0xFC,0x50,0x00,0x11,0xFC,0x19,0xFC,0x14,0x20,0x23,0xFE,
    0x20,0x20,0x60,0x20,0x40,0x20,0x00,0x20,0x20,0x00,0x33,0xFE,0x18,0x20,0x00,0x20,0x60,0x20,0x70,0x20,0x17,0xFE,0x07,0xFE,
    0x00,0x20,0x18,0x20,0x10,0x20,0x30,0x20,0x60,0x20,0x60,0x20,0x00,0x00,0x00,0x00,0x20,0x00,0x33,0xFC,0x19,0x0C,0x01,0x08,
    0x41,0x08,0x31,0x88,0x10,0x98,0x00,0x90,0x00,0x70,0x18,0x60,0x10,0x60,0x20,0x90,0x63,0x0C,0x4E,0x06,0x00,0x00,0x00,0x00,
    0x00,0x00,0x01,0x00,0x01,0x00,0x7F,0xFE,0x07,0x62,0x06,0x20,0x0C,0x10,0x31,0x0C,0x61,0x06,0x1F,0xF8,0x02,0x08,0x02,0x08,
    0x06,0x18,0x1C,0x18,0x70,0x70,0x00,0x00,0x00,0x00,0x10,0x40,0x10,0x20,0x10,0x20,0x19,0xFE,0x7C,0x00,0x10,0x00,0x38,0xF8,
    0x3C,0x88,0x74,0x88,0x50,0x88,0x10,0x88,0x11,0x08,0x11,0x0A,0x12,0x0E,0x00,0x00,0x00,0x00,0x08,0x20,0x18,0x20,0x3C,0x20,
    0x26,0xFE,0x36,0x00,0x2E,0x00,0x26,0xF8,0x7E,0xC8,0x26,0xC8,0x36,0xC8,0x2E,0x88,0x66,0x88,0x44,0x8A,0x4F,0x0E,0x00,0x00,
    0x00,0x00,0x00,0x20,0x37,0xFE,0x30,0x00,0x31,0xFC,0x79,0xFC,0x30,0x00,0x37,0xFE,0x35,0xFA,0x30,0xE0,0x3B,0x6C,0x71,0xF8,
    0x46,0x78,0x01,0xB6,0x06,0x60,0x00,0x00,0x00,0x00,0x00,0x40,0x07,0xFE,0x70,0x00,0x52,0x08,0x53,0xF8,0x50,0x00,0x57,0xFE,
    0x55,0xFA,0x50,0xC0,0x77,0x7C,0x51,0xB8,0x46,0x68,0x01,0xA6,0x06,0x62,0x00,0x00,0x00,0x00,0x00,0x80,0x7F,0xFE,0x00,0x00,
    0x1F,0xF8,0x1F,0xF8,0x00,0x00,0x7F,0xFE,0x40,0x02,0x03,0x88,0x1F,0x98,0x33,0xF0,0x1D,0xD0,0x06,0x4C,0x38,0xC6,0x01,0x00,
    0x00,0x00,0x01,0x80,0x7F,0xFC,0x00,0x00,0x1F,0xF0,0x18,0x10,0x0F,0xF0,0x7F,0xFE,0x40,0x76,0x5F,0xE0,0x01,0x30,0x1F,0x00,
    0x07,0xF8,0x21,0x02,0x01,0xFE,0x00,0x00,0x00,0x00,0x04,0x00,0x04,0x3E,0x3F,0xA4,0x04,0x24,0x04,0x24,0x7F,0xA8,0x12,0x24,
    0x12,0x26,0x73,0xA2,0x52,0xE2,0x52,0x26,0x32,0x2C,0x22,0x20,0x66,0x20,0x00,0x20,0x08,0x00,0x18,0xFC,0x10,0xFE,0x18,0x0C,
    0x7E,0x10,0x32,0x10,0x26,0x10,0x25,0xFE,0x24,0x10,0x1C,0x10,0x0C,0x10,0x16,0x10,0x22,0x30,0x40,0x70,0x00,0x00,0x00,0x00,
    0x08,0x00,0x08,0x1C,0x7F,0xF0,0x08,0x20,0x3E,0x20,0x18,0xFC,0x08,0x20,0x7E,0x20,0x18,0xFE,0x1E,0xA0,0x2A,0x20,0x68,0x20,
    0x48,0x22,0x08,0x3E,0x00,0x00,0x00,0x00,0x00,0x00,0x0F,0xF8,0x08,0x18,0x08,0x18,0x0F,0xF8,0x00,0x00,0x7F,0xFE,0x0C,0x00,
    0x04,0x00,0x0F,0xF8,0x00,0x18,0x00,0x18,0x00,0x10,0x00,0xF0,0x00,0x80,0x00,0x00,0x00,0x20,0x33,0x60,0x1B,0x60,0x03,0xFC,
    0x06,0x60,0x60,0x60,0x37,0xFE,0x00,0x00,0x00,0x00,0x33,0xFC,0x23,0x0C,0x23,0x0C,0x63,0xFC,0x63,0x0C,0x00,0x00,0x00,0x00,
    0x00,0x00,0x7B,0xFE,0x48,0x04,0x48,0x04,0x49,0xE4,0x49,0x24,0x49,0x24,0x49,0x24,0x49,0x24,0x79,0xE4,0x79,0x24,0x49,0x04,
    0x00,0x04,0x00,0x1C,0x00,0x10,0x00,0x00,0x01,0xFC,0x79,0x86,0x49,0x06,0x49,0xFE,0x49,0x06,0x49,0xFC,0x48,0x80,0x49,0xFE,
    0x4B,0x22,0x6B,0x32,0x79,0x5A,0x41,0xC2,0x01,0xE2,0x00,0x0E,0x00,0x00,0x00,0x00,0x06,0x20,0x7F,0xFE,0x46,0x60,0x04,0x20,
    0x08,0x00,0x1B,0xFE,0x30,0x08,0x31,0xC8,0x53,0x68,0x12,0x28,0x13,0x28,0x13,0xE8,0x10,0x08,0x10,0x18,0x00,0x00,0x00,0x00,
    0x04,0x20,0x7F,0xFE,0x7F,0xFE,0x04,0x20,0x30,0x00,0x17,0xFE,0x00,0x08,0x63,0xC8,0x32,0x48,0x02,0x48,0x12,0x48,0x33,0xC8,
    0x60,0x08,0x40,0x38,0x00,0x20,0x00,0x00,0x00,0x00,0x10,0x20,0x10,0x30,0x11,0xFE,0x7C,0x40,0x7C,0x40,0x10,0x88,0x39,0xF8,
    0x3D,0x34,0x74,0x64,0x50,0xCC,0x11,0x98,0x10,0x3C,0x10,0xE6,0x13,0x82,0x00,0x00,0x00,0x08,0x03,0xF8,0x1F,0x80,0x00,0x80,
    0x00,0x80,0x7F,0xFE,0x03,0xC0,0x03,0xC0,0x04,0xA0,0x0C,0xB0,0x18,0x98,0x30,0x8E,0x60,0x82,0x00,0x80,0x00,0x80,0x00,0x00,
    0x00,0x00,0x3F,0x00,0x3C,0x3C,0x0C,0x7E,0x0C,0x46,0x7F,0xC6,0x0C,0x46,0x0E,0x46,0x1F,0x46,0x3D,0xC6,0x2C,0x66,0x4C,0x7E,
    0x0C,0x46,0x0C,0x00,0x00,0x00,0x00,0x00,0x00,0x00,0x18,0x00,0x17,0xFE,0x10,0x0C,0x30,0x08,0x33,0xC8,0x73,0xC8,0x52,0x48,
    0x12,0x48,0x12,0x48,0x13,0xC8,0x12,0x48,0x10,0x08,0x10,0x08,0x30,0x18,0x00,0x00,0x00,0x00,0x01,0x00,0x01,0x80,0x02,0xC0,
    0x04,0x60,0x0C,0x30,0x38,0x1C,0x6F,0xF6,0x00,0x00,0x0F,0xF0,0x1F,0xF8,0x10,0x18,0x10,0x18,0x1F,0xF8,0x10,0x18,0x00,0x00,
    0x00,0x00,0x01,0x80,0x03,0x80,0x06,0x60,0x0C,0x30,0x37,0xEE,0x40,0x00,0x0F,0xF0,0x08,0x10,0x0F,0xF0,0x00,0x00,0x1F,0xFC,
    0x12,0x4C,0x12,0x4C,0x7F,0xFE,0x00,0x00,0x00,0x00,0x00,0x40,0x18,0xC0,0x30,0xFC,0x4B,0xC8,0x2D,0x48,0x38,0x30,0x68,0x70,
    0x0D,0xCE,0x15,0x86,0x6E,0xFC,0x1A,0x84,0x32,0x84,0x46,0xFC,0x1C,0x84,0x00,0x80,0x10,0x00,0x13,0xFC,0x00,0x04,0x61,0x84,
    0x5F,0xF4,0x42,0x04,0x44,0xC4,0x4F,0x84,0x43,0x24,0x4E,0x44,0x49,0xC4,0x47,0x34,0x5C,0x04,0x60,0x0C,0x00,0x00,0x00,0x00,
    0x00,0x00,0x27,0xFE,0x10,0x0C,0x00,0x0C,0x43,0xCC,0x63,0xEC,0x32,0x6C,0x02,0x6C,0x12,0x6C,0x13,0xEC,0x32,0x6C,0x22,0x0C,
    0x60,0x0C,0x60,0x18,0x00,0x10,0x00,0x00,0x00,0x00,0x37,0xFE,0x14,0x02,0x04,0x42,0x45,0xFA,0x74,0x42,0x04,0x42,0x04,0xF2,
    0x14,0x92,0x14,0x92,0x34,0xF2,0x24,0x02,0x67,0xFE,0x44,0x06,0x00,0x00,0x00,0x00,0x08,0x10,0x08,0x10,0x3E,0xFC,0x08,0x10,
    0x08,0x10,0x7E,0xFE,0x14,0x28,0x14,0x28,0x76,0xAE,0x55,0xAA,0x14,0xAA,0x34,0x48,0x24,0x48,0x6C,0x98,0x00,0x80,0x00,0x00,
    0x00,0x00,0x08,0xFC,0x08,0x84,0x00,0x84,0x7C,0xFC,0x08,0x84,0x08,0xFC,0x16,0xC0,0x3C,0xFE,0x7D,0x22,0x13,0x32,0x11,0xCA,
    0x11,0xC2,0x11,0xF2,0x10,0x0E,0x10,0x00,0x00,0x00,0x0C,0x10,0x0C,0x10,0x7F,0xFE,0x59,0xC4,0x14,0x54,0x3F,0x44,0x64,0x4C,
    0x64,0x48,0x3F,0x7E,0x24,0x02,0x3F,0x02,0x24,0x7A,0x3F,0x02,0x20,0x0C,0x00,0x08,0x08,0x00,0x08,0x3E,0x7F,0x26,0x19,0x22,
    0x11,0x26,0x33,0x3E,0x00,0x00,0x1F,0xF8,0x18,0x08,0x19,0x88,0x19,0x88,0x09,0x40,0x06,0x38,0x3C,0x0E,0x20,0x00,0x00,0x00,
    0x03,0xFC,0x72,0x64,0x5A,0x2C,0x4A,0xB4,0x4A,0xB4,0x4B,0xFC,0x48,0x60,0x4B,0xFC,0x4B,0xFC,0x78,0x20,0x4F,0xFE,0x42,0x00,
    0x06,0x92,0x04,0xD2,0x00,0x00,0x00,0x00,0x3F,0xFC,0x31,0x84,0x25,0xA4,0x25,0xA4,0x25,0xA4,0x3F,0xFC,0x01,0x80,0x3F,0xFC,
    0x01,0x80,0x01,0x80,0x7F,0xFE,0x20,0x00,0x26,0x44,0x42,0x66,0x00,0x00,0x00,0x00,0x00,0x00,0x00,0xC0,0x0F,0xFE,0x1F,0xFE,
    0x58,0x00,0x7B,0xFC,0x3A,0x04,0x1B,0xFC,0x3A,0x04,0x7B,0xFC,0x12,0x60,0x12,0x2C,0x12,0x38,0x33,0x98,0x23,0x0E,0x02,0x00,
    0x08,0x00,0x19,0xFC,0x31,0x0C,0x61,0x0C,0x0D,0xFC,0x09,0x0C,0x19,0xFC,0x31,0xF8,0x51,0x24,0x11,0x2C,0x11,0x30,0x11,0x10,
    0x11,0xCC,0x11,0x86,0x00,0x00,0x00,0x00,0x00,0x00,0x24,0x00,0x3D,0xFC,0x19,0x04,0x39,0xFC,0x69,0xFC,0x09,0x04,0x09,0xFC,
    0x1D,0x20,0x2D,0x24,0x65,0x18,0x0D,0x18,0x0D,0x08,0x09,0xCE,0x39,0x82,0x00,0x00,0x10,0x00,0x19,0xFC,0x19,0x04,0x1D,0xFC,
    0x5D,0xFC,0x59,0x04,0x59,0xFC,0x19,0x20,0x19,0x24,0x19,0x38,0x19,0x18,0x19,0x18,0x19,0xCE,0x19,0x84,0x00,0x00,0x00,0x00,
    0x00,0x00,0x00,0x20,0x78,0x30,0x4B,0xFE,0x48,0x00,0x49,0xFC,0x49,0x04,0x49,0xFC,0x48,0x00,0x4B,0xFE,0x78,0x1C,0x48,0x30,
    0x40,0x30,0x00,0x30,0x00,0x60,0x00,0x40,0x00,0x00,0x01,0x80,0x7F,0xFE,0x00,0x00,0x0F,0xF0,0x08,0x10,0x08,0x10,0x0F,0xF0,
    0x00,0x00,0x3F,0xFC,0x00,0xE0,0x01,0x80,0x01,0x80,0x01,0x80,0x03,0x80,0x02,0x00,0x10,0x90,0x10,0x90,0x13,0xFC,0x78,0x90,
    0x33,0xFE,0x30,0x60,0x31,0xF8,0x3A,0x64,0x73,0xFC,0x53,0x64,0x13,0x6C,0x10,0x90,0x11,0x98,0x13,0x04,0x00,0x00,0x00,0x00,
    0x00,0x00,0x01,0x00,0x13,0x00,0x36,0xCE,0x64,0x80,0x17,0xE0,0x15,0xBE,0x37,0xE4,0x77,0xA4,0x33,0xE4,0x31,0x84,0x37,0xE4,
    0x31,0x84,0x36,0x64,0x3C,0x2C,0x00,0x08,0x10,0x00,0x13,0xFE,0x10,0x00,0x14,0x00,0x55,0xFC,0x55,0x04,0x51,0x04,0x51,0xFC,
    0x11,0x04,0x11,0x84,0x11,0xFC,0x10,0x00,0x10,0x00,0x13,0xFE,0x00,0x00,0x00,0x00,0x00,0x00,0x03,0x00,0x3F,0xFE,0x0C,0x00,
    0x19,0x80,0x1F,0xF8,0x01,0x80,0x7F,0xFE,0x00,0x80,0x3E,0xFC,0x02,0x4C,0x16,0x48,0x0C,0x38,0x0E,0x30,0x72,0xEE,0x40,0x82,
    0x00,0x88,0x00,0x88,0x7C,0x88,0x4C,0xD8,0x4D,0xFE,0x4C,0x88,0x4C,0x88,0x4C,0x88,0x4D,0xFE,0x7D,0xFE,0x6C,0x80,0x41,0x88,
    0x03,0x04,0x06,0x06,0x00,0x00,0x00,0x00,0x08,0x88,0x08,0x88,0x08,0x88,0x0E,0x88,0x6D,0xFE,0x48,0x88,0x58,0x88,0x58,0x88,
    0x10,0xD8,0x1B,0xFE,0x1C,0x00,0x34,0x88,0x21,0x84,0x63,0x06,0x00,0x00,0x00,0x00,0x08,0x00,0x08,0x00,0x08,0xFE,0x7E,0x10,
    0x4A,0x10,0x4A,0x10,0x4A,0x10,0x4A,0x10,0x7E,0x10,0x48,0x10,0x0A,0x10,0x0A,0x10,0x3E,0x30,0x63,0xFE,0x00,0x00,0x00,0x00,
    0x00,0x00,0x00,0x30,0x30,0x30,0x10,0x7E,0x0F,0x54,0x02,0x54,0x62,0x44,0x12,0x4C,0x02,0x40,0x12,0x7E,0x37,0x02,0x2C,0x02,
    0x60,0xF2,0x40,0x02,0x00,0x0E,0x00,0x08,0x01,0x98,0x31,0x98,0x19,0x98,0x01,0x98,0x07,0xFE,0x61,0x98,0x31,0x98,0x01,0x98,
    0x01,0x98,0x17,0xFE,0x30,0x00,0x21,0x98,0x63,0x0C,0x66,0x06,0x00,0x00,0x00,0x00,0x00,0x00,0x01,0x00,0x01,0x80,0x3F,0xFC,
    0x31,0x04,0x21,0x04,0x03,0x00,0x7F,0xFE,0x06,0x00,0x04,0x80,0x0C,0x80,0x19,0x90,0x33,0x18,0x66,0x0C,0x07,0xFC,0x00,0x00,
    0x00,0x00,0x7C,0x30,0x04,0x20,0x04,0x20,0x3C,0x20,0x60,0x60,0x60,0x40,0x60,0x48,0x3C,0x48,0x04,0x8C,0x04,0x84,0x05,0x86,
    0x0D,0xFE,0x39,0x02,0x00,0x00,0x00,0x00,0x00,0x00,0x00,0x00,0x18,0x00,0x11,0xFE,0x22,0x30,0x26,0x30,0x7C,0x30,0x08,0x30,
    0x18,0x30,0x30,0x30,0x7E,0x30,0x00,0x30,0x02,0x30,0x3D,0x30,0x61,0xFE,0x00,0x00,0x00,0x00,0x01,0x00,0x73,0x7C,0x5A,0x04,
    0x52,0x0C,0x56,0x7E,0x5E,0x40,0x52,0x7C,0x52,0x90,0x52,0x10,0x73,0xFE,0x5A,0x30,0x42,0x28,0x42,0x6C,0x02,0xC6,0x02,0x00,
    0x00,0x00,0x18,0x00,0x1B,0xF8,0x10,0x08,0x33,0xFE,0x37,0xFE,0x71,0x00,0x53,0xFC,0x12,0x20,0x10,0x60,0x17,0xFE,0x10,0x60,
    0x10,0xD0,0x11,0x9C,0x17,0x06,0x10,0x00,0x00,0x00,0x01,0x00,0x6D,0x78,0x3B,0x08,0x32,0x7E,0x72,0x40,0x1E,0x40,0x1A,0x7C,
    0x1A,0x90,0x2A,0x10,0x4B,0xFE,0x0A,0x38,0x0A,0x2C,0x12,0x46,0x33,0xC2,0x00,0x00,0x00,0x10,0x7B,0xF0,0x68,0x50,0x68,0x90,
    0x68,0x90,0x68,0x90,0x68,0x90,0x69,0xD0,0x6B,0x90,0x78,0x90,0x68,0x90,0x60,0x90,0x00,0x9A,0x03,0x8E,0x00,0x00,0x00,0x00,
    0x00,0x00,0x3F,0xFC,0x30,0x00,0x37,0xFC,0x37,0xFC,0x36,0x0C,0x37,0xFC,0x30,0x00,0x27,0xFC,0x20,0x38,0x20,0x60,0x2F,0xFE,
    0x60,0x40,0x40,0xC0,0x00,0x80,0x00,0x00,0x00,0x00,0x10,0x00,0x10,0xF8,0x10,0x18,0x35,0xFE,0x34,0x80,0x74,0x80,0x75,0xFC,
    0x35,0x20,0x34,0x20,0x35,0xFE,0x34,0x30,0x30,0x58,0x30,0x8C,0x33,0x06,0x00,0x00,0x00,0x08,0x0F,0xF8,0x18,0x00,0x10,0x00,
    0x10,0x00,0x1F,0xFE,0x10,0x00,0x10,0x00,0x37,0xFC,0x34,0x0C,0x24,0x0C,0x24,0x0C,0x67,0xFC,0x44,0x0C,0x00,0x00,0x00,0x00,
    0x00,0x0C,0x7B,0xFC,0x48,0x20,0x48,0x24,0x49,0x24,0x49,0x24,0x48,0x20,0x48,0x20,0x7B,0xFE,0x78,0x20,0x48,0x20,0x40,0x20,
    0x00,0x20,0x00,0xE0,0x00,0x00,0x00,0x00,0x00,0x08,0x03,0xF8,0x3F,0x80,0x00,0x88,0x18,0x98,0x08,0x90,0x08,0x90,0x7F,0xFE,
    0x01,0x80,0x00,0x80,0x00,0x80,0x00,0x80,0x01,0x80,0x07,0x80,0x00,0x00,0x00,0x00,0x0C,0x00,0x0C,0x00,0x1F,0xF8,0x12,0x48,
    0x26,0x48,0x0C,0x88,0x19,0x88,0x13,0x18,0x06,0x30,0x01,0x80,0x24,0x8C,0x24,0x04,0x64,0x12,0x07,0xF0,0x00,0x00,0x00,0x00,
    0x01,0x00,0x01,0x3E,0x79,0x32,0x27,0xB2,0x21,0x36,0x21,0x3E,0x79,0x22,0x27,0xA2,0x24,0xBE,0x24,0xA6,0x3F,0xA2,0x74,0xE2,
    0x00,0x46,0x00,0xCC,0x00,0x00,0x00,0x00,0x01,0x80,0x01,0x80,0x3F,0xFC,0x01,0x80,0x0F,0xF8,0x00,0x00,0x3F,0xFC,0x7F,0xFE,
    0x42,0x42,0x12,0x48,0x1A,0x58,0x1A,0x50,0x02,0x40,0x7F,0xFE,0x00,0x00,0x00,0x00,0x04,0x20,0x7F,0xFE,0x7F,0xFE,0x04,0x00,
    0x08,0x7C,0x08,0x44,0x7F,0x44,0x08,0x7C,0x3E,0x44,0x62,0x44,0x62,0xFC,0x7E,0x84,0x67,0x84,0x21,0x0C,0x00,0x00,0x00,0x00,
    0x08,0x00,0x08,0x7C,0x08,0x44,0x7F,0x44,0x08,0x7C,0x08,0x44,0x18,0x44,0x3E,0x44,0x22,0xFC,0x22,0xC4,0x3E,0x84,0x26,0x84,
    0x23,0x84,0x03,0x1C,0x00,0x00,0x00,0x00,0x00,0x00,0x10,0x80,0x10,0x9E,0x10,0x92,0x7D,0xD2,0x54,0x9E,0x54,0x92,0x55,0xD2,
    0x7D,0x52,0x55,0x5E,0x11,0x52,0x15,0xD2,0x1D,0x32,0x64,0x22,0x00,0x66,0x00,0x00,0x00,0x00,0x2D,0xFC,0x39,0x48,0x31,0x48,
    0x79,0x48,0x09,0x48,0x09,0x48,0x19,0x48,0x39,0x48,0x6B,0x44,0x0A,0x44,0x0A,0x54,0x1A,0x7A,0x36,0x0A,0x00,0x00,0x00,0x00,
    0x00,0x00,0x10,0x80,0x54,0x9E,0x54,0x92,0x57,0xD2,0x11,0x96,0x7C,0x96,0x31,0x92,0x3B,0xD2,0x36,0x5E,0x56,0x52,0x53,0xF2,
    0x13,0x62,0x12,0x22,0x10,0x4E,0x00,0x00,0x00,0x00,0x03,0x00,0x33,0x3E,0x13,0x22,0x0F,0xA2,0x43,0x36,0x63,0x3E,0x13,0x22,
    0x07,0xA2,0x04,0xBE,0x14,0xA2,0x27,0xA2,0x24,0xE2,0x64,0x42,0x40,0xCE,0x00,0x80,0x00,0x0C,0x79,0xF8,0x09,0x48,0x09,0x48,
    0x39,0x48,0x79,0x48,0x41,0x48,0x41,0x48,0x79,0x48,0x0B,0x48,0x0A,0x44,0x0A,0x54,0x1E,0x72,0x74,0x42,0x00,0x00,0x00,0x00,
    0x00,0x00,0x01,0x00,0x01,0xF8,0x01,0x00,0x3F,0xFE,0x21,0x06,0x21,0xF0,0x2F,0x00,0x21,0x8C,0x20,0xF8,0x23,0xE0,0x23,0x20,
    0x22,0x20,0x66,0x22,0x4C,0x3E,0x00,0x00,0x00,0x40,0x00,0x7C,0x78,0x40,0x4B,0xFE,0x4A,0x46,0x4A,0xF8,0x4A,0x44,0x4A,0x7C,
    0x5A,0x00,0x7A,0xF0,0x46,0x90,0x44,0x92,0x0D,0x9A,0x09,0x0E,0x00,0x00,0x00,0x00,0x00,0x00,0x10,0x20,0x18,0x10,0x18,0x00,
    0x18,0xFE,0x7E,0x82,0x18,0x82,0x18,0x86,0x1E,0xFE,0x78,0x82,0x18,0x80,0x19,0x80,0x19,0x00,0x19,0x00,0x32,0x00,0x00,0x00,
    0x00,0x00,0x3F,0xFC,0x3F,0xFC,0x04,0x00,0x04,0x00,0x07,0xF0,0x04,0x10,0x0C,0x10,0x08,0x30,0x0F,0xF0,0x00,0x20,0x00,0x20,
    0x00,0x20,0x7F,0xFE,0x00,0x00,0x00,0x00,0x00,0x00,0x00,0x60,0x30,0x20,0x18,0x20,0x01,0xFE,0x41,0x06,0x71,0x06,0x11,0x06,
    0x01,0xFE,0x09,0x02,0x19,0x00,0x13,0x00,0x32,0x00,0x26,0x00,0x64,0x00,0x00,0x00,0x00,0x00,0x00,0x80,0x00,0x80,0x00,0x80,
    0x1F,0xFC,0x10,0x04,0x10,0x04,0x10,0x04,0x1F,0xFC,0x18,0x04,0x10,0x00,0x10,0x00,0x30,0x00,0x20,0x00,0x60,0x00,0x00,0x00,
    0x04,0x60,0x04,0x60,0x7F,0xFE,0x04,0x60,0x04,0x00,0x0C,0x40,0x08,0x4C,0x38,0x58,0x68,0x70,0x48,0xC0,0x0B,0xC0,0x08,0x40,
    0x08,0x46,0x08,0x7C,0x00,0x00,0x00,0x00,0x00,0x00,0x01,0x90,0x71,0x90,0x79,0x16,0x4B,0x1C,0x4F,0x30,0x49,0x70,0x49,0x12,
    0x49,0x1E,0x48,0x20,0x78,0x20,0x4B,0xFE,0x40,0x20,0x00,0x20,0x00,0x20,0x00,0x20,0x00,0x00,0x0C,0xC0,0x08,0xC4,0x18,0xDC,
    0x38,0xF0,0x79,0xC0,0x5B,0xC0,0x18,0x42,0x18,0x7E,0x09,0x00,0x01,0x00,0x7F,0xFE,0x01,0x00,0x01,0x00,0x01,0x00,0x00,0x00,
    0x05,0xFC,0x2D,0x04,0x19,0xE4,0x39,0x24,0x69,0x24,0x0B,0xFE,0x0A,0x02,0x19,0xFC,0x29,0x04,0x69,0xFC,0x09,0x04,0x09,0xFC,
    0x19,0x04,0x31,0x1C,0x00,0x00,0x00,0x00,0x23,0xF8,0x32,0x08,0x13,0xC8,0x03,0x68,0x43,0x2C,0x2F,0xFE,0x08,0x02,0x03,0xF8,
    0x13,0x08,0x33,0xF8,0x23,0x08,0x63,0xF8,0x43,0x08,0x03,0x18,0x00,0x00,0x00,0x00,0x00,0x00,0x3F,0xFE,0x00,0x00,0x07,0xE0,
    0x0D,0xB0,0x6D,0xB6,0x6D,0xB6,0x6F,0xF6,0x6D,0xB6,0x6D,0xB6,0x6F,0xF6,0x60,0x06,0x7F,0xFE,0x00,0x06,0x00,0x00,0x00,0x00,
    0x10,0x00,0x12,0x04,0x11,0x04,0x10,0x24,0x1F,0xA4,0x78,0x24,0x19,0x24,0x0B,0x24,0x0A,0x24,0x0C,0x24,0x0C,0x24,0x36,0x04,
    0x62,0xC4,0x01,0x9C,0x00,0x00,0x00,0x00,0x00,0x00,0x0C,0xC0,0x08,0xC0,0x18,0xC4,0x38,0xCC,0x38,0xD8,0x78,0xE0,0x18,0xC0,
    0x19,0xC0,0x1F,0xC0,0x18,0xC0,0x18,0xC2,0x18,0x46,0x18,0x7E,0x00,0x00,0x00,0x00,0x00,0x00,0x11,0xFC,0x19,0x60,0x00,0x20,
    0x00,0x60,0x77,0xFE,0x10,0x20,0x10,0x20,0x11,0xFC,0x11,0x0C,0x15,0x04,0x19,0x04,0x19,0xFC,0x11,0x04,0x00,0x00,0x00,0x00,
    0x10,0x40,0x10,0x40,0x13,0xFC,0x7F,0x24,0x3B,0xFC,0x13,0x64,0x33,0x64,0x3F,0xFC,0x74,0x60,0x50,0x68,0x10,0xBE,0x11,0xBA,
    0x13,0x22,0x16,0x3E,0x00,0x00,0x00,0x00,0x00,0x00,0x08,0x00,0x13,0xFE,0x22,0x02,0x6A,0x02,0x0A,0x72,0x1A,0x52,0x32,0x52,
    0x72,0x52,0x52,0x52,0x12,0x72,0x12,0x02,0x12,0x02,0x13,0xFE,0x12,0x02,0x00,0x00,0x10,0x00,0x1B,0xFE,0x18,0x20,0x1C,0x60,
    0x7E,0x60,0x5A,0x60,0x58,0xE8,0x19,0xEC,0x19,0x66,0x1A,0x62,0x1C,0x60,0x18,0x60,0x18,0x60,0x18,0x60,0x00,0x00,0x00,0x00,
    0x00,0x00,0x01,0x20,0x21,0x30,0x33,0x10,0x03,0xFE,0x06,0x20,0x66,0x20,0x3F,0xFE,0x02,0x30,0x02,0x20,0x1B,0xFE,0x33,0x30,
    0x22,0x20,0x63,0xFE,0x43,0x00,0x02,0x00,0x10,0x00,0x13,0xFE,0x13,0xFE,0x10,0x20,0x7C,0x20,0x10,0x60,0x10,0x68,0x10,0xEC,
    0x10,0xA4,0x1D,0x26,0x73,0x22,0x42,0x20,0x00,0x20,0x00,0x20,0x00,0x20,0x00,0x00,0x00,0xC0,0x00,0xC0,0x7C,0x80,0x04,0xFE,
    0x05,0x84,0x25,0x24,0x1D,0x20,0x18,0x20,0x0C,0x20,0x1C,0x70,0x16,0x50,0x20,0xD8,0x61,0x8C,0x03,0x02,0x00,0x00,0x00,0x00,
    0x00,0x00,0x7D,0xFE,0x10,0x30,0x10,0x20,0x10,0x20,0x7C,0x68,0x10,0x68,0x10,0xE4,0x10,0xA6,0x1D,0x22,0x73,0x20,0x40,0x20,
    0x00,0x20,0x00,0x20,0x00,0x20,0x00,0x00,0x10,0x00,0x13,0xFE,0x10,0x00,0x7C,0x00,0x39,0xFC,0x11,0x04,0x39,0x8C,0x3D,0xFC,
    0x75,0x04,0x51,0x8C,0x11,0xFC,0x10,0x00,0x13,0xFE,0x10,0x00,0x00,0x00,0x00,0x00,0x00,0x00,0x37,0xFC,0x10,0x60,0x10,0x40,
    0x00,0xC0,0x71,0xD8,0x71,0x4C,0x16,0x44,0x14,0x46,0x10,0x40,0x10,0x40,0x10,0x40,0x3E,0x00,0x43,0xFE,0x00,0x00,0x00,0x00,
    0x10,0x0C,0x13,0xF8,0x20,0x48,0x25,0x68,0x69,0x18,0x7B,0xFC,0x10,0x40,0x23,0xFE,0x78,0x80,0x61,0xFC,0x01,0x88,0x7A,0x50,
    0x46,0x70,0x05,0xDE,0x00,0x00,0x00,0x00,0x10,0x80,0x10,0x80,0x11,0xF8,0x79,0x10,0x1F,0x30,0x13,0xFC,0x11,0x24,0x19,0x24,
    0x71,0x24,0x57,0xFE,0x10,0x70,0x10,0xD0,0x11,0x8C,0x37,0x06,0x00,0x00,0x00,0x00,0x00,0x00,0x01,0x80,0x1F,0xF8,0x11,0x88,
    0x11,0x88,0x1F,0xF8,0x1F,0xF8,0x3F,0xFC,0x31,0x8C,0x1F,0xFC,0x00,0x00,0x20,0x84,0x6C,0x84,0x4C,0x32,0x47,0xE0,0x00,0x00,
    0x00,0x00,0x00,0xC0,0x38,0xF8,0x69,0x98,0x4B,0x10,0x4B,0xFC,0x49,0x24,0x49,0x24,0x49,0x24,0x6B,0x26,0x7F,0xFE,0x48,0x70,
    0x40,0xD8,0x01,0x8C,0x03,0x06,0x00,0x00,0x00,0x00,0x00,0xC0,0x00,0xC0,0x1F,0xFE,0x58,0x80,0x79,0xF8,0x3A,0x10,0x1B,0xFC,
    0x1B,0x64,0x73,0x24,0x13,0x64,0x17,0xFE,0x10,0x70,0x20,0x98,0x67,0x0E,0x00,0x00,0x00,0x00,0x09,0x10,0x09,0x30,0x3F,0xFC,
    0x02,0x00,0x7F,0xFC,0x0C,0x20,0x0C,0x30,0x37,0xDC,0x67,0x16,0x19,0xA0,0x0E,0xE0,0x1B,0xF0,0x0E,0x98,0x31,0x80,0x01,0x00,
    0x00,0x00,0x10,0x40,0x10,0xC0,0x10,0xF8,0x15,0x10,0x7D,0xF8,0x59,0x0C,0x51,0x24,0x51,0x24,0x11,0x24,0x1B,0xFE,0x3C,0x70,
    0x20,0xD8,0x61,0x8C,0x47,0x06,0x00,0x00,0x00,0x00,0x00,0x80,0x39,0x80,0x0B,0xF8,0x02,0x10,0x42,0x30,0x73,0xFC,0x02,0x44,
    0x02,0x44,0x12,0x44,0x3F,0xFE,0x20,0xE0,0x60,0xB0,0x43,0x18,0x46,0x0E,0x00,0x00,0x00,0x00,0x01,0x80,0x01,0x80,0x7F,0xFE,
    0x40,0x02,0x1F,0xF8,0x10,0xC0,0x10,0x80,0x1F,0xF8,0x10,0x08,0x10,0x08,0x1F,0xF8,0x10,0x80,0x10,0x80,0x1F,0xFC,0x00,0x00,
    0x08,0x00,0x08,0xFE,0x10,0x06,0x10,0x06,0x23,0x06,0x22,0x06,0x7C,0x06,0x6C,0x04,0x08,0x04,0x13,0x04,0x11,0x04,0x23,0x04,
    0x7F,0x8C,0x00,0x1C,0x00,0x00,0x00,0x00,0x00,0x00,0x04,0x20,0x3F,0xFE,0x06,0x60,0x05,0x20,0x7F,0xFE,0x7F,0xFE,0x10,0x00,
    0x1F,0xFC,0x00,0x00,0x09,0x10,0x09,0x10,0x19,0x10,0x11,0x12,0x61,0x1E,0x00,0x00,0x11,0x08,0x11,0x98,0x13,0xFE,0x59,0x08,
    0x58,0x60,0x57,0xFE,0x53,0x00,0x13,0xFC,0x10,0x00,0x13,0x48,0x13,0x48,0x12,0x48,0x12,0x4A,0x16,0x4E,0x00,0x00,0x00,0x00,
    0x00,0x00,0x06,0x20,0x3F,0xFC,0x06,0x20,0x06,0x20,0x7F,0xFE,0x01,0x80,0x1F,0xF8,0x11,0x88,0x1F,0xF8,0x11,0x88,0x1F,0xF8,
    0x04,0x30,0x0C,0x18,0x30,0x0E,0x00,0x00,0x00,0x90,0x00,0x90,0x79,0xFC,0x30,0x90,0x23,0xFE,0x38,0x20,0x6B,0xFC,0x6B,0x24,
    0x2B,0xFC,0x2B,0x24,0x3B,0xFC,0x20,0x98,0x21,0x98,0x03,0x04,0x00,0x00,0x00,0x00,0x00,0x00,0x10,0x20,0x10,0xFC,0x18,0x84,
    0x7E,0x84,0x56,0xFC,0x56,0x84,0x56,0xFC,0x7E,0x00,0x5F,0xFE,0x50,0x10,0x14,0xFC,0x1E,0xFC,0x7A,0x10,0x01,0xFE,0x00,0x00,
    0x18,0x20,0x1F,0x7E,0x26,0xD8,0x44,0x00,0x3F,0xFC,0x04,0x60,0x7F,0xFE,0x01,0x80,0x1F,0xF8,0x11,0x98,0x11,0x98,0x1F,0xF8,
    0x04,0x30,0x38,0x1C,0x00,0x00,0x00,0x00,0x02,0x00,0x06,0x00,0x1F,0xF8,0x10,0x08,0x1F,0xF8,0x10,0x08,0x1F,0xF8,0x00,0x00,
    0x3F,0xFC,0x01,0x80,0x1F,0xF8,0x01,0x80,0x01,0x80,0x7F,0xFE,0x00,0x00,0x00,0x00,0x00,0x00,0x3F,0xF8,0x23,0x18,0x27,0xC8,
    0x24,0x48,0x27,0xC8,0x27,0xC8,0x20,0x08,0x2F,0xE8,0x21,0x08,0x27,0xC8,0x61,0x0A,0x5F,0xFE,0x40,0x06,0x00,0x00,0x00,0x00,
    0x10,0x40,0x11,0xF8,0x11,0x0C,0x11,0x0C,0x55,0xFC,0x57,0x04,0x51,0xFC,0x10,0x00,0x13,0xFE,0x10,0x20,0x13,0xFC,0x10,0x20,
    0x10,0x20,0x17,0xFE,0x00,0x00,0x00,0x00,0x00,0x00,0x10,0x60,0x10,0x60,0x11,0xFC,0x15,0x04,0x5D,0xFC,0x51,0x04,0x51,0xFC,
    0x50,0x00,0x13,0xFE,0x18,0x20,0x3D,0xFC,0x24,0x60,0x60,0x20,0x43,0xFE,0x00,0x00,0x00,0x00,0x10,0x08,0x10,0x08,0x1F,0xF8,
    0x10,0x08,0x1F,0xF8,0x11,0x10,0x19,0x10,0x09,0xB0,0x7F,0xFE,0x02,0x40,0x04,0x40,0x0C,0x42,0x38,0x7E,0x00,0x00,0x00,0x00,
    0x10,0x00,0x11,0xFC,0x11,0x84,0x7D,0xFC,0x55,0x84,0x55,0xFC,0x54,0xA4,0x54,0xAC,0x57,0xFE,0x54,0x50,0x54,0x50,0x5C,0xD0,
    0x11,0x9A,0x13,0x1E,0x00,0x00,0x00,0x00,0x10,0x20,0x10,0x24,0x11,0x24,0x1D,0xAC,0x54,0x28,0x50,0x20,0x53,0xFE,0x10,0x90,
    0x10,0x90,0x10,0x90,0x11,0x90,0x11,0x10,0x13,0x12,0x16,0x1E,0x00,0x00,0x00,0x00,0x21,0x08,0x21,0x98,0x17,0xFE,0x01,0x48,
    0x00,0x60,0x67,0xFE,0x22,0x00,0x23,0xFC,0x20,0x00,0x22,0x48,0x2A,0x48,0x3A,0x48,0x32,0x4A,0x24,0x4E,0x00,0x00,0x00,0x00,
    0x00,0x00,0x02,0x00,0x02,0x00,0x3F,0xFE,0x04,0x00,0x04,0x40,0x0C,0x40,0x0A,0x4C,0x1A,0x48,0x16,0x48,0x30,0xE0,0x60,0xA0,
    0x41,0x90,0x03,0x0C,0x1C,0x06,0x00,0x00,0x10,0x00,0x13,0xFE,0x12,0x06,0x7E,0x40,0x13,0xFC,0x11,0x80,0x11,0x20,0x3B,0x20,
    0x73,0xFC,0x10,0x20,0x10,0x60,0x13,0xFE,0x10,0x20,0x70,0x20,0x00,0x20,0x00,0x00,0x10,0x00,0x11,0xFE,0x55,0x02,0x75,0x20,
    0x3C,0x60,0x19,0xFC,0x7C,0xC0,0x28,0x90,0x29,0xFC,0x28,0x10,0x2E,0x10,0x2D,0xFE,0x48,0x10,0x40,0x10,0x00,0x10,0x00,0x00,
    0x01,0x08,0x11,0x08,0x25,0x50,0x47,0xDE,0x00,0x16,0x17,0xE4,0x32,0x34,0x77,0x94,0x53,0x14,0x17,0xDC,0x15,0x48,0x15,0xDC,
    0x19,0x74,0x13,0x62,0x00,0x00,0x00,0x00,0x10,0x80,0x10,0x80,0x13,0xFE,0x11,0x80,0x55,0x80,0x55,0x30,0x51,0x34,0x53,0xB4,
    0x12,0xBC,0x16,0x30,0x1C,0x70,0x10,0xC8,0x11,0x84,0x13,0x02,0x00,0x00,0x00,0x00,0x00,0x00,0x18,0x00,0x19,0xFE,0x19,0x82,
    0x7F,0x82,0x5F,0xBA,0x5F,0xAA,0x5F,0xAA,0x7F,0xAA,0x7F,0xAA,0x59,0xBA,0x1D,0xB2,0x1F,0x82,0x7F,0xFE,0x01,0x82,0x00,0x02,
    0x00,0x00,0x00,0x00,0x3F,0xFC,0x20,0x04,0x20,0x04,0x27,0xE4,0x24,0x64,0x24,0x24,0x24,0x24,0x27,0xE4,0x23,0xC4,0x20,0x04,
    0x20,0x04,0x3F,0xFC,0x20,0x04,0x00,0x00,0x00,0x00,0x76,0x78,0x42,0x48,0x62,0x48,0x66,0x8E,0x42,0x80,0x7E,0x00,0x00,0xFC,
    0x3E,0x48,0x3E,0x48,0x08,0x70,0x08,0x30,0x7E,0xFC,0x01,0x86,0x00,0x00,0x00,0x00,0x00,0x00,0x10,0x80,0x10,0x80,0x11,0xFE,
    0x1B,0x00,0x55,0xFC,0x55,0xA4,0x51,0x24,0x51,0xA6,0x13,0xFE,0x11,0x24,0x11,0x24,0x11,0xFE,0x10,0x04,0x10,0x1C,0x00,0x00,
    0x08,0x10,0x3E,0x7E,0x08,0x10,0x3E,0x7C,0x08,0x10,0x7E,0x7E,0x1F,0xF8,0x00,0x0C,0x1F,0xFC,0x00,0x0C,0x1F,0xF8,0x01,0x8C,
    0x6C,0x96,0x47,0xE2,0x00,0x00,0x00,0x00,0x01,0x80,0x01,0x80,0x3F,0xFC,0x01,0x80,0x01,0x90,0x09,0x90,0x08,0x10,0x08,0x10,
    0x7F,0xFE,0x08,0x10,0x08,0x10,0x18,0x10,0x30,0x10,0x60,0x10,0x00,0x00,0x00,0x00,0x01,0x80,0x3F,0xFC,0x01,0x80,0x1F,0xF8,
    0x11,0x88,0x1F,0xF8,0x11,0x88,0x1F,0xF8,0x01,0x88,0x3F,0xFC,0x00,0x00,0x2D,0x8C,0x6C,0x16,0x4F,0xF2,0x00,0x00,0x00,0x00,
    0x00,0x00,0x00,0x80,0x79,0x80,0x49,0xFE,0x4B,0x00,0x4F,0xFC,0x49,0x24,0x79,0x24,0x4B,0xFE,0x49,0x0C,0x49,0x24,0x69,0x2C,
    0x79,0xFE,0x40,0x0C,0x00,0x18,0x00,0x00,0x00,0x00,0x00,0x20,0x7C,0x20,0x45,0xFE,0x54,0x40,0x54,0xC0,0x54,0xFC,0x57,0xC4,
    0x54,0xFC,0x54,0xC4,0x54,0xC4,0x10,0xFC,0x3C,0xC4,0x26,0xC4,0x60,0xCC,0x00,0x00,0x00,0x00,0x04,0x10,0x7D,0x12,0x09,0x92,
    0x09,0x92,0x7D,0xFE,0x7C,0x40,0x18,0x60,0x3E,0x7E,0x3A,0x86,0x69,0xE4,0x49,0x3C,0x08,0x18,0x08,0x30,0x09,0xC0,0x01,0x00,
    0x00,0x00,0x01,0x80,0x01,0x80,0x02,0x40,0x04,0x60,0x18,0x18,0x3F,0xEE,0x60,0x02,0x00,0x00,0x3F,0xFC,0x03,0x00,0x02,0x00,
    0x04,0x30,0x18,0x38,0x1F,0xF8,0x00,0x00,0x00,0x00,0x10,0x60,0x18,0x60,0x18,0xF0,0x1E,0x98,0x5D,0x0C,0x5B,0xFE,0x52,0x00,
    0x50,0x00,0x13,0xFE,0x18,0x40,0x1C,0x48,0x36,0x88,0x21,0x8C,0x61,0xFE,0x00,0x00,0x00,0x00,0x33,0xFC,0x1B,0x00,0x02,0x00,
    0x02,0x00,0x62,0x00,0x12,0x00,0x02,0x00,0x02,0x00,0x0A,0x00,0x1A,0x00,0x32,0x00,0x23,0x00,0x63,0xFE,0x00,0x00,0x00,0x00,
    0x00,0x00,0x00,0x20,0x30,0x20,0x13,0xFE,0x00,0x20,0x00,0x20,0x71,0xFC,0x10,0x20,0x10,0x20,0x13,0xFE,0x10,0x62,0x10,0x22,
    0x1C,0x26,0x18,0x2C,0x10,0x20,0x00,0x20,0x00,0x00,0x21,0x80,0x31,0x80,0x13,0xFE,0x02,0x00,0x07,0xFC,0x61,0x04,0x21,0x24,
    0x23,0x2C,0x27,0xFE,0x23,0x44,0x23,0x2C,0x3B,0xFE,0x30,0x0C,0x20,0x18,0x00,0x10,0x00,0x00,0x00,0x20,0x10,0x60,0x10,0x50,
    0x24,0xD8,0x65,0x8C,0x79,0xFE,0x1A,0x00,0x10,0x00,0x31,0xFC,0x7C,0x60,0x00,0x48,0x04,0x88,0x79,0x8C,0x01,0xE4,0x00,0x00,
    0x04,0x20,0x7F,0xFE,0x06,0x60,0x00,0x20,0x7F,0xFE,0x61,0x06,0x1F,0xF8,0x04,0x80,0x08,0x80,0x1F,0xF8,0x00,0x80,0x3F,0xFE,
    0x00,0x80,0x00,0x80,0x00,0x00,0x00,0x00,0x00,0x00,0x00,0x38,0x3F,0xC0,0x20,0x80,0x3F,0xFC,0x20,0xC0,0x20,0x40,0x3C,0x32,
    0x78,0x3E,0x1F,0xF0,0x10,0x10,0x1F,0xF0,0x10,0x10,0x1F,0xF0,0x18,0x10,0x10,0x00,0x10,0x0C,0x11,0xF8,0x31,0x20,0x7D,0xFC,
    0x35,0xFC,0x25,0x10,0x25,0xCA,0x2D,0x06,0x69,0xFC,0x38,0x8C,0x1C,0xFC,0x16,0x8C,0x20,0x8C,0x60,0xFC,0x00,0x00,0x00,0x00,
    0x00,0x40,0x00,0x40,0x3D,0xFC,0x01,0x24,0x01,0xFC,0x7D,0x64,0x11,0x64,0x31,0xFC,0x20,0x64,0x24,0xE8,0x6C,0xBE,0x7F,0x3A,
    0x03,0x22,0x06,0x3E,0x00,0x00,0x00,0x00,0x00,0x00,0x37,0xFE,0x16,0x02,0x00,0xC0,0x43,0xFC,0x61,0x80,0x11,0x20,0x03,0x20,
    0x03,0xFC,0x18,0x20,0x10,0x60,0x37,0xFE,0x20,0x20,0x60,0x20,0x00,0x20,0x00,0x00,0x23,0xF8,0x36,0x08,0x16,0x08,0x07,0xF8,
    0x46,0x08,0x76,0x08,0x13,0xF8,0x00,0x20,0x04,0x24,0x17,0xB8,0x24,0x20,0x24,0x20,0x47,0xA2,0x46,0x3E,0x00,0x00,0x00,0x00,
    0x00,0x00,0x18,0x00,0x08,0x6C,0x7F,0xC6,0x4B,0x90,0x1E,0x30,0x18,0x38,0x3E,0x4C,0x08,0xC6,0x7E,0xFE,0x08,0x44,0x3E,0x44,
    0x22,0x44,0x22,0x7C,0x3E,0x44,0x20,0x44,0x00,0x00,0x30,0x7C,0x1B,0xE0,0x00,0x60,0x00,0x60,0x77,0xFE,0x10,0x60,0x00,0x60,
    0x09,0xFC,0x1B,0x0C,0x12,0x04,0x32,0x04,0x23,0xFC,0x63,0x04,0x00,0x00,0x00,0x00,0x00,0x20,0x08,0x60,0x08,0x60,0x11,0x64,
    0x13,0x64,0x32,0x6C,0x72,0x68,0x50,0x60,0x10,0x60,0x10,0xF0,0x10,0x90,0x11,0x98,0x13,0x0C,0x12,0x06,0x00,0x00,0x00,0x00,
    0x00,0x00,0x01,0x80,0x01,0x80,0x01,0x80,0x11,0x88,0x11,0x88,0x11,0x98,0x31,0x90,0x01,0x80,0x03,0xC0,0x02,0x40,0x06,0x60,
    0x0C,0x30,0x18,0x1E,0x70,0x06,0x00,0x00,0x04,0x20,0x06,0x60,0x3F,0xFC,0x04,0x20,0x24,0x00,0x1C,0x68,0x18,0x64,0x6D,0xFE,
    0x0C,0x60,0x14,0x60,0x64,0x50,0x04,0x98,0x0D,0x8C,0x3B,0x04,0x00,0x00,0x00,0x00,0x00,0x00,0x00,0x50,0x00,0x58,0x00,0xC8,
    0x7F,0xFC,0x00,0x40,0x3E,0x40,0x22,0x4C,0x22,0x48,0x22,0x58,0x3E,0x30,0x00,0x30,0x0F,0x70,0x70,0xD2,0x03,0x0E,0x00,0x00,
    0x00,0x00,0x00,0xD0,0x00,0xC8,0x7F,0xFE,0x00,0x40,0x3E,0x4C,0x22,0x48,0x3E,0x30,0x01,0x30,0x7E,0x7A,0x00,0x0C,0x05,0x80,
    0x24,0x8C,0x24,0x16,0x67,0xF0,0x00,0x00,0x1F,0xF8,0x01,0x80,0x7F,0xFE,0x61,0x06,0x4D,0x36,0x0D,0x30,0x08,0x80,0x1F,0xFC,
    0x38,0x80,0x7F,0xF8,0x58,0x80,0x1F,0xF8,0x18,0x80,0x1F,0xFC,0x00,0x00,0x00,0x00,0x04,0x40,0x0C,0x4C,0x18,0x78,0x39,0xE0,
    0x6B,0xC2,0x08,0x7E,0x08,0x00,0x0F,0xF0,0x0F,0xF8,0x08,0x08,0x09,0x88,0x01,0x00,0x06,0x78,0x3C,0x0C,0x20,0x00,0x00,0x00,
    0x00,0x00,0x10,0x00,0x11,0xFC,0x01,0x84,0x7D,0x84,0x08,0xFC,0x08,0x20,0x10,0x30,0x3D,0xFE,0x35,0x22,0x51,0x32,0x11,0x5A,
    0x11,0x4A,0x11,0x02,0x11,0x0E,0x11,0x00,0x01,0x00,0x01,0x80,0x01,0x80,0x3F,0xFC,0x01,0x80,0x01,0x80,0x7F,0xFE,0x7F,0xFE,
    0x01,0x80,0x11,0x88,0x11,0x88,0x11,0x88,0x1F,0xF8,0x1F,0xF8,0x00,0x00,0x00,0x00,0x13,0xF8,0x13,0xF8,0x11,0x88,0x11,0x98,
    0x7D,0x9C,0x11,0x84,0x11,0x84,0x11,0xCC,0x11,0x48,0x1F,0x38,0x72,0x30,0x46,0x38,0x0C,0x6C,0x09,0x86,0x01,0x00,0x00,0x00,
    0x0C,0x20,0x0C,0x30,0x3F,0xFC,0x0C,0x20,0x0F,0xE0,0x0F,0xE0,0x0C,0x20,0x7F,0xFE,0x0C,0x30,0x09,0x98,0x39,0x8C,0x67,0xE6,
    0x01,0x80,0x3F,0xFC,0x00,0x00,0x00,0x00,0x10,0x00,0x18,0xF8,0x18,0x98,0x7E,0x98,0x18,0x98,0x18,0x98,0x38,0x98,0x3C,0x98,
    0x3E,0x98,0x58,0x98,0x59,0x98,0x19,0x18,0x1B,0x1A,0x1A,0x0E,0x00,0x00,0x00,0x00,0x00,0x10,0x00,0x10,0x7E,0xFE,0x56,0x38,
    0x56,0xEC,0x56,0x80,0x7F,0xFE,0x56,0x04,0x56,0xF4,0x56,0x94,0x56,0x94,0x7E,0xF4,0x40,0x84,0x00,0x0C,0x00,0x00,0x00,0x00,
    0x00,0x48,0x3C,0x48,0x13,0xFE,0x10,0xD0,0x7D,0x9E,0x13,0x00,0x11,0xF8,0x3D,0x82,0x34,0xFE,0x70,0xFC,0x51,0x04,0x11,0xFC,
    0x11,0x04,0x11,0xFC,0x10,0x00,0x00,0x00,0x00,0x00,0x7E,0xFC,0x08,0x84,0x08,0x84,0x08,0x84,0x7E,0x84,0x18,0x84,0x1C,0x84,
    0x3E,0xFC,0x2A,0x00,0x48,0xC8,0x08,0x8C,0x09,0x06,0x0B,0x02,0x08,0x00,0x00,0x00,0x08,0x20,0x1F,0x3E,0x34,0x48,0x64,0xC8,
    0x0C,0x10,0x3F,0xFE,0x0C,0x10,0x0F,0xF0,0x0C,0x30,0x0C,0x30,0x4C,0x30,0x7F,0xFE,0x0C,0x30,0x38,0x0C,0x20,0x00,0x00,0x00,
    0x00,0x00,0x3C,0xF8,0x24,0x88,0x24,0x88,0x3C,0x88,0x24,0x88,0x24,0x88,0x24,0x88,0x3C,0x88,0x24,0x88,0x64,0x88,0x44,0x88,
    0x45,0x8A,0x4D,0x0E,0x00,0x00,0x00,0x00,0x10,0x00,0x10,0xF0,0x30,0xD8,0x3E,0x88,0x64,0x88,0x54,0x88,0x10,0x88,0x10,0x88,
    0x10,0x88,0x10,0x88,0x14,0x88,0x1D,0x88,0x19,0x0A,0x12,0x0E,0x00,0x00,0x00,0x00,0x00,0x00,0x00,0x40,0x20,0x40,0x30,0x40,
    0x17,0xFE,0x00,0x90,0x02,0x90,0x76,0x94,0x34,0x96,0x35,0x92,0x31,0x10,0x33,0x30,0x32,0x60,0x7C,0x00,0x43,0xFE,0x00,0x00,
    0x00,0x00,0x02,0x18,0x27,0x90,0x14,0x90,0x07,0x9E,0x44,0xA4,0x27,0xE4,0x03,0x64,0x03,0x34,0x1F,0xD4,0x22,0x18,0x27,0x98,
    0x64,0x98,0x4D,0xB4,0x09,0x66,0x00,0x00,0x10,0x00,0x11,0xF0,0x11,0x90,0x01,0x90,0x71,0x90,0x71,0x90,0x11,0x90,0x11,0x10,
    0x11,0x10,0x15,0x10,0x1D,0x10,0x1B,0x12,0x12,0x1E,0x06,0x0E,0x00,0x00,0x00,0x00,0x00,0x00,0x00,0x40,0x00,0x40,0x7C,0xFC,
    0x04,0x84,0x04,0xA4,0x24,0x84,0x1C,0x9C,0x18,0x80,0x1C,0xFE,0x14,0x02,0x30,0x02,0x61,0xFA,0x00,0x02,0x00,0x0E,0x00,0x08,
    0x00,0x00,0x31,0xFE,0x21,0x10,0x79,0x10,0x7D,0x18,0x25,0x7C,0x25,0x44,0x2D,0x44,0x69,0x44,0x39,0x7C,0x1D,0x10,0x15,0x10,
    0x31,0x10,0x61,0xFE,0x00,0x00,0x00,0x00,0x00,0x00,0x10,0x20,0x33,0xFE,0x20,0x20,0x21,0xFC,0x68,0x20,0x7B,0xFE,0x10,0x00,
    0x21,0xFC,0x7D,0x04,0x01,0x24,0x01,0x24,0x7C,0x40,0x40,0xDC,0x07,0x86,0x00,0x00,0x10,0x00,0x11,0xFC,0x21,0x0C,0x25,0xFC,
    0x6C,0x00,0x7B,0xFE,0x11,0x08,0x31,0xF8,0x61,0x08,0x79,0xF8,0x01,0x88,0x09,0x0E,0x7B,0xFC,0x00,0x08,0x00,0x08,0x00,0x00,
    0x01,0x80,0x01,0x80,0x7F,0xFE,0x7F,0xFE,0x01,0x80,0x01,0x80,0x3F,0xFC,0x00,0x00,0x1F,0xF8,0x10,0x18,0x10,0x08,0x10,0x08,
    0x1F,0xF8,0x10,0x18,0x10,0x00,0x00,0x00,0x10,0x00,0x13,0xF8,0x10,0x88,0x7C,0x88,0x18,0x98,0x10,0x9C,0x3C,0x84,0x3C,0xC4,
    0x75,0xC8,0x51,0x28,0x51,0x38,0x13,0x38,0x16,0x6C,0x1C,0xC6,0x00,0x00,0x00,0x00,0x08,0x10,0x08,0x10,0x7E,0xFE,0x08,0x10,
    0x08,0x30,0x3E,0xFC,0x2A,0x94,0x2A,0x94,0x3A,0xBC,0x1C,0x38,0x3A,0x78,0x68,0xD4,0x49,0x92,0x09,0x10,0x08,0x00,0x00,0x00,
    0x08,0x00,0x10,0xFC,0x7E,0x84,0x10,0xFC,0x20,0x00,0x29,0xFE,0x68,0x84,0x7E,0xFC,0x08,0x8C,0x08,0x8C,0x1E,0xFC,0x78,0x8E,
    0x09,0xFC,0x08,0x04,0x08,0x04,0x00,0x00,0x00,0x00,0x18,0x20,0x1F,0x7E,0x24,0xD8,0x44,0x88,0x08,0x48,0x7E,0xFE,0x08,0x48,
    0x3D,0xFE,0x08,0x00,0x7E,0xFC,0x18,0x84,0x3E,0xFC,0x68,0x84,0x48,0xFC,0x00,0x00,0x00,0x00,0x08,0x80,0x08,0xC0,0x1F,0xFC,
    0x30,0x80,0x7F,0xF8,0x50,0x80,0x1F,0xFC,0x10,0x80,0x1F,0xFC,0x01,0x80,0x7F,0xFE,0x07,0xA0,0x1D,0x9C,0x71,0x86,0x00,0x00,
    0x00,0x00,0x3F,0xF8,0x04,0x10,0x04,0x30,0x04,0x20,0x04,0x78,0x06,0x08,0x0A,0x08,0x09,0x10,0x18,0xB0,0x10,0xE0,0x30,0xE0,
    0x63,0x9C,0x4E,0x06,0x00,0x00,0x00,0x00,0x00,0x00,0x06,0x00,0x0E,0x00,0x18,0x70,0x30,0x60,0x7F,0xFC,0x00,0x0C,0x1F,0xFC,
    0x00,0x0C,0x1F,0xFC,0x00,0x00,0x24,0x8C,0x24,0x86,0x64,0x12,0x47,0xF0,0x00,0x00,0x00,0x00,0x00,0x80,0x00,0xC0,0x1F,0xFE,
    0x50,0x00,0x73,0x00,0x13,0xFC,0x16,0x40,0x34,0x40,0x70,0x60,0x17,0xFC,0x10,0xE0,0x30,0xB0,0x23,0x18,0x66,0x06,0x00,0x00,
    0x00,0x00,0x33,0xF8,0x19,0x88,0x01,0x08,0x41,0x10,0x31,0x10,0x11,0x9C,0x01,0x84,0x01,0x48,0x1B,0x68,0x12,0x38,0x22,0x30,
    0x64,0x6C,0x4D,0xC6,0x00,0x00,0x00,0x00,0x00,0x00,0x3F,0x7C,0x21,0x44,0x21,0x44,0x3F,0x44,0x21,0x44,0x21,0x44,0x3F,0x44,
    0x20,0x44,0x26,0x44,0x23,0x44,0x2F,0x4C,0x71,0x40,0x00,0x40,0x00,0x00,0x00,0x00,0x00,0x00,0x20,0x30,0x20,0x30,0x21,0xFE,
    0x79,0x00,0x6F,0x60,0x2B,0x7C,0x49,0xD0,0x4B,0x10,0x4F,0x7E,0x79,0x18,0x19,0x18,0x3E,0x2C,0x22,0x64,0x46,0xC6,0x00,0x00,
    0x00,0x00,0x13,0xF8,0x10,0x88,0x24,0x88,0x6C,0x98,0x78,0x98,0x18,0x9C,0x10,0xC4,0x3C,0xCC,0x79,0x28,0x01,0x38,0x3F,0x10,
    0x66,0x38,0x04,0xC6,0x00,0x00,0x00,0x00,0x00,0x00,0x10,0x60,0x10,0x20,0x13,0xFE,0x78,0x88,0x10,0xD8,0x10,0x70,0x18,0xF8,
    0x33,0x8E,0x70,0x88,0x10,0x88,0x10,0x88,0x11,0x88,0x11,0x08,0x76,0x08,0x00,0x08,0x00,0x00,0x0F,0xE0,0x0C,0x60,0x0C,0x60,
    0x0C,0x60,0x0C,0x60,0x0C,0x60,0x0C,0x60,0x08,0x60,0x08,0x60,0x18,0x60,0x10,0x62,0x30,0x26,0x60,0x3C,0x00,0x00,0x00,0x00,
    0x01,0x80,0x39,0x9C,0x05,0xA0,0x05,0x90,0x3F,0x5E,0x26,0x20,0x1C,0x1C,0x7F,0xFE,0x08,0x08,0x0F,0xF8,0x08,0x08,0x0F,0xF8,
    0x08,0x08,0x08,0x38,0x08,0x10,0x00,0x00,0x00,0x00,0x3F,0xF8,0x00,0x08,0x00,0x08,0x00,0x08,0x00,0x08,0x3F,0xF8,0x30,0x08,
    0x30,0x00,0x30,0x00,0x30,0x00,0x30,0x06,0x30,0x06,0x1F,0xFC,0x00,0x00,0x00,0x00,0x00,0x00,0x04,0x20,0x7F,0xFE,0x06,0x60,
    0x00,0x20,0x18,0x04,0x3F,0x24,0x62,0x24,0x7F,0xA4,0x36,0xA4,0x3F,0xA4,0x36,0xA4,0x1F,0x84,0x00,0x04,0x3F,0x8C,0x00,0x00,
    0x10,0x20,0x10,0x20,0x10,0x60,0x7D,0xFC,0x18,0x20,0x10,0x20,0x15,0xFC,0x18,0x8C,0x70,0x88,0x10,0x48,0x10,0x70,0x10,0x70,
    0x10,0xF8,0x33,0x8E,0x00,0x00,0x00,0x00,0x02,0x40,0x7E,0x7C,0x02,0x40,0x7E,0x7E,0x12,0x78,0x11,0x88,0x1F,0xF8,0x11,0x88,
    0x1F,0xF8,0x3F,0xF8,0x06,0x60,0x7F,0xFE,0x06,0x20,0x1C,0x3C,0x20,0x04,0x00,0x00,0x00,0x18,0x1F,0xE0,0x01,0x80,0x7F,0xFE,
    0x07,0xE0,0x0D,0xB0,0x19,0x9C,0x6F,0xE6,0x00,0xE0,0x00,0xC0,0x7F,0xFE,0x00,0x80,0x00,0x80,0x03,0x80,0x00,0x00,0x00,0x00,
    0x08,0x60,0x18,0x60,0x1B,0xFC,0x10,0x60,0x30,0x60,0x30,0x60,0x53,0xFC,0x11,0x88,0x10,0x98,0x10,0x90,0x10,0x70,0x10,0x60,
    0x11,0xD8,0x17,0x0E,0x00,0x00,0x00,0x00,0x00,0x00,0x08,0x40,0x18,0x40,0x1F,0x7C,0x63,0x6C,0x4E,0x28,0x14,0x38,0x1F,0xF8,
    0x18,0x06,0x60,0x00,0x1F,0xF8,0x00,0x80,0x0C,0xB0,0x18,0x98,0x23,0x84,0x01,0x00,0x00,0x00,0x0C,0x02,0x04,0x06,0x7F,0xD6,
    0x01,0x16,0x1A,0x16,0x0E,0x16,0x19,0x96,0x60,0xD6,0x19,0x16,0x19,0x16,0x11,0x06,0x11,0x06,0x31,0x06,0x61,0x0C,0x00,0x00,
    0x10,0x04,0x13,0xFC,0x10,0x20,0x1B,0xFE,0x54,0xF0,0x55,0xA8,0x53,0x26,0x16,0xFA,0x10,0x38,0x10,0x20,0x13,0xFE,0x10,0x20,
    0x10,0x20,0x10,0xE0,0x00,0x00,0x00,0x00,0x00,0x00,0x00,0x40,0x30,0x40,0x1B,0xFE,0x01,0x18,0x40,0x90,0x30,0xE0,0x10,0xF0,
    0x03,0x9E,0x17,0x98,0x11,0x98,0x31,0x18,0x21,0x18,0x63,0x18,0x46,0x18,0x00,0x00,0x00,0x00,0x01,0x00,0x01,0x80,0x3F,0xFC,
    0x21,0x04,0x1F,0xF0,0x03,0xC0,0x1C,0x38,0x18,0x18,0x7F,0xFE,0x0F,0x88,0x18,0xC8,0x18,0xC8,0x1F,0xC8,0x00,0x38,0x00,0x20,
    0x00,0x00,0x01,0x80,0x01,0x80,0x7F,0xFE,0x60,0x06,0x08,0x00,0x0F,0x7C,0x08,0x4C,0x0C,0x48,0x3F,0x28,0x0C,0x28,0x2D,0x30,
    0x6D,0xB0,0x4C,0x78,0x18,0xC6,0x00,0x00,0x00,0x20,0x30,0x20,0x18,0x20,0x08,0x20,0x00,0x20,0x73,0xFE,0x10,0x20,0x10,0x20,
    0x10,0x20,0x10,0x20,0x16,0x20,0x1C,0x20,0x18,0x20,0x10,0x20,0x00,0x00,0x00,0x00,0x00,0x00,0x31,0xFC,0x18,0x04,0x00,0x04,
    0x00,0x04,0x70,0x04,0x11,0xFC,0x11,0x84,0x11,0x00,0x11,0x00,0x11,0x00,0x1D,0x02,0x19,0x02,0x11,0xFE,0x00,0x00,0x00,0x00,
    0x00,0x00,0x3E,0xFC,0x22,0x30,0x22,0x10,0x3E,0xB0,0x22,0xB0,0x23,0xFC,0x3E,0xB0,0x20,0x30,0x24,0x30,0x26,0x50,0x3B,0xD0,
    0x31,0x92,0x03,0x1E,0x00,0x00,0x00,0x00,0x00,0x00,0x1F,0xF8,0x00,0x08,0x00,0x18,0x1F,0xF8,0x10,0x00,0x10,0x06,0x1F,0xFC,
    0x00,0x00,0x00,0x80,0x2C,0xC4,0x6C,0x06,0x44,0x12,0x07,0xF0,0x00,0x00,0x00,0x00,0x00,0x00,0x7D,0xFC,0x6C,0x00,0x68,0x00,
    0x68,0x00,0x7B,0xFE,0x68,0x20,0x6C,0x20,0x65,0xAC,0x6D,0x24,0x7B,0x26,0x62,0x22,0x62,0x22,0x60,0xE0,0x00,0x00,0x00,0x00,
    0x00,0x00,0x10,0x20,0x10,0x20,0x11,0xFE,0x7C,0x20,0x34,0x20,0x24,0x20,0x25,0xFC,0x24,0x88,0x2C,0xC8,0x18,0x50,0x0E,0x70,
    0x12,0x70,0x30,0xDC,0x63,0x06,0x00,0x00,0x00,0x10,0x30,0x10,0x23,0xD6,0x23,0x54,0x4F,0x10,0x7B,0x18,0x13,0xFE,0x33,0x30,
    0x63,0x3C,0x7B,0x54,0x03,0xD0,0x03,0x10,0x7B,0x00,0x43,0xFE,0x00,0x00,0x00,0x00,0x08,0x00,0x18,0xFC,0x10,0xFC,0x32,0x04,
    0x26,0x04,0x7C,0x04,0x08,0xFC,0x10,0x84,0x30,0x80,0x3E,0x80,0x00,0x80,0x02,0x80,0x7C,0x86,0x00,0xFE,0x00,0x00,0x00,0x00,
    0x01,0x00,0x3F,0xFC,0x01,0x80,0x3F,0xF8,0x1F,0xF8,0x10,0x08,0x1F,0xF8,0x08,0x10,0x0C,0x30,0x08,0x00,0x3E,0x7C,0x1B,0x44,
    0x12,0x4C,0x26,0x7C,0x00,0x00,0x00,0x00,0x11,0x00,0x11,0x00,0x11,0x0E,0x3B,0xDE,0x39,0x52,0x11,0x52,0x31,0x52,0x3D,0x52,
    0x77,0x52,0x52,0x52,0x12,0x52,0x16,0x5E,0x14,0xD2,0x10,0x92,0x00,0x00,0x00,0x00,0x01,0x80,0x01,0x80,0x1F,0xFC,0x1F,0xFC,
    0x11,0x88,0x09,0x98,0x0D,0x90,0x01,0x90,0x3F,0xFE,0x01,0x40,0x03,0x60,0x06,0x30,0x0C,0x18,0x30,0x0E,0x00,0x00,0x00,0x00,
    0x08,0x00,0x08,0x60,0x1B,0xFC,0x10,0x64,0x30,0x60,0x70,0x60,0x57,0xFE,0x10,0x20,0x10,0x60,0x13,0xFC,0x10,0x60,0x10,0x60,
    0x10,0x60,0x17,0xFE,0x00,0x00,0x00,0x00,0x00,0x00,0x01,0x80,0x01,0x80,0x7F,0xFE,0x60,0x06,0x6F,0xF0,0x03,0x00,0x07,0x08,
    0x39,0x98,0x63,0xF0,0x0C,0xD0,0x71,0xD8,0x06,0x4C,0x18,0xC6,0x61,0x80,0x01,0x00,0x08,0x00,0x08,0x00,0x08,0x00,0x3F,0x7C,
    0x19,0x44,0x09,0x44,0x09,0x44,0x19,0x44,0x11,0x44,0x11,0x44,0x11,0x44,0x31,0x7C,0x23,0x64,0x66,0x44,0x00,0x00,0x00,0x00,
    0x04,0x20,0x04,0x20,0x7F,0xFE,0x04,0x20,0x01,0x80,0x3F,0xFC,0x09,0x90,0x09,0x10,0x0D,0x20,0x7F,0xFE,0x03,0xC0,0x02,0x60,
    0x0C,0x30,0x78,0x0E,0x00,0x00,0x00,0x00,0x08,0x00,0x08,0xFE,0x7E,0x30,0x18,0x30,0x2A,0xFC,0x2A,0x86,0x28,0x96,0x7E,0x96,
    0x18,0x96,0x18,0x96,0x14,0xA6,0x32,0x28,0x60,0x4C,0x41,0xC6,0x00,0x00,0x00,0x00,0x7F,0xFE,0x7F,0xFE,0x02,0x40,0x3F,0xFC,
    0x22,0x44,0x3F,0xFC,0x1F,0xF8,0x1F,0xF8,0x18,0x18,0x11,0x08,0x11,0x08,0x03,0x60,0x06,0x38,0x7C,0x0E,0x00,0x00,0x00,0x00,
    0x00,0x00,0x3F,0xFC,0x21,0x84,0x21,0x84,0x31,0x8C,0x3F,0xFC,0x21,0x84,0x21,0x84,0x3F,0xFC,0x3F,0xFC,0x01,0x80,0x01,0x80,
    0x01,0x80,0x01,0x80,0x00,0x00,0x00,0x00,0x10,0x00,0x11,0xFC,0x3D,0x24,0x3D,0x24,0x41,0x24,0x7D,0xFC,0x11,0x24,0x11,0x24,
    0x7D,0xFC,0x11,0x24,0x10,0x20,0x14,0x20,0x1C,0x20,0x10,0x20,0x00,0x00,0x00,0x00,0x00,0x00,0x1F,0xBC,0x14,0x84,0x34,0x84,
    0x37,0xBC,0x34,0x00,0x74,0x00,0x17,0xBC,0x14,0x24,0x14,0x14,0x17,0x98,0x14,0x18,0x14,0x1C,0x14,0x66,0x00,0x00,0x00,0x00,
    0x00,0x00,0x0C,0x20,0x78,0x30,0x13,0xFE,0x13,0x02,0x7D,0xFC,0x18,0xC0,0x11,0xCC,0x3B,0x78,0x3C,0xB8,0x53,0x38,0x52,0x74,
    0x10,0x96,0x13,0x12,0x12,0x60,0x10,0x00,0x08,0x40,0x08,0x60,0x18,0xE0,0x10,0x90,0x31,0x08,0x32,0x06,0x54,0x08,0x11,0x98,
    0x11,0x18,0x11,0x18,0x11,0x18,0x11,0x18,0x13,0x18,0x16,0x18,0x10,0x00,0x00,0x00,0x08,0x00,0x08,0x3C,0x3F,0x7C,0x09,0x64,
    0x19,0x64,0x11,0x64,0x37,0x3C,0x01,0x80,0x01,0x80,0x3F,0xFE,0x07,0xE0,0x0D,0xB0,0x31,0x8E,0x61,0x80,0x00,0x00,0x00,0x00,
    0x00,0x00,0x08,0x00,0x3E,0x7C,0x1B,0x44,0x13,0x44,0x37,0x7C,0x66,0x00,0x1F,0xF0,0x00,0x10,0x08,0x10,0x0F,0xFC,0x00,0x04,
    0x00,0x04,0x7F,0xE4,0x00,0x1C,0x00,0x08,0x00,0x00,0x10,0x20,0x30,0x60,0x23,0xFE,0x7A,0x02,0x29,0xFC,0x28,0xC0,0x29,0xC4,
    0x4B,0x78,0x48,0xF8,0x39,0x38,0x1A,0x74,0x34,0x96,0x23,0x12,0x40,0x60,0x00,0x00,0x00,0x0C,0x7E,0x78,0x10,0xB0,0x10,0x30,
    0x1E,0x30,0x32,0x30,0x22,0x32,0x72,0xFE,0x4C,0x30,0x04,0x30,0x08,0x30,0x18,0x30,0x30,0x30,0x60,0x30,0x00,0x00,0x00,0x00,
    0x00,0x00,0x02,0x20,0x32,0x60,0x32,0x60,0x32,0x7E,0x32,0xD0,0x32,0x98,0x32,0x8C,0x02,0x00,0x00,0x00,0x3F,0xFC,0x32,0x44,
    0x32,0x44,0x32,0x44,0x7F,0xFE,0x00,0x00,0x04,0x00,0x25,0xFC,0x24,0x8C,0x24,0x88,0x24,0x50,0x24,0x30,0x24,0x78,0x27,0x8E,
    0x01,0x00,0x01,0x80,0x1F,0xF8,0x01,0x80,0x01,0x80,0x7F,0xFE,0x00,0x00,0x00,0x00,0x00,0x00,0x01,0x80,0x01,0x80,0x19,0x90,
    0x11,0x88,0x31,0x8C,0x20,0x04,0x00,0x00,0x01,0x00,0x7F,0xFE,0x03,0x80,0x03,0xC0,0x06,0x60,0x0C,0x38,0x70,0x0E,0x00,0x00,
    0x00,0x00,0x10,0x60,0x18,0x60,0x3F,0xFE,0x6C,0x88,0x44,0x40,0x06,0x68,0x3F,0xF0,0x22,0x00,0x03,0xFC,0x7F,0x00,0x01,0x30,
    0x01,0xC0,0x0F,0x62,0x38,0x3E,0x00,0x04,0x00,0x00,0x10,0x00,0x19,0xFC,0x08,0x04,0x60,0x04,0x67,0xE4,0x64,0x24,0x64,0x24,
    0x67,0xE4,0x64,0x24,0x64,0x24,0x67,0xE4,0x60,0x04,0x60,0x04,0x60,0x0C,0x00,0x00,0x00,0x00,0x04,0x20,0x04,0x60,0x7F,0xFE,
    0x00,0x00,0x3F,0x24,0x21,0x24,0x3F,0x24,0x21,0x24,0x3F,0x24,0x21,0x04,0x27,0x0C,0x00,0x04,0x26,0x44,0x62,0x66,0x00,0x00,
    0x00,0x00,0x04,0x20,0x04,0x60,0x7F,0xFE,0x02,0x40,0x1F,0xF8,0x02,0x48,0x06,0xCC,0x7F,0xFE,0x02,0x48,0x3F,0xF8,0x0E,0x70,
    0x0A,0x50,0x32,0x4C,0x62,0x44,0x00,0x40,0x01,0x80,0x01,0x80,0x1F,0xFC,0x10,0x0C,0x1F,0xFC,0x10,0x00,0x17,0xF8,0x14,0x0C,
    0x14,0x0C,0x37,0xFC,0x24,0x0C,0x27,0xFC,0x64,0x0C,0x44,0x1C,0x04,0x10,0x00,0x00,0x00,0x00,0x01,0xFC,0x7D,0x04,0x05,0xFC,
    0x05,0xFC,0x25,0x04,0x3D,0xFC,0x19,0xA4,0x09,0x24,0x1D,0x28,0x33,0x10,0x61,0x18,0x41,0xCC,0x01,0x86,0x00,0x00,0x00,0x00,
    0x10,0x00,0x11,0xFC,0x10,0x30,0x30,0x30,0x7E,0x30,0x24,0x30,0x24,0x30,0x25,0xFE,0x64,0x30,0x3C,0x30,0x0C,0x30,0x1E,0x30,
    0x32,0x30,0x60,0x30,0x00,0x00,0x00,0x00,0x00,0x00,0x30,0x34,0x20,0x30,0x23,0xFE,0x4E,0x10,0x7B,0xD4,0x12,0x14,0x23,0xD4,
    0x63,0x5C,0x7B,0x58,0x07,0xD8,0x15,0x18,0x7C,0x3E,0x0C,0xC6,0x00,0x00,0x00,0x00,0x04,0x20,0x04,0x20,0x7F,0xFE,0x04,0x20,
    0x05,0xA0,0x1F,0xF8,0x31,0x8C,0x31,0x8C,0x31,0x8C,0x3F,0xFC,0x31,0x80,0x01,0x88,0x03,0xFC,0x3E,0x04,0x00,0x00,0x00,0x00,
    0x10,0x40,0x10,0x60,0x10,0xF0,0x7C,0x90,0x11,0x0C,0x13,0xF6,0x32,0x00,0x3C,0x44,0x77,0x6C,0x51,0x28,0x11,0xA8,0x10,0x10,
    0x10,0x18,0x13,0xFE,0x10,0x00,0x00,0x00,0x00,0x00,0x01,0x80,0x7F,0xFC,0x01,0x80,0x1F,0xF8,0x11,0xA8,0x15,0xA8,0x11,0x88,
    0x1F,0xF8,0x07,0xC0,0x05,0xE0,0x09,0xB0,0x31,0x8C,0x61,0x84,0x00,0x00,0x00,0x00,0x00,0x00,0x00,0x14,0x00,0x14,0x78,0x30,
    0x23,0xFE,0x22,0x10,0x22,0xF4,0x7A,0x14,0x6A,0xF4,0x6A,0xBC,0x2A,0xB8,0x3A,0xE8,0x2E,0x18,0x24,0x3E,0x24,0x66,0x00,0x00,
    0x00,0x00,0x00,0x20,0x00,0x70,0x3E,0x50,0x10,0xC8,0x11,0x8C,0x31,0xFE,0x3C,0x00,0x64,0x00,0x65,0x24,0x24,0xA8,0x24,0xA8,
    0x3C,0x08,0x24,0x10,0x23,0xFE,0x00,0x00,0x00,0x00,0x10,0x60,0x10,0x40,0x13,0xFC,0x10,0xC0,0x7C,0x80,0x13,0xF0,0x11,0x30,
    0x3B,0xFC,0x73,0xFC,0x10,0x30,0x11,0xB4,0x11,0x36,0x12,0x22,0x72,0x62,0x00,0x00,0x10,0x40,0x10,0x60,0x10,0xE0,0x10,0x90,
    0x7D,0x08,0x13,0x0E,0x16,0xFA,0x10,0x00,0x78,0x48,0x51,0x48,0x11,0x70,0x11,0x10,0x10,0x10,0x37,0xFE,0x20,0x00,0x00,0x00,
    0x00,0x00,0x08,0x20,0x1F,0x7C,0x34,0x58,0x66,0x88,0x08,0x00,0x0B,0xFC,0x20,0x04,0x27,0xE4,0x24,0x24,0x27,0xE4,0x24,0x24,
    0x26,0x64,0x23,0xC4,0x20,0x1C,0x00,0x00,0x00,0x00,0x08,0x40,0x18,0xE0,0x10,0xA0,0x31,0x10,0x33,0x0C,0x77,0xFE,0x54,0x00,
    0x10,0x48,0x12,0x48,0x12,0x48,0x11,0x58,0x10,0x10,0x13,0xFE,0x17,0xFE,0x10,0x00,0x00,0x00,0x0C,0x30,0x04,0x20,0x7F,0xFE,
    0x00,0x00,0x3F,0x2C,0x3F,0x2C,0x31,0x2C,0x3F,0x2C,0x23,0x18,0x00,0x00,0x3F,0xF8,0x02,0x08,0x06,0x08,0x38,0x38,0x20,0x00,
    0x00,0x28,0x00,0x2C,0x40,0x60,0x6F,0xFC,0x38,0x20,0x0B,0xA4,0x08,0x24,0x0B,0xA8,0x3A,0xB8,0x2A,0xB8,0x6A,0x90,0x49,0xB8,
    0x18,0x6A,0x10,0xC6,0x00,0x00,0x00,0x00,0x04,0x20,0x04,0x60,0x3F,0xFE,0x04,0x20,0x03,0x00,0x7F,0xFC,0x04,0x00,0x09,0xFC,
    0x18,0x18,0x38,0x20,0x4B,0xFE,0x08,0x20,0x08,0x20,0x08,0xE0,0x08,0x00,0x00,0x00,0x10,0x08,0x12,0x58,0x12,0x58,0x3A,0x5E,
    0x7A,0x70,0x12,0x4C,0x3A,0x44,0x3C,0x00,0x77,0xFC,0x53,0xD4,0x12,0x54,0x12,0x54,0x12,0x56,0x17,0xFE,0x00,0x00,0x00,0x00,
    0x00,0x00,0x04,0x40,0x26,0x40,0x26,0xFC,0x26,0x80,0x26,0x30,0x27,0x18,0x03,0x80,0x0C,0x70,0x7F,0xFE,0x41,0x80,0x1F,0xF0,
    0x09,0xB0,0x09,0x30,0x7F,0xFE,0x00,0x00,0x00,0x40,0x7C,0x58,0x44,0x40,0x44,0x5C,0x45,0xF0,0x7C,0x40,0x08,0x4E,0x08,0xF0,
    0x4F,0x64,0x48,0x2C,0x48,0x38,0x4A,0x30,0x7E,0x7A,0x61,0xCE,0x01,0x00,0x00,0x00,0x00,0x40,0x3E,0x58,0x62,0x40,0x62,0x7C,
    0x6B,0xE0,0x6A,0x40,0x6A,0x7C,0x6B,0xE0,0x72,0x24,0x72,0x28,0x10,0x30,0x14,0x70,0x20,0xDA,0x63,0x0E,0x00,0x00,0x00,0x00,
    0x00,0x00,0x1F,0xF8,0x18,0x08,0x10,0x08,0x11,0x88,0x11,0x08,0x11,0x08,0x11,0x08,0x11,0xC8,0x11,0xC8,0x02,0xC0,0x06,0xC0,
    0x0C,0xC2,0x70,0x7E,0x00,0x18,0x00,0x00,0x10,0x10,0x33,0x7C,0x3B,0x34,0x61,0x36,0x42,0x7E,0x3A,0x14,0x37,0x7C,0x31,0x10,
    0x79,0x7C,0x33,0x10,0x33,0x7C,0x3B,0x10,0x33,0x90,0x26,0x7E,0x00,0x00,0x00,0x00,0x00,0x00,0x18,0x20,0x1F,0x7E,0x34,0xD8,
    0x64,0x88,0x0C,0x20,0x7F,0xFE,0x00,0x00,0x3F,0x04,0x21,0x24,0x3F,0x24,0x21,0x24,0x3F,0x24,0x21,0x04,0x23,0x1C,0x20,0x10,
    0x00,0x00,0x08,0x20,0x18,0x20,0x13,0x20,0x33,0x60,0x33,0xFC,0x76,0x20,0x54,0x20,0x10,0x20,0x17,0xFE,0x10,0x20,0x10,0x20,
    0x10,0x20,0x10,0x20,0x10,0x20,0x00,0x00,0x00,0x00,0x10,0x20,0x10,0x7C,0x36,0x34,0x22,0x34,0x24,0xFE,0x64,0x34,0x67,0xFC,
    0x22,0x20,0x22,0xFC,0x2A,0x20,0x26,0xFC,0x26,0x30,0x27,0x20,0x38,0xFE,0x00,0x00,0x18,0x00,0x18,0xFC,0x3E,0x84,0x22,0x84,
    0x2A,0xA4,0x2A,0xA4,0x62,0xA4,0x7E,0xA4,0x22,0xA4,0x3A,0x30,0x6A,0x70,0x42,0x50,0x46,0x92,0x47,0x1E,0x00,0x00,0x00,0x00,
    0x00,0x00,0x04,0x00,0x0E,0x04,0x1B,0x04,0x10,0xF4,0x70,0x34,0x4F,0x34,0x00,0x34,0x25,0xB4,0x25,0xB4,0x35,0x34,0x31,0x04,
    0x01,0x04,0x0F,0x84,0x38,0x0C,0x00,0x08,0x10,0x40,0x10,0x48,0x30,0x40,0x3C,0x5C,0x65,0xE0,0x40,0x40,0x10,0x7E,0x11,0xE0,
    0x13,0x24,0x10,0x2C,0x14,0x38,0x1C,0x30,0x39,0xCA,0x11,0x0E,0x00,0x00,0x00,0x00,0x00,0x00,0x02,0x00,0x32,0x3E,0x0F,0xA0,
    0x06,0x20,0x44,0x20,0x2D,0x3E,0x0F,0x3C,0x0F,0xA4,0x11,0x24,0x31,0xA4,0x2F,0x24,0x29,0x64,0x41,0x44,0x41,0x44,0x00,0x00,
    0x00,0x00,0x00,0x30,0x2F,0xB4,0x18,0xB4,0x0A,0xB0,0x0A,0xFC,0x6A,0xB0,0x0A,0x94,0x0A,0xF8,0x0A,0x94,0x2E,0x94,0x24,0x1C,
    0x65,0x98,0x48,0xBA,0x18,0xC6,0x00,0x00,0x00,0x00,0x22,0x00,0x11,0x7E,0x00,0x02,0x04,0x02,0x44,0xF2,0x34,0x92,0x04,0x92,
    0x04,0xF2,0x04,0x92,0x14,0x92,0x24,0xF2,0x24,0x02,0x64,0x02,0x44,0x0E,0x00,0x00,0x00,0x00,0x00,0x40,0x3B,0xF8,0x18,0x4C,
    0x13,0xFE,0x10,0x4C,0x31,0xFC,0x38,0x60,0x08,0x40,0x4B,0xF8,0x38,0x40,0x33,0xFC,0x18,0x40,0x2E,0x40,0x43,0xFE,0x00,0x00,
    0x00,0x00,0x10,0x00,0x17,0xFE,0x33,0xFC,0x32,0x64,0x73,0xFC,0x73,0xFC,0x50,0x00,0x17,0xFE,0x13,0xFC,0x12,0x64,0x13,0xFC,
    0x12,0x64,0x13,0xFC,0x17,0xFE,0x00,0x00,0x00,0x00,0x06,0x30,0x02,0x20,0x3F,0xFC,0x00,0x80,0x1F,0xF8,0x01,0x80,0x01,0x80,
    0x3F,0xFE,0x03,0x00,0x7F,0xFE,0x04,0x30,0x0F,0x60,0x01,0xF0,0x3F,0x1C,0x20,0x00,0x00,0x00,0x08,0x40,0x08,0xC0,0x49,0xFC,
    0x6B,0x0C,0x38,0x78,0x28,0x70,0x09,0xC8,0x19,0x08,0x1B,0xFE,0x28,0x08,0x48,0x88,0x08,0xC8,0x08,0x08,0x08,0x18,0x08,0x00,
    0x00,0x00,0x04,0x40,0x24,0xC0,0x14,0xFC,0x05,0x84,0x05,0x68,0x1C,0x38,0x34,0xE0,0x05,0x80,0x00,0x8C,0x7E,0xD8,0x06,0xF0,
    0x0C,0xB0,0x18,0x9C,0x23,0x86,0x00,0x00,0x00,0x00,0x30,0x04,0x1B,0xFC,0x00,0x60,0x00,0x60,0x60,0x60,0x30,0x60,0x00,0x60,
    0x00,0x60,0x18,0x60,0x10,0x60,0x30,0x60,0x27,0xFE,0x67,0xFE,0x00,0x00,0x00,0x00,0x03,0xFC,0x78,0x00,0x09,0xFC,0x09,0x24,
    0x39,0xFC,0x21,0xFC,0x78,0x00,0x0F,0xFE,0x25,0xFC,0x7D,0x24,0x25,0xFC,0x7D,0xFC,0x04,0x00,0x1B,0xFE,0x00,0x00,0x00,0x00,
    0x04,0x20,0x7F,0xFE,0x06,0x60,0x04,0x80,0x09,0xFC,0x4B,0x08,0x2A,0xD0,0x28,0x60,0x0B,0xC8,0x1A,0xFE,0x38,0x08,0x68,0x88,
    0x08,0x88,0x08,0x38,0x00,0x00,0x00,0x00,0x04,0x40,0x24,0x40,0x34,0xFE,0x15,0x84,0x05,0x68,0x1C,0x38,0x34,0x70,0x04,0xC0,
    0x01,0x80,0x7F,0xFE,0x03,0xC0,0x0D,0xB0,0x39,0x9C,0x61,0x86,0x00,0x00,0x00,0x00,0x00,0x00,0x04,0x40,0x24,0x40,0x34,0xFC,
    0x15,0x84,0x0D,0x48,0x1C,0x78,0x64,0x60,0x05,0xC0,0x01,0x80,0x7F,0xFE,0x01,0x80,0x03,0x40,0x0C,0x38,0x78,0x0E,0x00,0x00,
    0x00,0x90,0x30,0x98,0x18,0x98,0x00,0x98,0x03,0xFE,0x70,0x98,0x10,0x98,0x10,0x98,0x17,0xFE,0x10,0x98,0x10,0x98,0x1D,0x18,
    0x19,0x18,0x12,0x18,0x00,0x00,0x00,0x00,0x3F,0xFC,0x20,0x00,0x20,0x18,0x27,0xF8,0x24,0x00,0x24,0x00,0x27,0xFC,0x24,0x20,
    0x24,0x20,0x24,0x20,0x2C,0x20,0x38,0x20,0x20,0x00,0x7F,0xFE,0x00,0x00,0x00,0x00,0x00,0x00,0x04,0x40,0x24,0xFE,0x15,0x84,
    0x0C,0x78,0x74,0x70,0x04,0xC0,0x7F,0xFE,0x02,0x40,0x3F,0xF8,0x32,0x48,0x3C,0x38,0x3F,0xF8,0x30,0x08,0x3F,0xF8,0x00,0x00,
    0x00,0x00,0x00,0x40,0x7C,0xFC,0x49,0x8C,0x49,0xD8,0x58,0x70,0x50,0x78,0x4B,0x8E,0x4B,0x30,0x4D,0xFC,0x4C,0x20,0x5B,0x30,
    0x43,0xFE,0x40,0x20,0x40,0x20,0x00,0x00,0x00,0x00,0x06,0x20,0x7F,0xFE,0x06,0x20,0x08,0x80,0x0F,0xFC,0x18,0xC4,0x3F,0xF8,
    0x78,0xC0,0x1F,0xF8,0x18,0xC0,0x1F,0xFE,0x18,0x04,0x22,0x44,0x22,0x26,0x00,0x00,0x11,0x00,0x11,0x00,0x11,0xFE,0x39,0x92,
    0x39,0x16,0x13,0xD4,0x38,0x14,0x39,0x14,0x71,0x5C,0x55,0x4C,0x55,0x28,0x15,0x1C,0x11,0x36,0x13,0x62,0x00,0x00,0x00,0x00,
    0x00,0x00,0x00,0x90,0x00,0x80,0x7C,0xFE,0x11,0x90,0x31,0x90,0x33,0xFC,0x7C,0x90,0x64,0xFC,0x24,0x90,0x24,0xFE,0x3C,0x80,
    0x24,0x00,0x21,0x52,0x03,0x5A,0x00,0x00,0x00,0x00,0x08,0xC0,0x08,0x40,0x1F,0xFE,0x18,0xC0,0x38,0xC0,0x7F,0xFC,0x50,0xC0,
    0x1F,0xFC,0x10,0xC0,0x1F,0xFC,0x1F,0xFE,0x00,0x00,0x22,0x66,0x62,0x22,0x02,0x00,0x00,0x00,0x00,0x20,0x3C,0x20,0x25,0xFE,
    0x24,0x00,0x3C,0xC8,0x3C,0x8C,0x25,0x06,0x24,0x08,0x3C,0xC8,0x24,0x58,0x64,0x70,0x44,0x30,0x44,0x78,0x5D,0x8E,0x01,0x00,
    0x00,0x00,0x01,0x00,0x01,0x80,0x01,0x80,0x7F,0xFE,0x0C,0x30,0x18,0x18,0x30,0x0C,0x24,0x20,0x06,0x60,0x02,0x40,0x01,0x80,
    0x03,0xC0,0x0E,0x70,0x78,0x1E,0x00,0x00,0x00,0x00,0x08,0x00,0x0C,0x3C,0x7F,0x24,0x7F,0x24,0x12,0x28,0x33,0x28,0x61,0xA8,
    0x42,0x24,0x12,0x26,0x0C,0x22,0x0C,0x22,0x0E,0x2E,0x33,0x28,0x61,0x20,0x00,0x20,0x00,0x80,0x30,0x8C,0x19,0xF8,0x07,0x88,
    0x40,0x58,0x30,0xE0,0x13,0xB6,0x00,0x0C,0x17,0xFC,0x11,0xB0,0x21,0x30,0x21,0x30,0x63,0x32,0x4E,0x1E,0x00,0x00,0x00,0x00,
    0x00,0x00,0x00,0x1C,0x7D,0xF0,0x04,0x20,0x2C,0x20,0x2D,0xFE,0x28,0x48,0x28,0xCC,0x6C,0xCE,0x3F,0x48,0x04,0x48,0x74,0x48,
    0x44,0x48,0x04,0xC8,0x1D,0x88,0x10,0x08,0x00,0x00,0x30,0x1C,0x31,0xF0,0x20,0x20,0x38,0x60,0x7F,0xFE,0x24,0x50,0x28,0x88,
    0x49,0x8C,0x6B,0x9E,0x38,0x98,0x1C,0x98,0x34,0x98,0x21,0x98,0x41,0x18,0x00,0x00,0x00,0x00,0x00,0x3C,0x07,0xC0,0x72,0x48,
    0x57,0xFC,0x54,0x92,0x56,0xB6,0x50,0x04,0x53,0xC4,0x56,0xFE,0x76,0xC4,0x57,0xD4,0x46,0x94,0x06,0xC4,0x07,0x0C,0x00,0x00,
    0x00,0x00,0x10,0x64,0x13,0x2C,0x11,0x08,0x7B,0xFE,0x32,0x02,0x12,0x02,0x19,0xFC,0x79,0x0C,0x71,0x6C,0x11,0x6C,0x11,0x70,
    0x10,0xF0,0x11,0xB2,0x37,0x1E,0x00,0x00,0x00,0x00,0x10,0x20,0x30,0x20,0x3D,0xFE,0x24,0x00,0x40,0xC8,0x7D,0x8C,0x11,0x06,
    0x10,0x88,0x7C,0x88,0x10,0x50,0x10,0x70,0x14,0x70,0x1C,0xF8,0x13,0x8E,0x02,0x00,0x00,0x00,0x20,0x3C,0x21,0xE0,0x7C,0x20,
    0x78,0x60,0x59,0xFE,0x18,0x48,0x7C,0xC8,0x7D,0xCE,0x13,0x4A,0x18,0x48,0x1C,0x48,0x26,0xC8,0x60,0x88,0x41,0x08,0x00,0x08,
    0x10,0x80,0x10,0x9C,0x13,0xE0,0x30,0x88,0x30,0x70,0x70,0xE0,0x53,0x3E,0x10,0x0C,0x17,0xFE,0x11,0xB0,0x11,0xB0,0x11,0x30,
    0x13,0x32,0x16,0x1E,0x00,0x00,0x00,0x00,0x00,0x80,0x3C,0x9E,0x2C,0x9A,0x2F,0xD2,0x2C,0x92,0x3C,0x92,0x2F,0xF2,0x2D,0x92,
    0x3D,0x12,0x2D,0x52,0x4F,0xF6,0x4F,0x34,0x4C,0x10,0x48,0x10,0x00,0x00,0x00,0x00,0x00,0x00,0x00,0x20,0x64,0x20,0x3B,0xFE,
    0x18,0x00,0x78,0x90,0x49,0x8C,0x09,0x06,0x18,0x88,0x38,0x98,0x68,0xD0,0x48,0x70,0x08,0x60,0x18,0xF8,0x33,0x8E,0x22,0x00,
    0x00,0x00,0x06,0x00,0x06,0x00,0x0F,0xE0,0x18,0x60,0x3F,0xFC,0x18,0x8C,0x10,0x84,0x1F,0xFC,0x10,0x84,0x10,0x84,0x1F,0xFC,
    0x10,0x84,0x20,0x84,0x60,0x9C,0x00,0x00,0x00,0x00,0x10,0x40,0x30,0x20,0x33,0xFE,0x3C,0x00,0x64,0x98,0x41,0x8C,0x13,0x06,
    0x12,0x98,0x10,0x90,0x10,0xD0,0x14,0x60,0x1C,0x60,0x30,0xD8,0x03,0x0E,0x00,0x00,0x01,0x18,0x31,0x18,0x27,0xD0,0x66,0xDE,
    0x5F,0xD4,0x76,0xE4,0x13,0xE4,0x21,0x74,0x7F,0x94,0x73,0x1C,0x03,0xC8,0x1A,0x48,0x66,0xD4,0x0C,0xE2,0x00,0x00,0x00,0x00,
    0x00,0x00,0x00,0x20,0x10,0x20,0x11,0xFC,0x21,0xFC,0x26,0x08,0x7C,0xCC,0x09,0x86,0x11,0x08,0x30,0x88,0x3C,0x50,0x00,0x70,
    0x06,0x20,0x7C,0x70,0x03,0x8E,0x00,0x00,0x00,0x00,0x24,0x86,0x2D,0x86,0x6D,0x96,0x24,0x96,0x3F,0xD6,0x24,0x96,0x3F,0x96,
    0x24,0x96,0x3F,0xD6,0x04,0x16,0x7F,0xD6,0x1D,0x06,0x35,0x86,0x64,0x0C,0x04,0x00,0x08,0x20,0x08,0xA0,0x3F,0x20,0x09,0x3E,
    0x7F,0x6C,0x7F,0xC4,0x08,0xCC,0x3F,0xE8,0x66,0x28,0x04,0x38,0x3F,0x10,0x64,0x38,0x04,0x6C,0x19,0x86,0x00,0x00,0x00,0x00,
    0x00,0x00,0x00,0x10,0x7E,0x32,0x14,0x7C,0x14,0x14,0x7E,0xFE,0x56,0x18,0x56,0x7E,0x76,0x6E,0x43,0xC8,0x42,0x18,0x7E,0x7E,
    0x42,0x08,0x7E,0x08,0x40,0x38,0x00,0x00,0x00,0x00,0x10,0x0C,0x11,0xF0,0x7E,0x20,0x30,0x60,0x21,0xFE,0x28,0x58,0x78,0xC8,
    0x7C,0x86,0x0B,0x4A,0x08,0x48,0x7C,0x48,0x58,0xC8,0x08,0x88,0x09,0x88,0x08,0x08,0x00,0x00,0x10,0x20,0x10,0x00,0x7F,0xFE,
    0x30,0x00,0x28,0x4C,0x28,0x86,0x69,0x82,0x7E,0x48,0x08,0x48,0x08,0x58,0x7E,0x30,0x48,0x30,0x08,0xF8,0x09,0x86,0x08,0x00,
    0x00,0x04,0x00,0x04,0x3C,0x84,0x24,0x84,0x24,0x84,0x24,0x84,0x24,0x84,0x24,0x84,0x24,0x8C,0x3C,0xFC,0x24,0x84,0x20,0x04,
    0x00,0x04,0x00,0x04,0x00,0x00,0x00,0x00,0x00,0x00,0x01,0x80,0x7F,0xFE,0x44,0x02,0x4C,0x72,0x38,0x9C,0x0C,0x80,0x0F,0xF8,
    0x10,0x80,0x7F,0xFE,0x00,0x00,0x1F,0xF8,0x18,0x08,0x18,0x08,0x1F,0xF8,0x10,0x00,0x11,0xFC,0x11,0x04,0x11,0xFC,0x7D,0x0C,
    0x11,0x04,0x11,0xFC,0x1C,0x80,0x39,0xFE,0x76,0x22,0x17,0x72,0x13,0x5A,0x13,0x02,0x13,0xF2,0x70,0x0E,0x00,0x00,0x00,0x00,
    0x00,0x00,0x10,0x20,0x10,0x70,0x11,0xFE,0x7C,0x88,0x10,0x98,0x10,0x98,0x13,0xFE,0x18,0x40,0x73,0xFE,0x10,0x88,0x11,0x90,
    0x10,0xF0,0x10,0x78,0x73,0xC6,0x02,0x00,0x00,0x00,0x20,0xC0,0x20,0xCC,0x3E,0xF8,0x20,0xC0,0x22,0xC2,0x7C,0x7E,0x23,0x00,
    0x03,0x00,0x1F,0xF8,0x10,0x08,0x1F,0xF8,0x10,0x08,0x1F,0xF8,0x10,0x18,0x00,0x00,0x00,0x00,0x0C,0x20,0x78,0x20,0x19,0xFE,
    0x18,0x30,0x7C,0x20,0x19,0xFE,0x18,0x00,0x3C,0x00,0x3E,0xFC,0x7B,0x86,0x59,0x86,0x19,0x86,0x19,0xFE,0x19,0x86,0x10,0x00,
    0x11,0x00,0x11,0x00,0x23,0xDE,0x61,0x80,0x19,0x00,0x17,0xDE,0x35,0x4C,0x31,0x04,0x77,0xC4,0x17,0xC4,0x11,0x04,0x11,0x84,
    0x17,0xC4,0x14,0x1C,0x10,0x00,0x00,0x00,0x00,0x00,0x00,0x60,0x7C,0x60,0x4C,0xF0,0x48,0x98,0x49,0x8C,0x4B,0x06,0x4A,0x90,
    0x48,0x90,0x44,0x90,0x44,0x90,0x5C,0x90,0x49,0x10,0x41,0x10,0x42,0x10,0x00,0x00,0x04,0x20,0x3F,0x2C,0x0C,0x24,0x7F,0xFE,
    0x12,0x60,0x16,0x20,0x3F,0xA4,0x64,0x24,0x7F,0xAC,0x24,0x38,0x3F,0x98,0x24,0x18,0x3F,0xBA,0x20,0xC6,0x00,0x02,0x00,0x00,
    0x08,0x30,0x08,0x30,0x08,0x30,0x3E,0x30,0x08,0xFE,0x08,0x22,0x7F,0x22,0x10,0x22,0x10,0x22,0x32,0x62,0x23,0x46,0x7F,0x46,
    0x00,0x86,0x01,0x9C,0x00,0x00,0x00,0x00,0x04,0x60,0x04,0x60,0x7F,0xFE,0x04,0x60,0x04,0x60,0x00,0x00,0x7F,0xFC,0x02,0x04,
    0x02,0x04,0x02,0x04,0x02,0x0C,0x02,0x38,0x02,0x00,0x02,0x00,0x02,0x00,0x00,0x00,0x10,0x20,0x10,0x20,0x11,0xFE,0x7C,0x20,
    0x18,0x20,0x11,0xFE,0x38,0x00,0x3C,0x00,0x75,0xFC,0x51,0x84,0x11,0x04,0x11,0x04,0x11,0xFC,0x11,0x04,0x00,0x00,0x00,0x00,
    0x01,0x80,0x01,0x80,0x01,0x80,0x7F,0xFE,0x07,0xC0,0x05,0xE0,0x0D,0xB0,0x19,0x9C,0x71,0x86,0x01,0x00,0x00,0x04,0x36,0x44,
    0x22,0x66,0x62,0x22,0x00,0x00,0x00,0x00,0x00,0x00,0x10,0x20,0x13,0xFE,0x10,0x60,0x10,0x60,0x7D,0xFC,0x11,0xFE,0x10,0x6C,
    0x18,0x6C,0x71,0xFC,0x50,0x20,0x11,0x3E,0x13,0x20,0x12,0xE0,0x74,0x3E,0x00,0x00,0x00,0x00,0x00,0x40,0x7B,0xFE,0x48,0x60,
    0x48,0x60,0x79,0xFC,0x48,0x6C,0x4B,0xFE,0x78,0x6C,0x49,0xF8,0x48,0x40,0x79,0x7C,0x6B,0x40,0x43,0xC0,0x0C,0x7E,0x00,0x00,
    0x00,0x00,0x10,0xFC,0x11,0x84,0x01,0x04,0x7D,0xFC,0x01,0x04,0x0D,0xFC,0x48,0xC0,0x48,0xFE,0x2B,0x32,0x2B,0x32,0x19,0x5A,
    0x7D,0x42,0x41,0xF2,0x00,0x06,0x00,0x00,0x00,0x60,0x30,0x60,0x17,0xFE,0x00,0x60,0x00,0x60,0x60,0x60,0x33,0xFC,0x00,0x00,
    0x03,0xFC,0x13,0x04,0x33,0x04,0x23,0x04,0x63,0xFC,0x43,0x04,0x00,0x00,0x00,0x00,0x10,0x20,0x10,0x20,0x30,0x30,0x25,0xFE,
    0x64,0x20,0x78,0x30,0x19,0xFC,0x10,0x00,0x20,0xFC,0x7C,0x84,0x00,0x84,0x00,0x84,0x7C,0xFC,0x00,0x84,0x00,0x00,0x00,0x00,
    0x00,0x00,0x10,0x00,0x18,0x7E,0x3E,0x26,0x64,0x26,0x7F,0x4C,0x2D,0x40,0x3F,0x18,0x3F,0x78,0x2D,0x7E,0x3F,0x18,0x2D,0x7E,
    0x2D,0x18,0x6D,0x18,0x43,0x18,0x00,0x00,0x10,0x00,0x10,0xFC,0x10,0x84,0x30,0x84,0x7C,0x84,0x24,0xFC,0x24,0x84,0x24,0x84,
    0x64,0xFC,0x3C,0xFC,0x1C,0x84,0x1E,0x84,0x31,0x8C,0x61,0xFE,0x00,0x00,0x00,0x00,0x00,0x00,0x00,0x48,0x00,0x4C,0x00,0x40,
    0x7F,0xFE,0x00,0x40,0x12,0x44,0x12,0x4C,0x7F,0x68,0x7F,0x28,0x12,0x38,0x12,0x30,0x12,0x30,0x22,0x7A,0x60,0xCE,0x00,0x00,
    0x00,0x00,0x04,0x20,0x7F,0xFE,0x04,0x20,0x18,0x48,0x7E,0xCC,0x18,0xFC,0x3C,0x48,0x19,0xFE,0x7E,0x00,0x18,0xFC,0x3C,0x84,
    0x3E,0xFC,0x58,0x84,0x18,0xFC,0x00,0x00,0x04,0x20,0x0C,0x20,0x7F,0xFE,0x04,0x20,0x01,0x80,0x02,0xC0,0x0C,0x60,0x38,0x3C,
    0x66,0x26,0x06,0x20,0x04,0x20,0x04,0x20,0x0C,0x20,0x38,0x20,0x00,0x00,0x00,0x00,0x1F,0xF8,0x31,0x88,0x31,0x88,0x3F,0xF8,
    0x31,0x88,0x1F,0xF8,0x01,0x00,0x03,0xC0,0x0C,0x70,0x74,0x3E,0x04,0x20,0x04,0x20,0x08,0x20,0x18,0x20,0x10,0x00,0x00,0x00,
    0x00,0x00,0x18,0x90,0x19,0x90,0x13,0xFC,0x31,0x90,0x31,0x90,0x77,0xFE,0x50,0x00,0x11,0xF8,0x13,0xFC,0x12,0x0C,0x13,0xFC,
    0x12,0x0C,0x13,0xFC,0x13,0x0C,0x10,0x00,0x01,0x00,0x03,0x80,0x02,0xC0,0x04,0x60,0x0C,0x30,0x38,0x1E,0x74,0x26,0x04,0x20,
    0x04,0x20,0x04,0x20,0x0C,0x20,0x08,0x20,0x18,0x20,0x30,0x20,0x00,0x20,0x00,0x00,0x00,0x00,0x00,0xC0,0x00,0xC0,0x1F,0xFE,
    0x58,0x40,0x78,0xE0,0x18,0xB0,0x19,0x1C,0x3E,0x06,0x70,0x90,0x10,0x90,0x11,0x90,0x31,0x10,0x23,0x10,0x66,0x10,0x00,0x00,
    0x00,0x00,0x00,0x24,0x20,0x24,0x30,0x20,0x07,0xFE,0x00,0x20,0x62,0xA4,0x22,0xB4,0x27,0xF4,0x22,0x9C,0x22,0x98,0x3A,0x98,
    0x3C,0x98,0x34,0x3E,0x24,0x46,0x00,0x00,0x00,0x00,0x1F,0xFC,0x10,0x04,0x10,0x04,0x1F,0xFC,0x10,0x40,0x17,0xFC,0x14,0x44,
    0x14,0x44,0x37,0xFC,0x24,0x44,0x24,0x44,0x27,0xFC,0x64,0x04,0x00,0x00,0x00,0x00,0x01,0x80,0x01,0x80,0x01,0x80,0x3F,0xFC,
    0x31,0x84,0x21,0x84,0x21,0x84,0x21,0x84,0x21,0x84,0x21,0x84,0x21,0x8C,0x21,0x98,0x01,0x80,0x01,0x80,0x00,0x00,0x00,0x00,
    0x00,0x00,0x10,0x20,0x10,0x60,0x3F,0x7E,0x64,0xC8,0x00,0x00,0x3E,0x20,0x32,0x30,0x3E,0x7C,0x32,0x24,0x32,0x24,0x3E,0x64,
    0x22,0x44,0x62,0xC4,0x66,0x9C,0x00,0x00,0x00,0x00,0x07,0xF8,0x1E,0x00,0x18,0x00,0x18,0x00,0x18,0x00,0x1F,0xFE,0x18,0x20,
    0x10,0x20,0x10,0x20,0x10,0x20,0x30,0x20,0x20,0x20,0x60,0x20,0x00,0x00,0x00,0x00,0x00,0x00,0x01,0x00,0x03,0x80,0x02,0x40,
    0x04,0x20,0x18,0x18,0x3F,0xFE,0x6F,0xF0,0x01,0x80,0x1F,0xF8,0x1F,0xF8,0x09,0x90,0x0D,0x90,0x05,0xA0,0x3F,0xFE,0x00,0x00,
    0x00,0x00,0x01,0x80,0x01,0x80,0x02,0x40,0x06,0x60,0x0C,0x30,0x19,0x18,0x31,0x8E,0x40,0x02,0x0F,0xF8,0x00,0x18,0x00,0x30,
    0x00,0x20,0x00,0x40,0x00,0xC0,0x00,0x80,0x00,0x00,0x00,0x40,0x20,0x40,0x13,0xFC,0x00,0x4C,0x07,0xFE,0x60,0x4C,0x13,0xFC,
    0x00,0xC0,0x10,0x40,0x17,0xFC,0x20,0x40,0x2F,0xFE,0x60,0x40,0x40,0x40,0x00,0x40,0x00,0x00,0x10,0x88,0x10,0x88,0x03,0xDE,
    0x79,0xDC,0x1B,0xFC,0x16,0xAA,0x14,0x88,0x3D,0xFC,0x7C,0x00,0x54,0x02,0x11,0xFE,0x10,0x2C,0x13,0x26,0x12,0x62,0x10,0x40,
    0x04,0x00,0x25,0xFC,0x24,0xC8,0x24,0x78,0x24,0x70,0x25,0xDE,0x06,0x20,0x1E,0xE0,0x1F,0x90,0x06,0x18,0x3F,0xFC,0x01,0xB0,
    0x19,0x98,0x33,0x8C,0x03,0x00,0x00,0x00,0x00,0x00,0x10,0x60,0x10,0x60,0x31,0xFC,0x3D,0x84,0x61,0xFC,0x7D,0x84,0x19,0xFC,
    0x10,0x20,0x3D,0xFC,0x19,0x26,0x11,0x26,0x1D,0x26,0x19,0x2C,0x10,0x20,0x00,0x20,0x00,0x00,0x08,0x00,0x0B,0xF8,0x1B,0xFC,
    0x11,0x08,0x31,0x08,0x31,0x08,0x51,0x98,0x10,0x90,0x10,0xF0,0x10,0x60,0x10,0x60,0x11,0x98,0x13,0x0C,0x16,0x06,0x10,0x00,
    0x00,0x00,0x01,0x08,0x27,0xFE,0x31,0x18,0x11,0xF8,0x00,0x60,0x73,0xFC,0x32,0x64,0x33,0xFC,0x30,0x60,0x33,0xFC,0x30,0x60,
    0x3B,0xFC,0x30,0x60,0x27,0xFE,0x00,0x00,0x00,0x90,0x30,0x90,0x10,0x90,0x07,0xFE,0x00,0x90,0x70,0x90,0x11,0x98,0x17,0xFE,
    0x11,0x10,0x11,0x10,0x13,0x10,0x12,0x10,0x7E,0x00,0x43,0xFE,0x00,0x00,0x00,0x00,0x22,0x00,0x22,0x7E,0x7F,0x60,0x22,0x60,
    0x3E,0x20,0x08,0x3E,0x7F,0x2C,0x49,0x6C,0x7F,0x6C,0x0C,0x4C,0x08,0x4C,0x7F,0xCC,0x08,0xCC,0x09,0x8C,0x08,0x00,0x00,0x00,
    0x1F,0xFC,0x1F,0xF8,0x12,0x48,0x12,0x58,0x0A,0x50,0x7F,0xFE,0x7F,0xFE,0x00,0x00,0x1F,0xF8,0x10,0x08,0x1F,0xF8,0x10,0x18,
    0x18,0x18,0x1F,0xF8,0x10,0x00,0x00,0x00,0x0C,0x30,0x0C,0x30,0x7F,0xFE,0x0C,0x30,0x1E,0x78,0x2C,0xB6,0x49,0x30,0x1F,0xF8,
    0x00,0x00,0x3F,0xFC,0x01,0x80,0x08,0x90,0x38,0x9C,0x63,0x84,0x00,0x00,0x00,0x00,0x00,0x00,0x31,0xFC,0x19,0x00,0x09,0x00,
    0x01,0x00,0x01,0xFE,0x71,0x10,0x11,0x10,0x13,0x10,0x13,0x10,0x16,0x10,0x10,0x10,0x3C,0x00,0x63,0xFE,0x00,0x00,0x00,0x00,
    0x00,0x00,0x10,0x00,0x11,0xFC,0x11,0x84,0x17,0x84,0x5D,0xFC,0x59,0x90,0x51,0x10,0x51,0x0C,0x13,0x66,0x1A,0x32,0x3C,0x10,
    0x24,0xC0,0x60,0x60,0x40,0x38,0x00,0x00,0x20,0x00,0x33,0xFC,0x10,0x0C,0x01,0xFC,0x60,0x0C,0x33,0xF8,0x07,0xFE,0x04,0x02,
    0x17,0xFA,0x11,0x18,0x31,0x90,0x20,0xE0,0x60,0xE0,0x47,0x1E,0x00,0x00,0x00,0x00,0x00,0x00,0x1F,0xF8,0x18,0x08,0x18,0x08,
    0x18,0x18,0x1F,0xF8,0x10,0x60,0x10,0x20,0x33,0x18,0x20,0xCC,0x60,0x46,0x47,0x00,0x01,0xC0,0x00,0x60,0x00,0x00,0x00,0x00,
    0x00,0x30,0x3E,0x30,0x06,0x30,0x0C,0x7E,0x1E,0x36,0x31,0xA2,0x60,0x22,0x00,0x26,0x3F,0x26,0x08,0x26,0x08,0x64,0x0F,0x44,
    0x7C,0xC4,0x01,0x8C,0x00,0x00,0x00,0x00,0x11,0x04,0x1B,0x06,0x7F,0xD6,0x19,0x16,0x00,0x16,0x3F,0x96,0x1B,0x16,0x09,0x16,
    0x1B,0x16,0x7F,0xD6,0x19,0x16,0x11,0x06,0x11,0x06,0x21,0x0C,0x00,0x00,0x00,0x00,0x08,0x30,0x08,0x30,0x7E,0xFE,0x08,0x30,
    0x08,0x30,0x3E,0xFC,0x22,0xC4,0x26,0xC4,0x3E,0x7C,0x14,0x78,0x14,0x58,0x26,0x58,0x64,0xDA,0x41,0x8E,0x00,0x00,0x00,0x00,
    0x04,0x20,0x04,0x20,0x7F,0xFE,0x04,0x20,0x00,0x00,0x1F,0xF8,0x00,0xE0,0x03,0xF0,0x3C,0x0C,0x2F,0xF0,0x0F,0xF0,0x01,0x80,
    0x01,0x80,0x7F,0xFE,0x00,0x00,0x00,0x00,0x00,0x00,0x00,0x20,0x79,0xFE,0x48,0x20,0x49,0xFC,0x68,0x20,0x7B,0xFE,0x48,0x00,
    0x49,0xFC,0x79,0x04,0x49,0xFC,0x49,0x04,0x79,0xFC,0x49,0x04,0x41,0x0C,0x00,0x00,0x00,0x00,0x0F,0xF0,0x08,0x10,0x0F,0xF0,
    0x08,0x10,0x0F,0xF0,0x00,0x00,0x3E,0x7C,0x62,0x46,0x62,0x46,0x7E,0x7E,0x62,0x46,0x7E,0x7E,0x62,0x46,0x00,0x00,0x00,0x00,
    0x00,0x00,0x10,0x30,0x10,0x10,0x3C,0xFE,0x64,0x00,0x7E,0x00,0x2A,0x7C,0x2A,0x44,0x3E,0x44,0x2A,0x7C,0x2A,0x10,0x3E,0x54,
    0x00,0xD4,0x7E,0x92,0x61,0x32,0x00,0x20,0x00,0x00,0x01,0x00,0x01,0x80,0x7F,0xFE,0x00,0x00,0x0F,0xF0,0x18,0x18,0x18,0x18,
    0x18,0x18,0x1F,0xF8,0x00,0x80,0x0C,0xB0,0x18,0x98,0x30,0x84,0x03,0x80,0x02,0x00,0x00,0x00,0x10,0x20,0x10,0x20,0x13,0xFE,
    0x10,0x00,0x74,0x00,0x55,0xFC,0x51,0x04,0x11,0x04,0x11,0xFC,0x10,0x20,0x11,0x2C,0x13,0x24,0x12,0x26,0x10,0x60,0x10,0x00,
    0x10,0x20,0x10,0x30,0x55,0xFC,0x7C,0x20,0x10,0xFC,0x7C,0x30,0x11,0xFE,0x3C,0xFC,0x35,0x84,0x73,0xFC,0x51,0x84,0x11,0xFC,
    0x11,0x84,0x11,0x8C,0x10,0x08,0x00,0x00,0x10,0x00,0x11,0xFE,0x54,0x20,0x55,0xFE,0x11,0x36,0x7D,0xB6,0x11,0xFE,0x11,0x36,
    0x35,0xFC,0x34,0x20,0x50,0xA0,0x50,0xE0,0x10,0xF8,0x13,0x8E,0x00,0x00,0x00,0x00,0x00,0x00,0x19,0xF8,0x10,0x18,0x30,0x10,
    0x26,0x30,0x7C,0x78,0x09,0x86,0x11,0x02,0x31,0xFC,0x7C,0x30,0x00,0x20,0x00,0x20,0x7C,0x20,0x03,0xFE,0x00,0x00,0x00,0x00,
    0x04,0x20,0x04,0x20,0x04,0x20,0x3F,0xFE,0x06,0x60,0x04,0x20,0x04,0x20,0x06,0x60,0x7F,0xFE,0x04,0x20,0x0C,0x20,0x08,0x20,
    0x18,0x20,0x30,0x20,0x00,0x00,0x00,0x00,0x00,0x00,0x12,0x20,0x7F,0xFE,0x12,0x4C,0x3F,0xA8,0x7C,0xB8,0x25,0x1C,0x3D,0x66,
    0x7F,0xFE,0x00,0x00,0x0F,0xF0,0x1F,0xF8,0x00,0x00,0x18,0x18,0x1F,0xF8,0x10,0x08,0x1F,0xF8,0x10,0x08,0x1F,0xF8,0x10,0x08,
    0x1F,0xF8,0x01,0x00,0x7F,0xFE,0x00,0x00,0x1F,0xF8,0x18,0x08,0x0F,0xF8,0x00,0x80,0x1C,0x98,0x33,0x84,0x01,0x00,0x00,0x00,
    0x00,0x00,0x7F,0xFE,0x04,0x20,0x08,0x20,0x1C,0xFC,0x32,0x84,0x40,0xB4,0x3E,0xB4,0x3E,0xB4,0x08,0xA4,0x08,0xA4,0x0A,0x68,
    0x7C,0xCC,0x01,0x82,0x00,0x00,0x00,0x00,0x00,0x00,0x08,0x40,0x18,0x40,0x7E,0xF8,0x3C,0x98,0x19,0xF8,0x7E,0x34,0x00,0x34,
    0x7E,0xFE,0x42,0x34,0x7E,0x34,0x42,0xFC,0x7E,0x30,0x42,0x30,0x46,0x60,0x00,0x00,0x00,0x00,0x00,0x60,0x23,0xFC,0x20,0x90,
    0x20,0x90,0x7F,0xFE,0x30,0x00,0x23,0xFC,0x22,0x04,0x23,0xFC,0x22,0x0C,0x3B,0xF8,0x61,0xA0,0x01,0x22,0x0E,0x3E,0x00,0x00,
    0x00,0x00,0x12,0x20,0x12,0x20,0x7F,0xE0,0x12,0x7E,0x10,0xC4,0x30,0xC4,0x3F,0x24,0x61,0x28,0x7D,0x28,0x25,0x18,0x2D,0x18,
    0x3D,0x38,0x21,0x6C,0x07,0xC6,0x00,0x00,0x00,0x00,0x10,0x20,0x21,0xFC,0x3C,0x98,0x60,0xD8,0x41,0xFE,0x3C,0x00,0x11,0xFC,
    0x11,0x04,0x7D,0xFC,0x11,0x84,0x14,0xF8,0x1C,0xD0,0x18,0x92,0x13,0x1E,0x00,0x00,0x08,0x00,0x09,0xFC,0x10,0x18,0x24,0x10,
    0x0C,0x30,0x08,0xD8,0x13,0x86,0x32,0x00,0x51,0xFC,0x10,0x60,0x10,0x20,0x10,0x20,0x10,0x20,0x17,0xFE,0x00,0x00,0x00,0x00,
    0x00,0x00,0x00,0x80,0x00,0xC0,0x0F,0xFE,0x48,0x00,0x6B,0xF8,0x28,0x30,0x08,0x70,0x1B,0x9C,0x7E,0x06,0x5B,0xFC,0x10,0x40,
    0x10,0x40,0x30,0x40,0x27,0xFE,0x00,0x00,0x00,0x00,0x10,0x20,0x11,0xFC,0x00,0x20,0x7D,0xFC,0x00,0x20,0x05,0xFE,0x6C,0x00,
    0x29,0xFC,0x29,0x04,0x29,0xFC,0x09,0x04,0x3D,0xFC,0x61,0x04,0x01,0x1C,0x00,0x00,0x00,0x00,0x01,0x80,0x3F,0xFC,0x04,0x20,
    0x04,0x20,0x7F,0xFE,0x00,0x00,0x1F,0xF8,0x10,0x08,0x1F,0xF8,0x10,0x08,0x1F,0xF8,0x06,0x40,0x04,0x42,0x38,0x7E,0x20,0x18,
    0x00,0x00,0x01,0x80,0x3F,0xFC,0x0C,0x20,0x0C,0x20,0x04,0x60,0x7F,0xFE,0x00,0x00,0x1F,0xF8,0x10,0x08,0x1F,0xF8,0x06,0x40,
    0x06,0x40,0x04,0x42,0x78,0x7E,0x00,0x00,0x00,0x00,0x01,0x00,0x43,0xF0,0x62,0x30,0x34,0x20,0x0F,0xFC,0x00,0xCC,0x00,0xCC,
    0x0F,0xFE,0x30,0xCC,0x27,0xFC,0x67,0xF8,0x40,0xC0,0x00,0xC0,0x01,0xC0,0x01,0x00,0x10,0x00,0x13,0xFE,0x13,0x02,0x17,0x02,
    0x5F,0x7A,0x5B,0x5A,0x53,0x5A,0x53,0x5A,0x13,0x5A,0x1B,0x5A,0x3F,0x72,0x27,0x02,0x23,0x02,0x43,0x0E,0x00,0x00,0x00,0x00,
    0x00,0x00,0x00,0x80,0x7F,0xFE,0x60,0x22,0x4E,0x3A,0x10,0x00,0x1F,0xF8,0x02,0x08,0x7F,0xFE,0x06,0x08,0x1F,0xF8,0x0C,0x00,
    0x1F,0xFC,0x74,0x0C,0x47,0xFC,0x04,0x00,0x20,0x18,0x23,0x98,0x27,0x18,0x79,0x3A,0x31,0x3A,0x27,0xFE,0x23,0x5C,0x3B,0x18,
    0x67,0xD8,0x27,0x58,0x2D,0x38,0x29,0x24,0x21,0x66,0x61,0x42,0x00,0x00,0x00,0x00,0x00,0x00,0x01,0x00,0x01,0x00,0x7F,0xFE,
    0x40,0x06,0x44,0x60,0x1C,0x38,0x33,0x0C,0x03,0x00,0x3F,0xF0,0x02,0x30,0x02,0x30,0x04,0x30,0x1C,0x32,0x70,0x3E,0x00,0x00,
    0x00,0x00,0x18,0x06,0x10,0xC6,0x22,0xC6,0x66,0xC6,0x7C,0xC6,0x08,0xC6,0x10,0xC6,0x3E,0xCE,0x30,0xFE,0x00,0x06,0x0E,0x06,
    0x78,0x06,0x00,0x06,0x00,0x00,0x00,0x00,0x00,0x40,0x00,0x40,0x7C,0xC0,0x10,0xF8,0x10,0x98,0x11,0x98,0x7D,0x10,0x11,0x10,
    0x10,0x30,0x10,0x30,0x14,0x48,0x3C,0xCC,0x61,0x86,0x07,0x02,0x00,0x00,0x00,0x00,0x00,0x00,0x02,0x40,0x02,0x40,0x02,0x40,
    0x7E,0x7E,0x02,0x40,0x02,0x40,0x3E,0x7C,0x02,0x40,0x02,0x40,0x3E,0x7C,0x06,0x40,0x02,0x40,0x06,0x40,0x7F,0xFE,0x00,0x00,
    0x00,0x00,0x02,0x00,0x02,0x00,0x06,0x00,0x07,0xE0,0x0C,0x60,0x18,0x60,0x10,0x40,0x30,0xC0,0x01,0xC0,0x03,0x60,0x06,0x30,
    0x0C,0x18,0x18,0x0C,0x70,0x06,0x00,0x00,0x00,0x00,0x06,0x00,0x06,0x00,0x0F,0xF0,0x10,0x60,0x20,0xE0,0x03,0x38,0x1E,0x0E,
    0x71,0x84,0x01,0x98,0x19,0x90,0x11,0x90,0x02,0x40,0x0E,0x30,0x78,0x1E,0x00,0x00,0x00,0x00,0x02,0x00,0x02,0x00,0x02,0x00,
    0x02,0x00,0x3F,0xF0,0x06,0x30,0x06,0x20,0x04,0x20,0x04,0x20,0x0C,0x20,0x08,0x20,0x18,0x22,0x30,0x26,0x60,0x3E,0x00,0x00,
    0x20,0x00,0x3F,0xFE,0x00,0x90,0x00,0x90,0x67,0xFE,0x36,0x96,0x06,0x96,0x07,0x9E,0x17,0x06,0x16,0x06,0x37,0xFE,0x26,0x06,
    0x67,0xFE,0x47,0xFE,0x00,0x00,0x00,0x00,0x00,0x00,0x3F,0xFE,0x20,0x00,0x2F,0x7C,0x29,0x18,0x2F,0x50,0x29,0x50,0x2D,0x7E,
    0x2F,0x18,0x29,0x18,0x29,0xA8,0x6E,0xE8,0x4C,0x4A,0x40,0x8E,0x00,0x00,0x00,0x00,0x00,0x00,0x0C,0x30,0x09,0x20,0x09,0x20,
    0x7F,0x3E,0x0C,0x6C,0x09,0x44,0x2F,0xC8,0x2E,0x68,0x0E,0x28,0x39,0x38,0x69,0xB0,0x08,0x38,0x08,0x6C,0x18,0xC6,0x00,0x00,
    0x00,0x00,0x23,0xFC,0x23,0x04,0x22,0x04,0x22,0x04,0x22,0x04,0x23,0xFC,0x23,0xFC,0x22,0x04,0x22,0x04,0x22,0x04,0x23,0xFC,
    0x23,0x04,0x22,0x04,0x00,0x00,0x00,0x00,0x00,0x00,0x02,0x00,0x3E,0x7C,0x20,0x04,0x20,0x04,0x20,0x04,0x20,0x04,0x3E,0x7C,
    0x20,0x04,0x20,0x04,0x20,0x04,0x20,0x04,0x3F,0xFC,0x20,0x04,0x00,0x00,0x00,0x00,0x02,0x00,0x3E,0x7C,0x30,0x0C,0x3E,0x7C,
    0x3F,0xFC,0x00,0x00,0x3F,0xFC,0x31,0x8C,0x31,0x8C,0x3F,0xFC,0x01,0x80,0x7F,0xFC,0x06,0x04,0x38,0x1C,0x00,0x00,0x00,0x00,
    0x08,0x20,0x08,0x20,0x1F,0x20,0x11,0x2C,0x39,0x26,0x2E,0x20,0x06,0x20,0x0F,0xE0,0x70,0xFE,0x00,0x00,0x1F,0xF8,0x18,0x18,
    0x1F,0xF8,0x1F,0xF8,0x00,0x00,0x00,0x00,0x00,0x00,0x08,0x20,0x0C,0x28,0x7F,0x24,0x00,0x24,0x00,0x30,0x3F,0xFE,0x23,0x20,
    0x23,0x38,0x3E,0x38,0x0A,0x38,0x2B,0x78,0x69,0x58,0x48,0xDA,0x19,0x8E,0x00,0x00,0x00,0x00,0x00,0xC0,0x00,0xC0,0x0F,0xFE,
    0x48,0x00,0x68,0x80,0x28,0xF8,0x09,0xF8,0x39,0x18,0x6A,0x10,0x1A,0x30,0x10,0x70,0x10,0xD8,0x31,0x8C,0x27,0x06,0x00,0x00,
    0x00,0x00,0x24,0x40,0x24,0x40,0x7F,0xFE,0x25,0x82,0x3D,0x22,0x08,0xAA,0x7E,0x2A,0x4A,0xFA,0x5A,0x62,0x7E,0x7A,0x08,0xEA,
    0x7E,0xA2,0x09,0x22,0x08,0x26,0x00,0x04,0x10,0xC0,0x10,0xC0,0x10,0xFE,0x7D,0xFE,0x1B,0x02,0x13,0x02,0x11,0xF2,0x1D,0x12,
    0x71,0x12,0x51,0xF2,0x11,0xB2,0x10,0x02,0x10,0x06,0x70,0x1C,0x00,0x08,0x00,0x00,0x00,0x00,0x24,0x00,0x3D,0xFC,0x19,0x0C,
    0x39,0x0C,0x69,0x8C,0x09,0xFC,0x09,0x0C,0x19,0x0C,0x2D,0x8C,0x69,0xFC,0x09,0x0C,0x09,0x0C,0x19,0x0C,0x37,0xFE,0x00,0x00,
    0x00,0x00,0x00,0xC0,0x00,0xC0,0x1F,0xFE,0x58,0x00,0x7B,0xF8,0x33,0x0C,0x12,0x0C,0x13,0xFC,0x73,0x0C,0x12,0x0C,0x13,0xFC,
    0x32,0x0C,0x23,0x0C,0x6F,0xFE,0x00,0x00,0x00,0x00,0x3F,0xFC,0x30,0x0C,0x3F,0xFC,0x30,0xC0,0x30,0xC0,0x3F,0xFE,0x30,0xC0,
    0x30,0xC0,0x27,0xFC,0x24,0x0C,0x24,0x0C,0x67,0xFC,0x44,0x0C,0x00,0x00,0x00,0x00,0x00,0x00,0x00,0x40,0x7C,0xC0,0x08,0xFE,
    0x09,0x86,0x69,0x02,0x4B,0xF2,0x48,0xF2,0x7C,0x96,0x04,0x96,0x04,0x96,0x74,0xF6,0x04,0x96,0x04,0x06,0x1C,0x1C,0x00,0x00,
    0x04,0x20,0x06,0x60,0x7F,0xFE,0x04,0x20,0x18,0x00,0x3F,0xFE,0x69,0x26,0x0F,0x64,0x0B,0x44,0x3F,0xF4,0x07,0xC4,0x0B,0x64,
    0x33,0x04,0x23,0x1C,0x00,0x00,0x00,0x00,0x1F,0xFC,0x18,0x0C,0x10,0x04,0x1F,0xFC,0x10,0x00,0x10,0x00,0x1F,0xFE,0x10,0x02,
    0x17,0xE2,0x16,0x22,0x36,0x22,0x27,0xE2,0x63,0xE6,0x40,0x0C,0x00,0x00,0x00,0x00,0x00,0x00,0x39,0xFC,0x79,0x0C,0x49,0x0C,
    0x49,0x0C,0x49,0xFC,0x49,0x0C,0x49,0x0C,0x69,0x0C,0x79,0xFC,0x49,0x0C,0x41,0x0C,0x01,0x0C,0x07,0xFE,0x00,0x00,0x00,0x00,
    0x00,0x00,0x10,0x00,0x30,0xFE,0x3E,0x80,0x3E,0x80,0x48,0x80,0x08,0xFC,0x08,0x84,0x7E,0x84,0x08,0x84,0x18,0xFC,0x1C,0x80,
    0x16,0x80,0x23,0x80,0x60,0xFE,0x00,0x00,0x00,0x00,0x01,0x18,0x11,0x98,0x19,0x90,0x00,0x30,0x7F,0xFE,0x04,0x20,0x0D,0xB0,
    0x19,0x9C,0x6F,0xF6,0x01,0x80,0x01,0x80,0x3F,0xFC,0x01,0x80,0x01,0x80,0x00,0x00,0x00,0x00,0x33,0xFC,0x1B,0x04,0x03,0x04,
    0x43,0x04,0x33,0xFC,0x13,0x04,0x03,0x04,0x03,0x0C,0x1B,0xFC,0x13,0x04,0x33,0x04,0x23,0x04,0x67,0xFE,0x00,0x00,0x00,0x00,
    0x3F,0x00,0x33,0x7C,0x1F,0x04,0x13,0x6C,0x1F,0x18,0x13,0x1C,0x3F,0xE6,0x31,0x78,0x1F,0xE0,0x08,0x8C,0x18,0xF0,0x66,0xB0,
    0x0C,0x9C,0x30,0x86,0x00,0x00,0x00,0x00,0x10,0x00,0x11,0xFE,0x11,0x80,0x7D,0x80,0x19,0x80,0x11,0xFC,0x11,0x84,0x1D,0x84,
    0x79,0x84,0x11,0xFC,0x11,0x80,0x11,0x80,0x11,0x80,0x31,0xFE,0x00,0x00,0x00,0x00,0x10,0x00,0x11,0xFC,0x11,0x04,0x19,0x04,
    0x7D,0xFC,0x11,0x10,0x1D,0x30,0x19,0xFE,0x71,0x10,0x13,0xFC,0x12,0x84,0x12,0x84,0x12,0x84,0x34,0xFC,0x00,0x00,0x00,0x00,
    0x00,0x00,0x00,0x00,0x3F,0xFC,0x20,0x00,0x20,0x00,0x20,0x00,0x3F,0xF8,0x20,0x08,0x20,0x08,0x30,0x18,0x3F,0xF8,0x20,0x00,
    0x20,0x00,0x20,0x00,0x3F,0xFE,0x00,0x00,0x00,0x00,0x0F,0xF0,0x08,0x10,0x0F,0xF0,0x08,0x10,0x0F,0xF0,0x08,0x10,0x0F,0xF0,
    0x08,0x10,0x18,0x18,0x7F,0xFE,0x04,0x60,0x1C,0x38,0x30,0x0C,0x00,0x00,0x00,0x00,0x00,0x00,0x3E,0xFE,0x26,0x80,0x26,0x80,
    0x3E,0x80,0x08,0xFC,0x08,0x84,0x28,0x84,0x2E,0x84,0x28,0xFC,0x28,0x80,0x2A,0x80,0x7E,0x80,0x40,0xFE,0x00,0x00,0x00,0x00,
    0x00,0xFC,0x7E,0xFE,0x66,0x82,0x66,0xFE,0x7E,0x98,0x18,0x90,0x08,0xFE,0x68,0x90,0x6F,0x90,0x69,0x7C,0x69,0x46,0x6D,0x46,
    0x7B,0x7E,0x42,0x66,0x00,0x00,0x00,0x00,0x00,0x00,0x10,0x00,0x11,0xFC,0x3F,0x04,0x61,0x04,0x41,0xFC,0x3D,0x10,0x11,0xB0,
    0x11,0xFE,0x3F,0x10,0x11,0x7C,0x11,0x44,0x1F,0x44,0x1A,0x7C,0x12,0x7C,0x00,0x00,0x00,0x00,0x18,0x00,0x1B,0xFC,0x13,0x0C,
    0x33,0xFC,0x33,0x0C,0x73,0xFC,0x53,0x0C,0x13,0xFC,0x13,0x0C,0x17,0x0E,0x17,0xFE,0x11,0x98,0x13,0x0C,0x16,0x06,0x00,0x00,
    0x00,0x00,0x0C,0x00,0x0C,0x00,0x1F,0xFC,0x18,0x04,0x20,0x04,0x60,0x04,0x1F,0xC4,0x18,0x44,0x18,0x44,0x18,0x44,0x1F,0xC4,
    0x18,0x44,0x00,0x0C,0x00,0x3C,0x00,0x10,0x18,0x00,0x19,0xFC,0x19,0x84,0x5D,0xFC,0x5F,0x84,0x59,0xFC,0x59,0x84,0x19,0x84,
    0x19,0xFC,0x19,0x84,0x1B,0xFE,0x18,0x88,0x19,0x8C,0x1B,0x06,0x00,0x00,0x00,0x00,0x00,0x00,0x18,0x00,0x18,0xFE,0x18,0x80,
    0x1A,0x80,0x5C,0x80,0x58,0xFC,0x58,0x84,0x50,0x84,0x10,0x84,0x18,0xFC,0x14,0x80,0x32,0x80,0x20,0x80,0x60,0xFE,0x00,0x00,
    0x00,0x06,0x3F,0x86,0x20,0x96,0x3F,0x96,0x3F,0x96,0x22,0x16,0x3F,0xD6,0x26,0x16,0x22,0x16,0x2F,0x96,0x68,0x96,0x48,0x86,
    0x4F,0x86,0x08,0x8C,0x00,0x08,0x00,0x00,0x00,0x00,0x10,0x00,0x10,0xFC,0x10,0x84,0x7C,0xFC,0x7C,0x00,0x10,0x00,0x11,0xFE,
    0x1D,0x02,0x79,0xFE,0x11,0x06,0x11,0xFE,0x11,0xFE,0x11,0x02,0x31,0x0E,0x00,0x00,0x00,0x00,0x00,0x20,0x7E,0x20,0x42,0xFE,
    0x42,0xC4,0x7E,0xD4,0x00,0xC4,0x7E,0xCC,0x42,0xC0,0x7E,0xFE,0x42,0x02,0x42,0xFA,0x7E,0x02,0x42,0x02,0x46,0x0E,0x40,0x00,
    0x00,0x00,0x10,0x00,0x10,0xFE,0x10,0x86,0x7C,0xFE,0x34,0x00,0x24,0x00,0x25,0xFE,0x25,0x82,0x65,0xFE,0x39,0x82,0x1D,0xFE,
    0x17,0xFE,0x31,0x82,0x61,0x8E,0x00,0x00,0x00,0x00,0x18,0x40,0x13,0x48,0x11,0x58,0x33,0xFC,0x30,0xC0,0x70,0xC0,0x57,0xFE,
    0x11,0x88,0x13,0xFC,0x17,0x96,0x11,0x90,0x11,0xB0,0x11,0x86,0x10,0xFC,0x00,0x00,0x00,0x00,0x01,0x80,0x09,0x90,0x09,0x90,
    0x3F,0xFC,0x03,0x00,0x7F,0xFE,0x04,0x30,0x0C,0x30,0x3F,0xFE,0x68,0x12,0x08,0x10,0x0F,0xF0,0x08,0x10,0x0F,0xF0,0x08,0x10,
    0x00,0x00,0x01,0x80,0x19,0x18,0x09,0x10,0x3F,0xFC,0x03,0x00,0x03,0x00,0x7F,0xFE,0x04,0x30,0x1F,0xFC,0x74,0x36,0x04,0x30,
    0x04,0x60,0x04,0x08,0x07,0xF8,0x00,0x00,0x00,0x00,0x11,0xFC,0x31,0x84,0x25,0x84,0x64,0xFC,0x7C,0x00,0x19,0xFE,0x11,0x06,
    0x21,0xFE,0x7D,0xFE,0x01,0x06,0x01,0xFE,0x7D,0x06,0x61,0x0E,0x01,0x0C,0x00,0x00,0x20,0x00,0x27,0xFE,0x24,0x48,0x75,0x48,
    0x25,0x5E,0x25,0xF4,0x24,0x84,0x35,0xA8,0x65,0xA8,0x25,0xE8,0x25,0xF8,0x24,0x9C,0x29,0x34,0x6B,0x62,0x00,0x00,0x00,0x00,
    0x13,0x9C,0x13,0xFC,0x13,0xFC,0x7B,0xFC,0x13,0xBC,0x13,0xFE,0x1B,0xFC,0x77,0x24,0x73,0xFC,0x13,0xFE,0x13,0x00,0x13,0xF8,
    0x10,0xF0,0x67,0xFE,0x00,0x00,0x00,0x00,0x00,0x00,0x10,0x40,0x10,0x40,0x11,0xFC,0x78,0x4C,0x78,0x44,0x10,0x44,0x10,0x44,
    0x1F,0xFE,0x70,0x60,0x10,0xE0,0x10,0xB0,0x11,0x98,0x13,0x0C,0x76,0x06,0x00,0x00,0x00,0x00,0x11,0xFC,0x13,0xFE,0x13,0x06,
    0x7B,0xFE,0x33,0x00,0x12,0x10,0x12,0x94,0x3A,0x94,0x72,0xFC,0x12,0x10,0x12,0x92,0x16,0x92,0x14,0x92,0x6C,0xFE,0x00,0x00,
    0x00,0x00,0x1B,0xFC,0x12,0x04,0x32,0x04,0x33,0xFC,0x72,0x00,0x52,0xB4,0x12,0xB4,0x12,0xFC,0x16,0x30,0x14,0x34,0x15,0xB4,
    0x15,0xB4,0x19,0xFC,0x00,0x00,0x00,0x00,0x00,0x0C,0x3F,0xF8,0x19,0x18,0x19,0xB0,0x36,0x64,0x36,0x64,0x00,0x08,0x3E,0x08,
    0x23,0x7C,0x3F,0x08,0x23,0x48,0x22,0x28,0x26,0x08,0x3F,0x18,0x00,0x00,0x00,0x00,0x01,0x00,0x11,0x18,0x19,0x10,0x10,0x30,
    0x7F,0xFE,0x40,0x02,0x0F,0xF0,0x18,0x10,0x19,0x10,0x19,0x10,0x19,0x90,0x02,0x80,0x06,0xC2,0x38,0xFC,0x00,0x00,0x00,0x00,
    0x00,0xC0,0x00,0xC0,0x60,0xC0,0x33,0xF8,0x10,0xC8,0x00,0xC8,0x00,0xC8,0x17,0xFE,0x10,0xC0,0x30,0xE0,0x61,0xA0,0x63,0x18,
    0x06,0x1C,0x0C,0x06,0x00,0x00,0x00,0x00,0x00,0x00,0x00,0x40,0x30,0x40,0x1B,0xF8,0x03,0xFC,0x00,0x4C,0x70,0x4C,0x10,0x4C,
    0x13,0xFE,0x10,0xE0,0x10,0xE0,0x1C,0xA0,0x19,0x90,0x33,0x1C,0x06,0x06,0x00,0x00,0x00,0x00,0x10,0x40,0x10,0xC0,0x31,0xF8,
    0x21,0x18,0x45,0x10,0x79,0xFC,0x19,0x24,0x11,0x24,0x21,0x24,0x7D,0xFC,0x01,0x00,0x01,0x00,0x7D,0x02,0x41,0xFE,0x00,0x00,
    0x10,0x40,0x10,0xC0,0x10,0xC0,0x10,0xFE,0x7D,0x86,0x11,0x46,0x11,0x66,0x10,0x26,0x10,0x16,0x10,0x36,0x1C,0xC4,0x71,0x84,
    0x00,0x04,0x00,0x1C,0x00,0x00,0x00,0x00,0x04,0x60,0x7F,0xFE,0x06,0x60,0x00,0x00,0x3F,0xFC,0x20,0x24,0x27,0xE4,0x21,0x84,
    0x2F,0xF4,0x23,0xE4,0x27,0xB4,0x29,0x84,0x21,0x84,0x3F,0xFC,0x00,0x00,0x00,0x00,0x00,0x00,0x18,0x40,0x18,0x40,0x30,0xFE,
    0x3E,0xC6,0x61,0x86,0x7D,0x46,0x18,0x66,0x10,0x26,0x7E,0x06,0x10,0x36,0x10,0xC4,0x14,0x84,0x1C,0x04,0x18,0x1C,0x00,0x00,
    0x00,0x00,0x7F,0xFE,0x61,0x06,0x23,0x00,0x1F,0xF8,0x0C,0x00,0x08,0x80,0x19,0x80,0x1F,0xF8,0x00,0x80,0x7F,0xFE,0x7F,0xFE,
    0x00,0x80,0x00,0x80,0x00,0x80,0x00,0x00,0x00,0x00,0x1F,0xF8,0x02,0x08,0x7F,0xFE,0x7F,0xFE,0x04,0x08,0x3F,0xF8,0x0C,0x00,
    0x08,0x00,0x1F,0xF8,0x34,0x08,0x64,0x08,0x07,0xF8,0x04,0x08,0x00,0x00,0x00,0x00,0x00,0x00,0x00,0x20,0x10,0x40,0x10,0xCC,
    0x11,0xFE,0x54,0x82,0x54,0xCC,0x55,0xC6,0x55,0x60,0x54,0xFC,0x54,0xC8,0x55,0x68,0x7C,0x30,0x64,0x78,0x01,0xC6,0x00,0x00,
    0x00,0x00,0x08,0x40,0x08,0x88,0x19,0x0C,0x13,0xFE,0x33,0x00,0x71,0x98,0x53,0x06,0x16,0xC2,0x10,0xF8,0x11,0x88,0x12,0x58,
    0x10,0x70,0x10,0x70,0x13,0x8E,0x12,0x00,0x00,0x00,0x10,0x60,0x10,0x48,0x10,0x8C,0x7D,0xFE,0x01,0x80,0x00,0xCC,0x45,0xC6,
    0x6F,0x60,0x28,0xF8,0x29,0xC8,0x2B,0x58,0x1C,0x70,0x60,0x70,0x03,0x8E,0x02,0x00,0x00,0x00,0x00,0xC0,0x30,0x90,0x19,0x08,
    0x03,0xFC,0x03,0x86,0x61,0x98,0x13,0x06,0x04,0xC2,0x01,0xF8,0x13,0x08,0x16,0x90,0x20,0x70,0x60,0xF0,0x47,0x8E,0x00,0x00,
    0x3F,0x3E,0x19,0x26,0x11,0x26,0x7F,0xA4,0x11,0x24,0x19,0x2C,0x7F,0x2C,0x30,0x26,0x3F,0x22,0x7F,0x22,0x51,0x26,0x11,0x2E,
    0x1F,0x20,0x11,0x20,0x00,0x20,0x00,0x00,0x00,0x00,0x00,0x60,0x7C,0x48,0x0C,0x8C,0x2D,0xFE,0x29,0x80,0x28,0x8C,0x29,0xC6,
    0x6D,0x40,0x3C,0xFC,0x05,0xC8,0x75,0x48,0x44,0x70,0x04,0x70,0x1F,0xCE,0x01,0x00,0x00,0x00,0x00,0x60,0x03,0xFE,0x7A,0x06,
    0x4A,0xC0,0x49,0xF8,0x49,0x98,0x4B,0x70,0x48,0x60,0x69,0xDC,0x7F,0x8E,0x49,0xFC,0x41,0x0C,0x01,0x8C,0x01,0xFC,0x01,0x00,
    0x01,0x00,0x01,0x00,0x7B,0x1E,0x5B,0xDA,0x49,0x5A,0x49,0x5A,0x49,0x5A,0x4B,0x5A,0x4A,0x5A,0x4A,0x5A,0x7A,0x5A,0x46,0x5E,
    0x44,0xDA,0x0D,0x92,0x00,0x00,0x00,0x00,0x01,0x00,0x01,0x00,0x01,0xF8,0x01,0x80,0x01,0x00,0x01,0x00,0x7F,0xFE,0x01,0x00,
    0x01,0x40,0x01,0x70,0x01,0x18,0x01,0x08,0x01,0x00,0x01,0x00,0x01,0x00,0x00,0x00,0x00,0x00,0x00,0xC0,0x00,0xC0,0x7D,0xF8,
    0x6D,0x88,0x6F,0xD0,0x6C,0x70,0x6C,0x70,0x6F,0x8E,0x6F,0x00,0x7D,0xFC,0x6D,0x8C,0x61,0x8C,0x01,0xFC,0x01,0x8C,0x00,0x00,
    0x00,0x00,0x3F,0xFC,0x06,0x20,0x06,0x20,0x06,0x20,0x06,0x20,0x7F,0xFE,0x7F,0xFE,0x06,0x20,0x04,0x20,0x0C,0x20,0x0C,0x20,
    0x18,0x20,0x30,0x20,0x00,0x00,0x00,0x00,0x13,0x30,0x13,0x30,0x13,0xB6,0x33,0x38,0x7B,0x30,0x13,0xB2,0x13,0x1E,0x18,0x40,
    0x73,0xFC,0x13,0x04,0x13,0xFC,0x13,0x0C,0x13,0x04,0x73,0xFC,0x00,0x00,0x00,0x00,0x10,0x10,0x13,0x14,0x13,0xDC,0x13,0x10,
    0x7B,0x10,0x33,0xD2,0x33,0x5C,0x3C,0xC0,0x77,0xFC,0x53,0x04,0x13,0xFC,0x13,0x04,0x13,0xFC,0x13,0x04,0x00,0x00,0x00,0x00,
    0x08,0x00,0x49,0x78,0x69,0x48,0x69,0x48,0x7F,0x48,0x00,0x48,0x7E,0x48,0x02,0x48,0x3E,0x48,0x20,0x48,0x20,0xC8,0x26,0x88,
    0x79,0x8A,0x23,0x0E,0x00,0x00,0x00,0x00,0x00,0x00,0x10,0x00,0x17,0xBC,0x16,0x88,0x1F,0xA8,0x7E,0xA8,0x56,0xA8,0x57,0xBE,
    0x16,0x10,0x16,0x98,0x16,0x98,0x17,0xF8,0x16,0x28,0x14,0x4A,0x10,0x8E,0x00,0x00,0x00,0x04,0x7F,0x04,0x08,0x64,0x08,0x64,
    0x08,0x64,0x08,0x64,0x7F,0x64,0x7F,0x64,0x08,0x64,0x08,0x64,0x08,0x64,0x08,0x04,0x08,0x04,0x08,0x1C,0x00,0x08,0x00,0x00,
    0x01,0x08,0x31,0x08,0x37,0xFE,0x31,0x08,0x31,0xF8,0x79,0x08,0x31,0xF8,0x31,0x08,0x37,0xFE,0x37,0xFE,0x3A,0x48,0x72,0xC4,
    0x43,0x80,0x03,0xFE,0x00,0x00,0x00,0x00,0x20,0x10,0x22,0x10,0x7F,0x10,0x33,0x30,0x32,0x7E,0x3E,0x12,0x32,0x12,0x3E,0x12,
    0x33,0x32,0x7F,0x32,0x2A,0x22,0x31,0x22,0x3F,0x66,0x00,0xCC,0x00,0x00,0x00,0x00,0x00,0x00,0x10,0xC0,0x10,0xC0,0x10,0x80,
    0x10,0xFC,0x7D,0x04,0x13,0x0C,0x12,0x60,0x10,0x60,0x10,0x60,0x14,0x60,0x3C,0xF0,0x60,0x98,0x01,0x0C,0x06,0x06,0x00,0x00,
    0x00,0x00,0x00,0x40,0x00,0x40,0x3E,0xC0,0x18,0xFE,0x11,0x82,0x11,0x34,0x3E,0x20,0x72,0x20,0x52,0x30,0x12,0x30,0x1E,0x58,
    0x16,0xC8,0x11,0x84,0x03,0x06,0x00,0x00,0x00,0x00,0x00,0x3C,0x3F,0xC0,0x01,0x00,0x1F,0xFC,0x02,0x00,0x7F,0xFE,0x04,0x00,
    0x0F,0xF8,0x1C,0x08,0x7F,0xF8,0x4C,0x08,0x0F,0xF8,0x0C,0x08,0x0F,0xF8,0x00,0x00,0x00,0x00,0x00,0x80,0x1F,0xFC,0x10,0xC0,
    0x10,0xC0,0x17,0xF8,0x10,0xCC,0x1F,0xFE,0x10,0xC8,0x37,0xF8,0x3C,0xC8,0x27,0xB8,0x22,0x90,0x6C,0x8C,0x49,0x86,0x00,0x00,
    0x00,0x00,0x10,0x20,0x13,0xFE,0x12,0x20,0x1A,0x20,0x5A,0x24,0x52,0xFE,0x52,0x24,0x12,0xFC,0x12,0x20,0x12,0xA4,0x14,0xF8,
    0x14,0xE8,0x15,0x26,0x10,0x60,0x00,0x00,0x00,0x00,0x10,0x20,0x10,0x30,0x57,0x30,0x5B,0x30,0x13,0xFC,0x7B,0x36,0x33,0x36,
    0x32,0xFC,0x3A,0x30,0x72,0xB6,0x52,0x3C,0x12,0xFC,0x15,0xA6,0x14,0x60,0x10,0x00,0x00,0x00,0x18,0x00,0x18,0x00,0x18,0xFE,
    0x7E,0x30,0x18,0x30,0x18,0x30,0x18,0x30,0x1C,0x30,0x78,0x30,0x18,0x30,0x18,0x30,0x18,0x30,0x18,0x30,0x39,0xFE,0x00,0x00,
    0x10,0x60,0x10,0x20,0x10,0x00,0x13,0xFE,0x78,0x00,0x10,0x00,0x10,0xF8,0x1C,0x98,0x78,0x98,0x50,0x98,0x10,0x98,0x11,0x98,
    0x11,0x1A,0x32,0x1E,0x00,0x00,0x00,0x00,0x00,0x00,0x01,0x00,0x01,0x80,0x00,0x00,0x7F,0xFE,0x00,0x00,0x00,0x00,0x07,0xE0,
    0x04,0x20,0x04,0x20,0x0C,0x20,0x0C,0x20,0x08,0x22,0x18,0x22,0x30,0x3E,0x00,0x00,0x00,0x00,0x10,0x60,0x10,0x20,0x10,0x20,
    0x13,0xFE,0x5C,0x00,0x58,0x00,0x50,0xF8,0x50,0x98,0x18,0x98,0x1C,0x98,0x34,0x98,0x21,0x9A,0x61,0x0A,0x42,0x0E,0x00,0x00,
    0x00,0x00,0x01,0x00,0x01,0x08,0x0F,0xF8,0x01,0x30,0x01,0x60,0x7F,0xFE,0x01,0x00,0x07,0xF8,0x19,0x00,0x63,0x00,0x03,0xF8,
    0x00,0x18,0x00,0x10,0x00,0xF0,0x00,0x80,0x10,0x40,0x10,0x46,0x11,0xF4,0x7C,0x48,0x10,0x58,0x13,0xFE,0x14,0x60,0x38,0xC0,
    0x71,0xFC,0x16,0x40,0x10,0xFC,0x10,0x04,0x10,0x0C,0x70,0x38,0x00,0x20,0x00,0x00,0x00,0x40,0x18,0x46,0x11,0xF4,0x14,0x48,
    0x7C,0x58,0x5B,0xFE,0x50,0x60,0x50,0xFC,0x13,0x60,0x1A,0x40,0x1C,0x7C,0x24,0x04,0x20,0x04,0x60,0x38,0x00,0x10,0x00,0x00,
    0x00,0x80,0x1F,0xF8,0x31,0x80,0x7F,0xFC,0x00,0x00,0x1F,0xF8,0x10,0x08,0x1F,0xF8,0x02,0x40,0x02,0x40,0x3E,0x7C,0x02,0x40,
    0x7E,0x7E,0x02,0x40,0x00,0x40,0x00,0x00,0x10,0x00,0x13,0xFE,0x10,0x0C,0x10,0x0C,0x79,0xEC,0x31,0x2C,0x11,0x2C,0x11,0x2C,
    0x11,0x2C,0x11,0x6C,0x1D,0xCC,0x78,0x0C,0x40,0x0C,0x00,0x18,0x00,0x00,0x00,0x00,0x04,0x20,0x04,0x20,0x7F,0xFE,0x04,0x20,
    0x00,0x00,0x7F,0xFE,0x00,0x08,0x1F,0x88,0x30,0x88,0x30,0x88,0x30,0x88,0x3F,0x88,0x00,0x08,0x00,0x38,0x00,0x00,0x00,0x00,
    0x10,0x00,0x13,0xFE,0x10,0x04,0x7C,0x04,0x19,0xE4,0x11,0x24,0x19,0x24,0x3D,0x24,0x35,0x24,0x51,0xE4,0x50,0xE4,0x10,0x04,
    0x10,0x04,0x10,0x1C,0x00,0x00,0x00,0x00,0x10,0x00,0x13,0xFC,0x13,0x24,0x7F,0xFC,0x33,0x24,0x33,0x64,0x39,0xFC,0x3C,0x20,
    0x73,0xFE,0x50,0x70,0x10,0xF8,0x11,0x2C,0x16,0x26,0x10,0x20,0x00,0x00,0x00,0x00,0x00,0x00,0x00,0x20,0x7C,0x20,0x11,0xFC,
    0x10,0x20,0x23,0xFE,0x3C,0x60,0x6C,0xCC,0x6D,0xFE,0x2D,0x82,0x2D,0xFC,0x3F,0x54,0x3F,0x54,0x23,0x54,0x03,0xFE,0x00,0x00,
    0x00,0x00,0x3F,0xFE,0x29,0x10,0x2B,0x10,0x3F,0x7C,0x29,0x44,0x3F,0x54,0x08,0x54,0x7F,0x54,0x18,0x54,0x1E,0x74,0x29,0x28,
    0x48,0x6C,0x08,0xC6,0x00,0x00,0x00,0x00,0x00,0x08,0x3E,0x08,0x28,0x48,0x08,0x68,0x08,0x28,0x7E,0x88,0x18,0xC8,0x1E,0x68,
    0x1B,0x0A,0x28,0x7E,0x69,0xC8,0x48,0x08,0x08,0x08,0x08,0x08,0x08,0x08,0x00,0x00,0x01,0x80,0x01,0x80,0x3F,0xFC,0x01,0x80,
    0x1F,0xF8,0x00,0x00,0x3F,0xFC,0x60,0x06,0x63,0xC6,0x07,0xE0,0x04,0x20,0x04,0x20,0x0C,0x22,0x38,0x3C,0x00,0x00,0x00,0x00,
    0x00,0x00,0x00,0x60,0x00,0x20,0x7B,0xFE,0x48,0x40,0x48,0xC0,0x49,0x98,0x4B,0xF0,0x49,0x34,0x48,0x64,0x78,0xCC,0x49,0x98,
    0x40,0x38,0x00,0xE4,0x03,0x82,0x00,0x00,0x00,0x00,0x7F,0xFE,0x00,0x18,0x00,0x18,0x1F,0x98,0x11,0x98,0x10,0x98,0x10,0x98,
    0x10,0x98,0x1F,0x98,0x10,0x98,0x10,0x18,0x00,0x18,0x00,0x70,0x00,0x20,0x00,0x00,0x03,0xFC,0x33,0x04,0x1B,0xFC,0x03,0x0C,
    0x03,0x04,0x61,0xFC,0x31,0x80,0x03,0xFE,0x06,0x62,0x1A,0x62,0x12,0xD2,0x22,0x82,0x63,0xE6,0x40,0x0C,0x00,0x08,0x00,0x00,
    0x01,0x80,0x01,0x80,0x3F,0xFC,0x01,0x80,0x01,0x80,0x1F,0xF8,0x10,0x08,0x10,0x08,0x1F,0xF8,0x02,0x40,0x06,0x40,0x04,0x40,
    0x1C,0x46,0x30,0x7C,0x00,0x00,0x00,0x00,0x00,0x00,0x0C,0x02,0x04,0x02,0x7F,0x82,0x18,0x12,0x18,0x12,0x33,0x12,0x7E,0x12,
    0x2C,0x12,0x09,0x92,0x33,0x12,0x67,0x32,0x0D,0x82,0x18,0xC2,0x60,0x0E,0x00,0x00,0x00,0x00,0x01,0x80,0x7F,0xFE,0x66,0x06,
    0x66,0x02,0x07,0xF0,0x1C,0x20,0x32,0x60,0x01,0xC0,0x07,0xF8,0x7C,0x1E,0x4F,0xF8,0x08,0x08,0x08,0x18,0x0F,0xF8,0x08,0x08,
    0x03,0xFC,0x32,0x6C,0x12,0x6C,0x03,0xFC,0x02,0x44,0x73,0xFC,0x10,0x60,0x10,0x60,0x17,0xFE,0x10,0xF0,0x19,0xF8,0x1B,0x4C,
    0x16,0x46,0x04,0x40,0x00,0x40,0x00,0x00,0x01,0x80,0x09,0xF8,0x09,0xF8,0x09,0x80,0x7F,0xFE,0x00,0x00,0x1F,0xF8,0x18,0x08,
    0x1F,0xF8,0x1F,0xF8,0x18,0x08,0x1F,0xF8,0x18,0x08,0x18,0x38,0x00,0x20,0x00,0x00,0x00,0x20,0x01,0x30,0x79,0x3C,0x49,0x20,
    0x4B,0xFE,0x48,0x00,0x49,0xFC,0x49,0x04,0x49,0x04,0x79,0xFC,0x49,0x04,0x41,0xFC,0x01,0x04,0x01,0x1C,0x00,0x00,0x00,0x00,
    0x1F,0xF8,0x30,0x08,0x30,0x08,0x3F,0xF8,0x30,0x08,0x3F,0xF8,0x30,0x8C,0x34,0x70,0x38,0x38,0x21,0x0E,0x3F,0xF8,0x01,0x80,
    0x01,0x00,0x7F,0xFE,0x00,0x00,0x00,0x00,0x1F,0xF8,0x30,0x18,0x30,0x18,0x3F,0xF8,0x30,0x08,0x3F,0xF8,0x30,0x9C,0x3E,0x70,
    0x38,0x3E,0x01,0x80,0x24,0xC8,0x24,0x0C,0x64,0x16,0x47,0xF0,0x00,0x00,0x00,0x00,0x00,0x00,0x00,0x60,0x10,0x20,0x10,0x20,
    0x13,0xFE,0x7C,0x00,0x7C,0x00,0x10,0xF8,0x10,0x98,0x10,0x98,0x10,0x98,0x1C,0x98,0x71,0x98,0x03,0x1A,0x06,0x1E,0x00,0x00,
    0x00,0x00,0x00,0x60,0x00,0x60,0x78,0x00,0x6B,0xFE,0x68,0x00,0x68,0x00,0x68,0xF0,0x68,0x90,0x68,0x90,0x79,0x90,0x69,0x90,
    0x61,0x10,0x02,0x12,0x0E,0x1E,0x00,0x00,0x00,0x00,0x01,0x80,0x01,0x80,0x3F,0xFC,0x20,0x06,0x24,0x24,0x0C,0x38,0x30,0x0C,
    0x20,0x04,0x1F,0xF8,0x01,0x80,0x01,0x80,0x01,0x80,0x01,0x80,0x7F,0xFE,0x00,0x00,0x00,0x00,0x7E,0xF8,0x18,0x98,0x18,0xD8,
    0x18,0xF8,0x1B,0x38,0x7D,0x0A,0x03,0x0E,0x02,0x00,0x14,0x88,0x34,0xCC,0x24,0x06,0x64,0x10,0x07,0xF0,0x00,0x00,0x00,0x00,
    0x00,0x20,0x7F,0xA0,0x03,0x20,0x06,0x20,0x0C,0x20,0x08,0x20,0x09,0x20,0x0F,0x20,0x78,0x20,0x48,0x20,0x08,0x20,0x08,0x20,
    0x08,0x22,0x18,0x3E,0x00,0x00,0x00,0x00,0x10,0x60,0x10,0x60,0x13,0xFE,0x32,0x02,0x7A,0xCA,0x11,0x8C,0x13,0x04,0x18,0x00,
    0x73,0xFC,0x10,0x20,0x10,0x20,0x10,0x20,0x10,0x20,0x33,0xFE,0x00,0x00,0x00,0x00,0x10,0x00,0x11,0xFE,0x11,0x00,0x19,0x04,
    0x7D,0x4C,0x11,0x68,0x11,0x38,0x19,0x18,0x71,0x38,0x11,0x2C,0x11,0x66,0x11,0x40,0x11,0x00,0x71,0xFE,0x00,0x00,0x00,0x00,
    0x00,0x00,0x1F,0xF8,0x10,0x0C,0x10,0x0C,0x10,0x0C,0x10,0x0C,0x10,0x0C,0x10,0x0C,0x10,0x0C,0x10,0x0C,0x10,0x0C,0x1F,0xFC,
    0x10,0x0C,0x00,0x00,0x00,0x00,0x00,0x00,0x00,0x00,0x08,0x00,0x08,0x00,0x08,0x7E,0x7E,0x46,0x08,0x46,0x08,0x46,0x0A,0x46,
    0x1E,0x46,0x78,0x46,0x48,0x46,0x08,0x7E,0x08,0xFE,0x08,0xC6,0x38,0x40,0x00,0x00,0x01,0x00,0x01,0x80,0x7F,0xFE,0x60,0x06,
    0x00,0x20,0x1E,0x38,0x00,0x20,0x3F,0xF8,0x1E,0x48,0x12,0x78,0x12,0x38,0x12,0x64,0x22,0x02,0x63,0xFC,0x00,0x00,0x00,0x00,
    0x18,0x30,0x18,0x30,0x18,0x30,0x7D,0xFE,0x18,0x30,0x18,0x30,0x1C,0x30,0x3C,0xFC,0x3C,0x84,0x58,0x84,0x58,0x84,0x18,0x84,
    0x18,0xFC,0x19,0x84,0x00,0x00,0x00,0x00,0x00,0x00,0x3E,0x7C,0x22,0x44,0x22,0x44,0x3E,0x7C,0x00,0x10,0x01,0x90,0x01,0x90,
    0x7F,0xFE,0x01,0x80,0x02,0x40,0x06,0x20,0x1C,0x1C,0x70,0x0E,0x00,0x00,0x00,0x00,0x00,0x00,0x01,0x80,0x3F,0xFE,0x60,0x26,
    0x6E,0x36,0x18,0x08,0x1F,0xF8,0x10,0x08,0x1F,0xF8,0x10,0x00,0x14,0x4C,0x17,0xFC,0x30,0x40,0x24,0x44,0x67,0xFC,0x00,0x04,
    0x04,0x20,0x04,0x20,0x7F,0xFE,0x04,0x20,0x05,0xA0,0x01,0x80,0x7F,0xFE,0x01,0x80,0x0F,0xF8,0x1F,0xF8,0x10,0x08,0x10,0x08,
    0x1F,0xF8,0x18,0x08,0x00,0x00,0x00,0x00,0x00,0x10,0x7F,0x50,0x14,0x7C,0x14,0xD8,0x7F,0x90,0x55,0x10,0x55,0xFE,0x55,0x00,
    0x77,0x7C,0x41,0x46,0x7F,0x46,0x41,0x46,0x7F,0x7E,0x63,0x46,0x00,0x00,0x00,0x00,0x00,0x00,0x00,0x80,0x00,0xC0,0x3F,0xFE,
    0x20,0x80,0x21,0x80,0x2F,0xFC,0x22,0x40,0x26,0x40,0x27,0xFC,0x20,0x40,0x20,0x40,0x3F,0xFE,0x60,0x40,0x40,0x40,0x00,0x40,
    0x00,0x00,0x10,0x20,0x10,0x20,0x03,0xFE,0x7B,0x20,0x0B,0x20,0x13,0xFE,0x37,0x50,0x7F,0x50,0x5B,0xFE,0x16,0x10,0x12,0x10,
    0x13,0xFE,0x16,0x10,0x14,0x10,0x10,0x10,0x00,0x00,0x01,0x00,0x01,0x00,0x7F,0xFE,0x06,0x60,0x0C,0x30,0x1F,0xFC,0x70,0x06,
    0x20,0x04,0x3F,0xFC,0x04,0x00,0x0F,0xF8,0x00,0x18,0x00,0x10,0x00,0xF0,0x00,0x40,0x00,0x00,0x10,0x40,0x30,0x40,0x37,0xFE,
    0x30,0xB0,0x79,0x98,0x33,0xFE,0x36,0x02,0x30,0x00,0x33,0xFE,0x30,0x80,0x38,0xF8,0x60,0x08,0x00,0x08,0x00,0x38,0x00,0x00,
    0x00,0x00,0x10,0x60,0x10,0x60,0x13,0xFE,0x7C,0xD0,0x10,0x88,0x13,0xFE,0x16,0x02,0x18,0x00,0x73,0xFE,0x10,0x80,0x10,0xFC,
    0x10,0x04,0x10,0x04,0x70,0x18,0x00,0x00,0x00,0x00,0x00,0x20,0x3C,0x60,0x25,0xFE,0x24,0x58,0x3C,0x88,0x19,0xFE,0x09,0x02,
    0x28,0x00,0x2D,0xFE,0x28,0x40,0x28,0xFC,0x2E,0x04,0x78,0x04,0x40,0x1C,0x00,0x10,0x00,0x20,0x3C,0x20,0x25,0xFE,0x24,0x50,
    0x24,0xC8,0x3D,0xFE,0x25,0x02,0x24,0x00,0x3D,0xFE,0x24,0x40,0x24,0x7C,0x64,0x04,0x44,0x04,0x4C,0x1C,0x00,0x00,0x00,0x00,
    0x10,0x40,0x10,0x40,0x10,0x40,0x13,0xFC,0x7C,0x4C,0x10,0x4C,0x10,0x4C,0x13,0xFE,0x10,0xE0,0x14,0xE0,0x38,0xB0,0x61,0x98,
    0x03,0x0C,0x06,0x06,0x00,0x00,0x00,0x00,0x08,0x20,0x1F,0x60,0x36,0x7E,0x64,0x88,0x00,0x40,0x10,0x40,0x55,0xFC,0x54,0x4C,
    0x50,0x4C,0x53,0xFE,0x10,0xE0,0x10,0xB0,0x11,0x98,0x17,0x0E,0x00,0x00,0x00,0x00,0x00,0x00,0x00,0x40,0x08,0xE0,0x18,0xB0,
    0x11,0x98,0x33,0x0C,0x36,0x06,0x75,0xF0,0x50,0x00,0x17,0xFC,0x10,0xC0,0x10,0x80,0x11,0x98,0x13,0x1C,0x13,0xEC,0x00,0x00,
    0x10,0x40,0x10,0x40,0x10,0x40,0x1B,0xF8,0x54,0x48,0x54,0x48,0x50,0x48,0x53,0xFE,0x10,0xE0,0x10,0xE0,0x10,0x90,0x11,0x98,
    0x13,0x0C,0x16,0x06,0x10,0x00,0x00,0x00,0x00,0x00,0x01,0x80,0x01,0x80,0x7F,0xFE,0x42,0x46,0x1F,0xF8,0x06,0x40,0x06,0x40,
    0x1F,0xF8,0x19,0x18,0x19,0x18,0x1B,0x58,0x02,0x40,0x06,0x42,0x78,0x7E,0x20,0x00,0x0C,0x00,0x0C,0x30,0x7F,0xA0,0x0C,0x3E,
    0x3F,0x62,0x00,0x46,0x3F,0x10,0x00,0x10,0x7F,0x10,0x0C,0x10,0x2C,0x38,0x6D,0x28,0x4D,0x44,0x18,0xC2,0x00,0x00,0x00,0x00,
    0x00,0x00,0x7F,0xFE,0x60,0x00,0x6F,0xFC,0x60,0xC0,0x60,0xC0,0x60,0xC0,0x67,0xF8,0x60,0xC0,0x60,0xC0,0x6F,0xFC,0x60,0x00,
    0x60,0x00,0x7F,0xFE,0x00,0x00,0x00,0x00,0x00,0x00,0x10,0x60,0x18,0x60,0x3F,0xFE,0x64,0x88,0x04,0x08,0x3F,0xFC,0x20,0x00,
    0x27,0xF8,0x20,0x80,0x27,0xF8,0x20,0x80,0x2F,0xFC,0x20,0x00,0x3F,0xFC,0x00,0x00,0x00,0x00,0x24,0x00,0x3D,0xFE,0x18,0x30,
    0x38,0x20,0x68,0x20,0x08,0x20,0x0C,0xFC,0x1C,0x30,0x2C,0x20,0x4C,0x20,0x0C,0x20,0x08,0x20,0x19,0xFE,0x31,0x00,0x00,0x00,
    0x10,0x00,0x11,0xFE,0x11,0x00,0x11,0x00,0x7D,0x7C,0x11,0x10,0x31,0x10,0x3D,0x7C,0x75,0x10,0x51,0x10,0x11,0xFE,0x11,0x00,
    0x11,0x00,0x11,0xFE,0x00,0x00,0x00,0x00,0x00,0x00,0x00,0x30,0x00,0x10,0x7E,0xFE,0x10,0x80,0x10,0x80,0x30,0x80,0x3E,0x80,
    0x76,0x80,0x76,0x80,0x36,0x80,0x36,0x80,0x3F,0x80,0x35,0x00,0x03,0x00,0x00,0x00,0x00,0x00,0x00,0x00,0x7D,0xFE,0x45,0x00,
    0x45,0x7C,0x7D,0x30,0x45,0x10,0x45,0x30,0x7D,0x7C,0x45,0x10,0x45,0x10,0x6D,0x7E,0x7D,0x00,0x41,0x00,0x01,0xFE,0x00,0x00,
    0x00,0x00,0x00,0x30,0x00,0x10,0x7C,0x10,0x44,0xFE,0x44,0x80,0x44,0x80,0x7C,0x80,0x44,0x80,0x45,0x80,0x7D,0x80,0x65,0x80,
    0x41,0x00,0x01,0x00,0x03,0x00,0x00,0x00,0x00,0x00,0x23,0xFC,0x32,0x0C,0x12,0x0C,0x02,0x0C,0x02,0x0C,0x03,0xFC,0x09,0xA0,
    0x11,0xA0,0x31,0x20,0x21,0x20,0x63,0x22,0x46,0x32,0x0C,0x1E,0x00,0x00,0x00,0x00,0x00,0x00,0x1F,0xF8,0x00,0x00,0x00,0x00,
    0x7F,0xFE,0x7F,0xFE,0x04,0x00,0x0C,0x00,0x0F,0xF8,0x00,0x18,0x00,0x10,0x00,0x10,0x00,0x30,0x00,0xE0,0x00,0x80,0x00,0x00,
    0x00,0x00,0x06,0x00,0x3F,0xFE,0x0C,0xC0,0x08,0xC0,0x0A,0xC8,0x16,0xD8,0x31,0xA0,0x63,0x18,0x0E,0x0E,0x1F,0xF8,0x3F,0xF8,
    0x32,0x48,0x32,0x48,0x7F,0xFE,0x00,0x00,0x00,0x00,0x01,0x80,0x21,0x84,0x21,0x84,0x3F,0xFC,0x00,0x00,0x04,0x00,0x64,0xFE,
    0x64,0x02,0x64,0x02,0x64,0xFE,0x4C,0x02,0x08,0x02,0x19,0xFE,0x70,0x02,0x00,0x00,0x00,0x00,0x01,0x80,0x7F,0xFE,0x42,0x02,
    0x4E,0x3A,0x10,0x08,0x18,0xFC,0x19,0x8C,0x3D,0xAC,0x19,0xAC,0x7F,0xAC,0x18,0x70,0x14,0x70,0x24,0xD2,0x63,0x9E,0x00,0x00,
    0x04,0x20,0x7F,0xFE,0x04,0x20,0x06,0x08,0x3E,0x50,0x02,0x64,0x14,0x38,0x1F,0xF8,0x31,0x8E,0x61,0x82,0x1F,0xF8,0x01,0xC0,
    0x02,0x70,0x1C,0x1C,0x10,0x00,0x00,0x00,0x00,0x00,0x01,0x00,0x01,0x00,0x7F,0xFE,0x06,0x20,0x0C,0xB0,0x18,0x98,0x7F,0xF6,
    0x40,0x80,0x1F,0xFC,0x00,0x80,0x01,0x80,0x1F,0xF8,0x00,0x80,0x3F,0xFE,0x00,0x00,0x00,0x00,0x08,0x08,0x08,0x08,0x3F,0x68,
    0x29,0x28,0x3F,0x08,0x29,0x48,0x2D,0x28,0x3F,0x0E,0x0C,0x7C,0x0D,0x08,0x1C,0x88,0x17,0xC8,0x24,0x02,0x67,0xFE,0x00,0x00,
    0x00,0x00,0x08,0xC0,0x18,0x80,0x13,0xFC,0x12,0x44,0x32,0x4C,0x73,0xFC,0x52,0x44,0x13,0xFC,0x12,0x60,0x10,0xA8,0x10,0xAE,
    0x11,0x3A,0x13,0x22,0x16,0x3E,0x10,0x00,0x10,0x20,0x31,0xFC,0x31,0x24,0x3D,0x64,0x49,0xFC,0x40,0x60,0x33,0xFE,0x30,0x00,
    0x31,0xFC,0x31,0x24,0x31,0x24,0x38,0x60,0x30,0x5C,0x03,0x86,0x02,0x00,0x00,0x00,0x00,0x00,0x10,0x40,0x10,0xC0,0x13,0xFC,
    0x12,0x44,0x5F,0xFC,0x57,0x6C,0x52,0x44,0x13,0xFC,0x12,0x60,0x10,0xA8,0x10,0xBE,0x11,0x3A,0x13,0x22,0x16,0x3E,0x00,0x00,
    0x00,0x00,0x00,0x60,0x23,0xFC,0x3A,0x64,0x03,0x6C,0x00,0x60,0x60,0x60,0x37,0xFE,0x03,0xFC,0x12,0x04,0x12,0x64,0x22,0x44,
    0x60,0x40,0x40,0x98,0x07,0x04,0x00,0x00,0x00,0x00,0x10,0x20,0x10,0x20,0x11,0xFE,0x13,0x26,0x7F,0x26,0x33,0xFE,0x13,0xFE,
    0x13,0x26,0x13,0x26,0x13,0xFE,0x3B,0x22,0x60,0x20,0x00,0x20,0x00,0x20,0x00,0x20,0x00,0x00,0x1F,0xF8,0x10,0x18,0x1F,0xF8,
    0x10,0x18,0x10,0x18,0x1F,0xF8,0x30,0x40,0x30,0x40,0x3E,0x5C,0x30,0x70,0x30,0x40,0x3E,0x42,0x38,0x7E,0x00,0x00,0x00,0x00,
    0x11,0xFE,0x13,0xFE,0x13,0x22,0x13,0x22,0x7F,0xFA,0x13,0xFA,0x13,0x62,0x1F,0x7A,0x73,0xAA,0x13,0xA2,0x13,0x22,0x13,0x22,
    0x13,0x06,0x33,0xFE,0x20,0x00,0x00,0x00,0x00,0x00,0x3F,0xFC,0x20,0x04,0x21,0x84,0x2F,0xF4,0x23,0x84,0x23,0x84,0x23,0xE4,
    0x25,0xB4,0x2D,0x94,0x21,0x84,0x20,0x84,0x3F,0xFC,0x20,0x04,0x00,0x00,0x00,0x00,0x00,0x00,0x10,0x0C,0x11,0xF0,0x10,0x20,
    0x18,0x20,0x7B,0xFE,0x10,0x30,0x10,0x20,0x1C,0x20,0x71,0xFC,0x11,0x04,0x11,0x04,0x11,0x04,0x11,0xFC,0x31,0x04,0x00,0x00,
    0x00,0x00,0x18,0x30,0x18,0x10,0x18,0xFE,0x7D,0x80,0x58,0x80,0x18,0x80,0x18,0x80,0x1C,0x80,0x79,0x80,0x19,0x80,0x19,0x00,
    0x19,0x00,0x13,0x00,0x32,0x00,0x00,0x00,0x00,0x00,0x00,0x80,0x3F,0xFC,0x23,0x00,0x23,0x00,0x2F,0x9E,0x27,0x94,0x2C,0x94,
    0x2F,0x9C,0x2F,0x94,0x21,0x92,0x23,0x12,0x2F,0x9E,0x63,0x10,0x46,0x10,0x00,0x00,0x00,0x00,0x10,0x00,0x19,0xFE,0x00,0x06,
    0x68,0x76,0x65,0xC6,0x60,0x46,0x7B,0xFE,0x68,0x46,0x61,0xF6,0x6D,0x96,0x69,0x16,0x79,0xF6,0x70,0x06,0x60,0x0C,0x00,0x00,
    0x00,0x00,0x00,0x40,0x10,0x60,0x10,0x20,0x13,0xFE,0x10,0x00,0x7C,0x04,0x11,0x0C,0x10,0x88,0x10,0x88,0x10,0xC8,0x1C,0x50,
    0x70,0x50,0x40,0x30,0x03,0xFE,0x00,0x00,0x00,0x00,0x18,0x40,0x18,0x60,0x18,0x20,0x7D,0xFE,0x18,0x00,0x18,0x04,0x1D,0x8C,
    0x18,0x88,0x78,0x88,0x18,0xC8,0x18,0x58,0x18,0x10,0x10,0x30,0x33,0xFE,0x00,0x00,0x00,0x82,0x00,0x82,0x7F,0xEA,0x58,0x8A,
    0x5B,0xEA,0x5E,0xAA,0x5E,0xAA,0x5F,0xAA,0x5B,0xEA,0x79,0x8A,0x5B,0xE2,0x46,0xA2,0x0C,0x82,0x00,0x86,0x00,0x00,0x00,0x00,
    0x00,0x00,0x10,0x48,0x10,0x48,0x11,0xFE,0x7E,0x48,0x56,0x48,0x57,0xFE,0x56,0x00,0x7E,0x00,0x7E,0xFC,0x10,0x84,0x16,0xFC,
    0x1E,0x84,0x7A,0x84,0x00,0xFC,0x00,0x84,0x00,0x48,0x3C,0x48,0x25,0xFE,0x24,0xD8,0x3C,0x48,0x2F,0xFE,0x24,0x00,0x24,0xF8,
    0x3C,0xFC,0x24,0x84,0x24,0xFC,0x64,0x84,0x4C,0xFC,0x48,0x8C,0x00,0x00,0x00,0x00,0x00,0x00,0x10,0x30,0x10,0x30,0x7D,0xFE,
    0x00,0x30,0x08,0x30,0x29,0xFE,0x29,0xB6,0x7D,0xB6,0x11,0xFC,0x18,0x78,0x7C,0xF8,0x10,0xB6,0x23,0x32,0x60,0x30,0x00,0x00,
    0x01,0x10,0x01,0x10,0x01,0x00,0x79,0x00,0x4F,0xBE,0x49,0x00,0x49,0x24,0x49,0xA4,0x4F,0x24,0x49,0x24,0x79,0x28,0x49,0x28,
    0x41,0x08,0x07,0x7E,0x00,0x00,0x00,0x00,0x04,0x20,0x04,0x20,0x7F,0xFE,0x05,0xA0,0x01,0x80,0x3F,0xFC,0x01,0x90,0x0D,0xB0,
    0x0D,0xB0,0x7F,0xFE,0x05,0xE0,0x0D,0x98,0x31,0x8E,0x21,0x80,0x00,0x00,0x00,0x00,0x01,0x00,0x01,0x80,0x3F,0xFC,0x01,0x80,
    0x09,0x90,0x0D,0xB0,0x01,0xA0,0x7F,0xFE,0x03,0xC0,0x05,0xE0,0x09,0xB0,0x31,0x9E,0x61,0x86,0x01,0x80,0x00,0x00,0x00,0x00,
    0x00,0x00,0x08,0x20,0x08,0x60,0x7F,0x7C,0x08,0x88,0x08,0x98,0x7E,0xFE,0x4A,0xC6,0x7A,0xD6,0x3E,0xD6,0x18,0xD6,0x3E,0xB6,
    0x6A,0x28,0x48,0x6C,0x09,0xC6,0x00,0x00,0x00,0x00,0x04,0x60,0x7F,0xFE,0x06,0x60,0x00,0x00,0x06,0x60,0x36,0x7E,0x36,0xD0,
    0x36,0x90,0x36,0x18,0x00,0x00,0x1F,0xFC,0x12,0x4C,0x12,0x4C,0x7F,0xFE,0x00,0x00,0x08,0x30,0x08,0x30,0x7E,0xFE,0x18,0x38,
    0x3E,0x7C,0x6B,0xB6,0x48,0xB2,0x03,0x00,0x7F,0xFE,0x04,0x20,0x0E,0x40,0x01,0xC0,0x03,0x38,0x3C,0x0C,0x00,0x00,0x00,0x00,
    0x18,0x08,0x18,0x88,0x18,0x48,0x18,0x50,0x7D,0xFE,0x18,0x00,0x18,0x00,0x3C,0x00,0x3E,0xFC,0x78,0x00,0x58,0x00,0x18,0x00,
    0x19,0xFE,0x18,0x02,0x00,0x00,0x00,0x00,0x10,0x00,0x10,0x8C,0x10,0xC8,0x18,0x18,0x7D,0xFE,0x10,0x00,0x18,0x00,0x1C,0x00,
    0x71,0xFC,0x10,0x00,0x10,0x00,0x10,0x00,0x13,0xFE,0x33,0xFE,0x00,0x00,0x00,0x00,0x00,0x00,0x18,0x20,0x1F,0x7E,0x3C,0xD8,
    0x64,0x08,0x00,0x60,0x12,0x7E,0x12,0xC0,0x12,0x90,0x12,0x18,0x00,0x00,0x1F,0xF8,0x12,0x48,0x12,0x48,0x7F,0xFE,0x00,0x00,
    0x00,0x00,0x11,0xFC,0x18,0x04,0x00,0x04,0x41,0x84,0x4F,0xF4,0x4F,0xE4,0x49,0xB4,0x4F,0x54,0x49,0x94,0x4F,0xE4,0x43,0xC4,
    0x4D,0x24,0x49,0x04,0x40,0x0C,0x00,0x00,0x00,0x00,0x08,0x10,0x0C,0x30,0x06,0x20,0x00,0x60,0x3F,0xFC,0x00,0x00,0x00,0x00,
    0x00,0x00,0x1F,0xF8,0x00,0x00,0x00,0x00,0x00,0x00,0x3F,0xFE,0x7F,0xFE,0x00,0x00,0x00,0x00,0x22,0x7E,0x32,0x7E,0x00,0x42,
    0x05,0xFA,0x44,0x42,0x25,0xFA,0x05,0x4A,0x05,0xFA,0x05,0xFA,0x25,0xF2,0x24,0xD2,0x65,0x5A,0x47,0x42,0x44,0x46,0x00,0x04,
    0x00,0x00,0x02,0x7E,0x23,0x02,0x30,0x62,0x05,0xFA,0x04,0x62,0x65,0xFA,0x25,0x6A,0x25,0xFA,0x25,0xFA,0x24,0xF2,0x34,0xFA,
    0x35,0x6A,0x25,0x62,0x04,0x06,0x04,0x04,0x10,0x90,0x12,0x90,0x12,0xBE,0x32,0xA0,0x72,0x88,0x10,0x80,0x13,0xFC,0x3B,0x0C,
    0x72,0x44,0x12,0x44,0x12,0xE4,0x10,0xA0,0x31,0x22,0x76,0x1E,0x00,0x00,0x00,0x00,0x00,0x00,0x04,0x40,0x24,0x40,0x24,0xFE,
    0x24,0x80,0x25,0x98,0x24,0x08,0x00,0x00,0x1F,0xF0,0x18,0x10,0x19,0x10,0x1B,0xD0,0x02,0xC0,0x0C,0xC2,0x78,0x7E,0x00,0x00,
    0x00,0x00,0x11,0x10,0x11,0x10,0x17,0xBC,0x59,0x68,0x59,0x3E,0x57,0xE2,0x55,0x6A,0x17,0xEA,0x17,0xAA,0x13,0xAA,0x17,0x6A,
    0x15,0x18,0x19,0x1C,0x11,0x66,0x00,0x00,0x00,0x90,0x12,0x90,0x22,0x9E,0x22,0xA0,0x4A,0xE8,0x78,0x80,0x11,0xF8,0x33,0x0C,
    0x23,0x64,0x7B,0x44,0x03,0x74,0x18,0xF0,0x71,0xB2,0x07,0x3E,0x00,0x00,0x00,0x00,0x00,0x00,0x10,0x84,0x10,0x8C,0x10,0xC8,
    0x10,0x18,0x5D,0xFE,0x5C,0x00,0x58,0x00,0x50,0x00,0x11,0xFC,0x18,0x00,0x1C,0x00,0x34,0x00,0x20,0x00,0x63,0xFE,0x00,0x00,
    0x00,0x00,0x00,0x90,0x34,0x90,0x14,0x90,0x04,0xBE,0x04,0xA0,0x64,0xC8,0x34,0x8C,0x00,0x80,0x07,0xFC,0x14,0xB4,0x24,0xA4,
    0x24,0xA4,0x24,0xA4,0x4F,0xFE,0x00,0x00,0x00,0x00,0x00,0x40,0x00,0x20,0x7D,0xFC,0x11,0x04,0x11,0x84,0x11,0xFC,0x7D,0x04,
    0x11,0xFC,0x11,0xA0,0x11,0x26,0x11,0x1C,0x1D,0x18,0x61,0xCC,0x01,0x86,0x00,0x00,0x10,0x00,0x11,0x80,0x11,0x1E,0x7B,0xD6,
    0x32,0x54,0x33,0xD4,0x3A,0x54,0x3E,0x54,0x73,0xD2,0x52,0x12,0x12,0x92,0x12,0xDE,0x13,0x50,0x12,0x10,0x00,0x00,0x00,0x00,
    0x00,0x00,0x00,0x20,0x24,0x20,0x19,0xFC,0x19,0x04,0x69,0x8C,0x49,0xFC,0x09,0x04,0x1D,0xFC,0x3D,0x20,0x6D,0x24,0x0D,0x18,
    0x09,0x18,0x19,0xCE,0x31,0x86,0x00,0x00,0x00,0x00,0x00,0x80,0x3F,0xFE,0x20,0x00,0x22,0x00,0x27,0xBC,0x2C,0xB4,0x2F,0xB4,
    0x2C,0xB8,0x2C,0xB4,0x2F,0xB4,0x2D,0x32,0x6D,0xB6,0x6F,0xBC,0x4C,0x30,0x00,0x00,0x00,0x00,0x18,0x00,0x08,0x7E,0x7F,0x64,
    0x63,0x64,0x63,0x6C,0x7F,0x68,0x63,0x68,0x63,0x64,0x7F,0x66,0x64,0x62,0x66,0x62,0x6E,0x6E,0x7B,0x68,0x60,0x60,0x00,0x00,
    0x00,0x00,0x08,0x00,0x08,0x7C,0x3E,0x44,0x22,0x44,0x22,0x44,0x3E,0x7C,0x22,0x44,0x3E,0x44,0x3E,0x7C,0x24,0x44,0x26,0x44,
    0x2F,0x84,0x30,0x84,0x21,0x1C,0x00,0x08,0x00,0x00,0x00,0x40,0x20,0x40,0x1B,0xFC,0x02,0x0C,0x02,0x0C,0x63,0xFC,0x32,0x0C,
    0x03,0xFC,0x02,0x40,0x12,0x64,0x12,0x38,0x22,0x30,0x63,0x9C,0x43,0x06,0x00,0x00,0x10,0xC8,0x10,0xD8,0x13,0xFE,0x10,0xC8,
    0x7C,0x00,0x13,0xFE,0x12,0x02,0x18,0x60,0x73,0xFC,0x10,0x44,0x10,0x44,0x10,0xC4,0x10,0x84,0x33,0x1C,0x00,0x00,0x00,0x00,
    0x04,0x20,0x04,0x60,0x7F,0xFE,0x04,0x60,0x00,0x00,0x3F,0xFE,0x21,0x06,0x21,0x04,0x1F,0xF8,0x03,0x18,0x02,0x08,0x06,0x08,
    0x0C,0x18,0x38,0x70,0x20,0x00,0x00,0x00,0x00,0x00,0x01,0x00,0x01,0x80,0x7F,0xFE,0x60,0x06,0x20,0x80,0x08,0x80,0x1F,0xF8,
    0x10,0x80,0x10,0x80,0x01,0x80,0x7F,0xFE,0x00,0x80,0x00,0x80,0x00,0x80,0x00,0x80,0x03,0x00,0x03,0x08,0x1F,0xC8,0x1F,0xF8,
    0x03,0x30,0x03,0x60,0x7F,0xFE,0x01,0x80,0x06,0x10,0x0C,0x60,0x77,0x80,0x46,0x00,0x04,0x0C,0x07,0xF8,0x00,0x00,0x00,0x00,
    0x08,0x40,0x08,0x44,0x1B,0xF4,0x10,0xCC,0x30,0x58,0x37,0xFE,0x70,0x60,0x10,0xC0,0x11,0x8C,0x17,0xB8,0x14,0xE0,0x10,0x80,
    0x10,0x86,0x10,0xFC,0x10,0x00,0x00,0x00,0x10,0x00,0x10,0x40,0x10,0x66,0x7D,0xFC,0x34,0x48,0x24,0x78,0x25,0xFE,0x24,0x60,
    0x68,0xC0,0x3B,0xDC,0x1A,0xE0,0x1C,0xC0,0x24,0xC2,0x60,0x7E,0x00,0x00,0x00,0x00,0x00,0x00,0x00,0x20,0x7F,0x60,0x14,0x7C,
    0x14,0xE4,0x7F,0xA8,0x55,0x18,0x55,0x38,0x55,0xC6,0x77,0x7C,0x41,0x44,0x7F,0x44,0x43,0x44,0x43,0x7C,0x7F,0x44,0x00,0x44,
    0x00,0x00,0x10,0x40,0x10,0xC0,0x10,0xFC,0x55,0x88,0x5D,0x58,0x58,0x70,0x50,0x70,0x11,0xCC,0x13,0x06,0x18,0xFC,0x3C,0x84,
    0x24,0x84,0x60,0xFC,0x40,0x8C,0x00,0x80,0x01,0x98,0x31,0x98,0x17,0xFE,0x01,0x98,0x00,0x88,0x67,0xFE,0x36,0x02,0x04,0x42,
    0x00,0xC0,0x33,0xFC,0x20,0x84,0x21,0x84,0x61,0x0C,0x67,0x18,0x00,0x00,0x00,0x00,0x12,0x30,0x32,0x30,0x7F,0x30,0x32,0xFE,
    0x1E,0x32,0x08,0x32,0x7F,0x32,0x69,0x22,0x7F,0x22,0x0C,0x22,0x0C,0x62,0x7F,0x42,0x08,0xC6,0x09,0x8E,0x00,0x00,0x00,0x00,
    0x00,0x08,0x1F,0xF8,0x18,0x00,0x10,0x80,0x10,0x80,0x30,0x80,0x3F,0xFE,0x21,0x80,0x00,0x80,0x0C,0x90,0x18,0x98,0x30,0x8C,
    0x20,0x84,0x03,0x80,0x02,0x00,0x00,0x00,0x1F,0xF8,0x01,0x80,0x7F,0xFE,0x61,0x86,0x5D,0xBA,0x01,0x80,0x1D,0xB8,0x01,0x80,
    0x1F,0xF8,0x11,0x88,0x1F,0xF8,0x11,0x88,0x11,0x88,0x1F,0xF8,0x10,0x00,0x00,0x00,0x10,0x00,0x11,0xFC,0x30,0x20,0x3B,0xFE,
    0x63,0xAA,0x78,0x20,0x30,0xA8,0x10,0x00,0x7D,0xFC,0x11,0x24,0x11,0xFC,0x1D,0x24,0x19,0x24,0x11,0xFC,0x01,0x04,0x00,0x00,
    0x00,0x00,0x06,0x60,0x7F,0xFC,0x06,0x60,0x01,0x80,0x7F,0xFE,0x41,0x82,0x5E,0xBA,0x0C,0xB8,0x00,0x00,0x1F,0xFC,0x11,0x8C,
    0x1F,0xFC,0x11,0x8C,0x1F,0xFC,0x00,0x00,0x3F,0xFC,0x06,0x00,0x06,0x00,0x0F,0xF8,0x3C,0x18,0x67,0xF8,0x00,0x00,0x7E,0x7E,
    0x18,0x20,0x10,0x20,0x3E,0x7C,0x72,0xE4,0x72,0x64,0x32,0x64,0x00,0x00,0x00,0x00,0x1F,0xF8,0x31,0x8C,0x31,0x8C,0x3F,0xFC,
    0x31,0x8C,0x1F,0xF8,0x06,0x30,0x1F,0xC0,0x03,0x18,0x3F,0xFC,0x39,0x80,0x0D,0xB0,0x39,0x9C,0x23,0x84,0x00,0x00,0x00,0x00,
    0x00,0x00,0x1B,0xFC,0x12,0x44,0x33,0xFC,0x32,0x44,0x73,0xFC,0x70,0x00,0x17,0xBE,0x1F,0xAE,0x1A,0xAA,0x1F,0xBE,0x1A,0xAA,
    0x1F,0xAE,0x3F,0xBE,0x00,0x00,0x00,0x00,0x00,0x00,0x01,0x00,0x03,0x30,0x04,0x18,0x0F,0xF8,0x00,0x20,0x10,0x24,0x32,0x44,
    0x7F,0xFE,0x30,0x00,0x00,0x80,0x1F,0xFC,0x01,0x80,0x00,0x80,0x7F,0xFE,0x00,0x00,0x13,0xFC,0x10,0x60,0x13,0xFE,0x7E,0x62,
    0x17,0xBA,0x10,0x20,0x19,0xB8,0x78,0x20,0x73,0xFC,0x12,0x24,0x13,0xFC,0x12,0x64,0x13,0x64,0x33,0xFC,0x00,0x00,0x00,0x00,
    0x00,0x20,0x3C,0x20,0x24,0x20,0x24,0x20,0x24,0xFE,0x3C,0x22,0x24,0x26,0x24,0x26,0x3C,0x66,0x24,0x66,0x64,0x44,0x64,0xC4,
    0x44,0x84,0x4D,0x9C,0x00,0x00,0x00,0x00,0x00,0x88,0x08,0x98,0x04,0xB0,0x3F,0xFE,0x03,0xA0,0x06,0xB0,0x0C,0x9C,0x30,0x84,
    0x00,0x80,0x7F,0xFE,0x01,0xC0,0x03,0x60,0x06,0x30,0x38,0x0E,0x20,0x00,0x00,0x00,0x00,0x00,0x33,0xFC,0x1B,0x04,0x02,0x04,
    0x03,0x04,0x73,0xFC,0x1A,0x04,0x02,0x04,0x0B,0xFC,0x0B,0x04,0x1A,0x04,0x12,0x04,0x33,0xFC,0x62,0x04,0x00,0x00,0x00,0x00,
    0x10,0x20,0x10,0x20,0x11,0xFC,0x78,0x20,0x33,0xFE,0x31,0x08,0x39,0x4C,0x3F,0xC2,0x70,0xF8,0x51,0xD8,0x13,0x50,0x10,0x70,
    0x10,0x78,0x13,0x8E,0x00,0x00,0x00,0x00,0x10,0x00,0x11,0xFE,0x11,0x56,0x11,0x56,0x7D,0x7E,0x11,0xFC,0x30,0x20,0x3D,0xFE,
    0x74,0x40,0x50,0x40,0x10,0xFC,0x10,0x84,0x11,0x84,0x13,0x1C,0x10,0x00,0x00,0x00,0x00,0x00,0x00,0x40,0x00,0x40,0x20,0xE0,
    0x31,0x90,0x11,0x18,0x06,0x4E,0x04,0x22,0x10,0x00,0x13,0xFC,0x20,0x18,0x60,0x10,0x41,0xE0,0x40,0x60,0x00,0x30,0x00,0x00,
    0x1F,0xFE,0x3F,0xFE,0x20,0x00,0x27,0xFC,0x24,0x44,0x27,0xFC,0x24,0xCC,0x24,0x44,0x27,0xFC,0x20,0x40,0x27,0xFC,0x20,0xC0,
    0x60,0x40,0x4F,0xFE,0x00,0x00,0x00,0x00,0x01,0x04,0x3F,0x04,0x04,0x24,0x3F,0xA4,0x3F,0xA4,0x1F,0x24,0x35,0x84,0x64,0x0C,
    0x04,0x88,0x7F,0xFE,0x03,0xE0,0x0C,0xB0,0x38,0x9E,0x60,0x86,0x00,0x00,0x00,0x00,0x00,0x00,0x07,0x06,0x3C,0x16,0x04,0x36,
    0x7F,0xB6,0x1D,0x36,0x35,0x86,0x64,0x8E,0x08,0x8C,0x0D,0x88,0x1F,0xF8,0x00,0x80,0x7F,0xFE,0x00,0x80,0x00,0x80,0x00,0x80,
    0x00,0x00,0x06,0x20,0x3C,0x60,0x08,0xFE,0x7E,0x92,0x1E,0x22,0x2B,0x66,0x49,0x8C,0x06,0xC0,0x0C,0x38,0x79,0xAE,0x0D,0xE0,
    0x07,0xE0,0x1D,0xB0,0x13,0x88,0x01,0x00,0x00,0x00,0x18,0x20,0x1F,0x7E,0x64,0xC8,0x44,0x88,0x7F,0xFE,0x04,0x60,0x13,0xC8,
    0x17,0xE8,0x1F,0xF8,0x01,0x00,0x3F,0xFC,0x22,0x44,0x2F,0xE4,0x20,0x0C,0x00,0x08,0x00,0x00,0x04,0x00,0x2D,0xFE,0x19,0x26,
    0x39,0x26,0x49,0xFE,0x09,0x26,0x09,0x26,0x19,0xFE,0x28,0x20,0x48,0x20,0x0B,0xFE,0x08,0x20,0x18,0x20,0x33,0xFE,0x00,0x00,
    0x00,0x00,0x01,0x00,0x7F,0xFE,0x00,0x20,0x07,0x60,0x11,0xC4,0x16,0x34,0x1F,0xFC,0x01,0x00,0x01,0x00,0x3F,0xFE,0x26,0x26,
    0x2C,0xF6,0x2F,0x16,0x20,0x0E,0x00,0x08,0x00,0x00,0x00,0x40,0x27,0xFE,0x10,0x00,0x00,0xB0,0x06,0x64,0x66,0xF4,0x16,0x14,
    0x03,0xFC,0x10,0x40,0x37,0xFE,0x24,0x92,0x25,0xBA,0x65,0x8A,0x44,0x06,0x04,0x04,0x00,0x00,0x01,0xFE,0x7D,0x26,0x11,0x26,
    0x11,0xFE,0x11,0x26,0x7D,0x26,0x11,0xFE,0x10,0x20,0x10,0x20,0x11,0xFE,0x3C,0x20,0x60,0x20,0x03,0xFE,0x00,0x00,0x00,0x00,
    0x00,0x00,0x01,0x80,0x01,0x80,0x3F,0xFE,0x07,0xE0,0x0D,0xB0,0x39,0x9E,0x7F,0xF6,0x00,0x70,0x00,0xC0,0x01,0x80,0x7F,0xFE,
    0x01,0x80,0x01,0x80,0x03,0x00,0x02,0x00,0x00,0x00,0x00,0x00,0x1F,0xF8,0x11,0x88,0x11,0x88,0x1F,0xF8,0x11,0x88,0x11,0x88,
    0x1F,0xF8,0x01,0x80,0x1F,0xF8,0x1F,0xF8,0x01,0x80,0x01,0x80,0x7F,0xFE,0x00,0x00,0x00,0x00,0x10,0x00,0x10,0xFE,0x3C,0x92,
    0x64,0x92,0x6C,0xFE,0x3E,0x92,0x2A,0x92,0x3E,0xFE,0x2A,0x10,0x2A,0x10,0x3E,0xFE,0x00,0x10,0x0E,0x10,0x70,0xFE,0x00,0x00,
    0x00,0x00,0x08,0x20,0x08,0x20,0x00,0x20,0x7E,0x20,0x06,0x20,0x04,0x20,0x0C,0x20,0x1A,0x20,0x3B,0x20,0x69,0x20,0x08,0x20,
    0x08,0x22,0x08,0x22,0x08,0x3E,0x08,0x00,0x04,0x20,0x0C,0x60,0x7F,0xFE,0x04,0x20,0x07,0x04,0x3C,0x04,0x0C,0x24,0x0C,0x24,
    0x7F,0x24,0x1C,0x24,0x1F,0x24,0x2D,0x04,0x6C,0x04,0x0C,0x0C,0x00,0x00,0x00,0x00,0x04,0x20,0x7F,0xFE,0x06,0x60,0x01,0x00,
    0x1F,0xF8,0x03,0x08,0x06,0x18,0x38,0x30,0x08,0x10,0x7F,0xFE,0x19,0x36,0x11,0x26,0x33,0x66,0x66,0xCC,0x00,0x00,0x00,0x00,
    0x00,0x00,0x01,0x80,0x01,0x80,0x7F,0xFE,0x01,0x80,0x1F,0xF8,0x31,0x8C,0x31,0x8C,0x31,0x8C,0x1F,0xF8,0x09,0x00,0x07,0x00,
    0x03,0x00,0x0F,0xF0,0x78,0x3E,0x00,0x00,0x3F,0xFC,0x3F,0xFC,0x02,0x40,0x3F,0xFC,0x32,0x4C,0x32,0x44,0x3F,0xFC,0x01,0x80,
    0x01,0x80,0x7F,0xFE,0x03,0xE0,0x0C,0xB0,0x38,0x9E,0x60,0x82,0x00,0x00,0x00,0x00,0x00,0x00,0x7F,0xFE,0x00,0x00,0x00,0x00,
    0x3E,0x7C,0x22,0x44,0x22,0x44,0x22,0x64,0x2A,0x54,0x2E,0x5C,0x22,0x44,0x22,0x44,0x22,0x44,0x26,0x4C,0x00,0x00,0x00,0x00,
    0x00,0x00,0x3F,0xFE,0x20,0x00,0x20,0x00,0x27,0xFE,0x20,0x80,0x20,0x80,0x21,0xFC,0x21,0x8C,0x21,0x04,0x21,0x04,0x23,0x04,
    0x66,0x0C,0x6C,0x38,0x00,0x00,0x00,0x00,0x00,0x10,0x3F,0x10,0x20,0x10,0x20,0x7C,0x3F,0xFC,0x24,0x14,0x2C,0x34,0x2F,0x24,
    0x29,0x24,0x29,0x24,0x29,0x24,0x69,0x64,0x53,0x44,0x52,0x9C,0x00,0x00,0x00,0x00,0x00,0x00,0x00,0x0C,0x7E,0xF8,0x18,0x80,
    0x10,0x90,0x10,0x90,0x3D,0x90,0x75,0xFE,0x64,0x10,0x24,0x10,0x24,0x94,0x3C,0x96,0x3D,0x92,0x25,0x12,0x00,0x70,0x00,0x20,
    0x00,0x00,0x3F,0xFC,0x30,0x00,0x30,0xC0,0x30,0x80,0x30,0xC0,0x37,0xFC,0x30,0x84,0x30,0x84,0x31,0x8C,0x21,0x0C,0x23,0x0C,
    0x66,0x0C,0x6C,0x38,0x00,0x00,0x00,0x00,0x03,0x04,0x3F,0x04,0x24,0x04,0x04,0x34,0x0C,0x34,0x7F,0xB4,0x0C,0x34,0x0E,0x34,
    0x1D,0x34,0x35,0x34,0x24,0x34,0x44,0x04,0x04,0x04,0x04,0x0C,0x04,0x08,0x00,0x00,0x00,0x00,0x1B,0xFE,0x10,0x50,0x13,0xFC,
    0x32,0xD4,0x72,0x54,0x53,0xFC,0x10,0x60,0x10,0x20,0x17,0xFE,0x10,0xF0,0x11,0xA8,0x13,0x26,0x16,0x20,0x10,0x20,0x00,0x00,
    0x08,0x02,0x1F,0xC2,0x11,0x12,0x31,0x12,0x33,0x12,0x73,0xD2,0x52,0x52,0x16,0x52,0x15,0xD2,0x10,0x92,0x10,0x92,0x11,0x02,
    0x13,0x02,0x16,0x0E,0x00,0x00,0x00,0x00,0x18,0x00,0x11,0xC6,0x17,0x06,0x31,0x16,0x31,0x16,0x7F,0xD6,0x73,0x16,0x33,0x96,
    0x33,0xD6,0x35,0x56,0x3D,0x06,0x31,0x06,0x31,0x04,0x31,0x0C,0x01,0x00,0x00,0x00,0x00,0x00,0x00,0x80,0x00,0xC0,0x1F,0xFE,
    0x10,0x00,0x57,0xC4,0x31,0x14,0x11,0x14,0x1F,0xD4,0x73,0x14,0x53,0xD4,0x15,0x54,0x3D,0x04,0x21,0x04,0x61,0x1C,0x00,0x00,
    0x00,0x00,0x01,0x00,0x01,0x00,0x01,0x00,0x3F,0xFC,0x00,0x00,0x00,0x10,0x18,0x10,0x08,0x10,0x0C,0x30,0x04,0x20,0x06,0x20,
    0x06,0x60,0x00,0x40,0x7F,0xFE,0x00,0x00,0x00,0x00,0x08,0x20,0x08,0x20,0x4A,0x20,0x2F,0xFE,0x28,0x00,0x7E,0x04,0x18,0x8C,
    0x18,0xCC,0x1E,0x48,0x3B,0x48,0x68,0x48,0x48,0x58,0x08,0x18,0x09,0xFE,0x00,0x00,0x00,0x00,0x33,0xFE,0x1A,0x00,0x02,0x30,
    0x02,0x30,0x62,0xFE,0x32,0x36,0x02,0x22,0x12,0x22,0x12,0x22,0x32,0x66,0x26,0x46,0x64,0xC6,0x4C,0x8C,0x00,0x00,0x00,0x00,
    0x01,0x00,0x1F,0xF0,0x1F,0xF8,0x01,0x08,0x7F,0xFE,0x01,0x08,0x1F,0xF8,0x01,0x80,0x11,0x88,0x09,0x98,0x07,0xE0,0x1D,0x30,
    0x71,0x0E,0x03,0x00,0x00,0x00,0x00,0x00,0x01,0x00,0x01,0x00,0x01,0x00,0x01,0x00,0x3F,0xFE,0x01,0x04,0x01,0x04,0x03,0x04,
    0x03,0x04,0x02,0x04,0x06,0x04,0x0C,0x04,0x18,0x0C,0x30,0x38,0x00,0x00,0x00,0x00,0x00,0x00,0x00,0x60,0x7B,0xFE,0x30,0x00,
    0x10,0x54,0x13,0x74,0x33,0x54,0x7B,0xD4,0x11,0xFC,0x10,0x60,0x13,0xFE,0x1E,0x52,0x72,0xFA,0x42,0x82,0x02,0x06,0x02,0x04,
    0x00,0x00,0x7B,0xFC,0x6B,0x24,0x4B,0x24,0x4B,0xFC,0x4B,0x24,0x4B,0x24,0x4B,0xFC,0x48,0x20,0x78,0x20,0x4B,0xFE,0x48,0x20,
    0x40,0x20,0x07,0xFE,0x00,0x00,0x00,0x00,0x00,0x00,0x1B,0xFE,0x10,0x90,0x30,0x90,0x33,0xFE,0x76,0x96,0x56,0x96,0x16,0xD6,
    0x16,0xFE,0x17,0xAE,0x17,0x2E,0x16,0x26,0x16,0x06,0x16,0x0C,0x00,0x00,0x00,0x00,0x00,0x00,0x00,0x88,0x7E,0xC8,0x24,0x58,
    0x24,0xFC,0x3C,0x20,0x24,0x20,0x24,0x20,0x3D,0xFE,0x34,0x70,0x24,0x30,0x2E,0x70,0x7C,0x48,0x04,0xCC,0x05,0x86,0x04,0x00,
    0x04,0x20,0x04,0x60,0x7F,0xFE,0x04,0x20,0x10,0xC0,0x13,0xFC,0x01,0x20,0x73,0xFC,0x12,0x60,0x10,0x20,0x13,0xFE,0x10,0x20,
    0x3C,0x20,0x23,0xFE,0x00,0x00,0x00,0x00,0x00,0x40,0x20,0xC0,0x37,0xFE,0x11,0x80,0x01,0x20,0x03,0x60,0x73,0xFC,0x10,0x20,
    0x10,0x20,0x17,0xFE,0x10,0x20,0x10,0x20,0x3C,0x20,0x47,0xFE,0x00,0x00,0x00,0x00,0x00,0x00,0x20,0x20,0x23,0xFE,0x3A,0x08,
    0x62,0x48,0x43,0xFE,0x7A,0x50,0x12,0xFC,0x33,0x5E,0x7B,0x5E,0x12,0xFC,0x12,0xD8,0x1A,0xD8,0x37,0xD4,0x05,0x52,0x00,0x00,
    0x00,0x00,0x00,0x80,0x3F,0xFE,0x22,0x00,0x23,0x20,0x3F,0xFE,0x21,0x20,0x2F,0xF8,0x21,0x28,0x2F,0xFE,0x23,0x68,0x27,0xF8,
    0x67,0x30,0x6D,0x2C,0x59,0x26,0x00,0x00,0x00,0x00,0x10,0x60,0x10,0x60,0x10,0xE0,0x1C,0x90,0x55,0x08,0x53,0x66,0x52,0x00,
    0x50,0x00,0x13,0xF8,0x10,0x18,0x10,0x90,0x10,0xE0,0x10,0x60,0x10,0x30,0x00,0x00,0x00,0x00,0x00,0x20,0x24,0x20,0x36,0xFE,
    0x00,0x40,0x00,0x50,0x40,0x90,0x2E,0xFE,0x06,0x10,0x06,0x10,0x17,0xFE,0x36,0x10,0x26,0x10,0x6F,0x10,0x49,0xFE,0x00,0x00,
    0x00,0x00,0x01,0x00,0x01,0x80,0x3F,0xFC,0x20,0x04,0x2E,0x30,0x19,0x98,0x31,0x84,0x1F,0xF8,0x11,0x88,0x11,0x88,0x11,0x88,
    0x11,0x88,0x11,0x90,0x01,0x80,0x00,0x00,0x00,0x00,0x0C,0x20,0x0C,0x20,0x1A,0x20,0x31,0xFE,0x70,0x44,0x5E,0xC4,0x00,0xC8,
    0x29,0x48,0x29,0x28,0x2E,0x38,0x22,0x10,0x03,0xB8,0x3E,0x6C,0x00,0xC6,0x00,0x00,0x00,0x00,0x00,0x30,0x3C,0x30,0x24,0x50,
    0x24,0xC8,0x3C,0x8C,0x3D,0xFE,0x24,0x78,0x24,0x04,0x3D,0xA4,0x24,0xAC,0x24,0xA8,0x24,0x88,0x64,0x08,0x4D,0xFE,0x00,0x00,
    0x00,0x00,0x10,0x10,0x32,0x10,0x3B,0x7E,0x39,0x20,0x40,0x20,0x78,0x58,0x13,0x7E,0x11,0x18,0x79,0x18,0x11,0x7E,0x11,0x18,
    0x1D,0x18,0x1F,0xC0,0x10,0x7E,0x00,0x00,0x01,0x00,0x01,0x80,0x7F,0xFE,0x02,0x40,0x12,0x58,0x32,0x4C,0x22,0x44,0x02,0x40,
    0x00,0x00,0x24,0x88,0x24,0xC4,0x24,0x06,0x64,0x10,0x07,0xF0,0x00,0x00,0x00,0x00,0x10,0x20,0x10,0x60,0x13,0xFC,0x14,0xC0,
    0x5C,0x80,0x5B,0xF0,0x51,0xB0,0x51,0x10,0x13,0xFE,0x18,0x30,0x3C,0x94,0x25,0x94,0x63,0x12,0x46,0x72,0x00,0x00,0x00,0x00,
    0x00,0x20,0x10,0x60,0x13,0xFC,0x22,0xC0,0x24,0xC0,0x4B,0xF0,0x78,0xB0,0x11,0x30,0x21,0xFC,0x7C,0x30,0x70,0xB4,0x05,0xB4,
    0x3F,0x32,0x62,0x62,0x00,0x00,0x00,0x00,0x00,0x00,0x10,0x60,0x18,0x20,0x5E,0xFC,0x7D,0x84,0x19,0x04,0x7D,0xFC,0x19,0x04,
    0x19,0x8C,0x3D,0xF8,0x3F,0x24,0x59,0x1C,0x59,0x18,0x19,0xCC,0x19,0x86,0x00,0x00,0x00,0x00,0x00,0x40,0x00,0x60,0x67,0xFE,
    0x30,0x00,0x10,0x00,0x03,0xFC,0x02,0x04,0x12,0x0C,0x13,0xFC,0x30,0x60,0x23,0x68,0x62,0x6C,0x04,0x66,0x04,0xC0,0x00,0x00,
    0x10,0x00,0x1B,0xF8,0x00,0x48,0x61,0x4C,0x12,0xCE,0x08,0x8A,0x1B,0x38,0x23,0x10,0x01,0x80,0x7F,0xFE,0x03,0xC0,0x0D,0xB0,
    0x39,0x9C,0x21,0x84,0x00,0x00,0x00,0x00,0x10,0x00,0x1B,0xF8,0x00,0x48,0x33,0x4C,0x02,0x8A,0x09,0x88,0x13,0x38,0x68,0x10,
    0x09,0x90,0x7F,0xFE,0x03,0xE0,0x07,0xB0,0x19,0x9E,0x71,0x86,0x00,0x00,0x00,0x00,0x00,0x00,0x01,0x80,0x00,0x80,0x1F,0xF8,
    0x10,0x18,0x18,0x18,0x1F,0xF8,0x10,0x18,0x1F,0xF8,0x11,0x00,0x10,0x98,0x10,0xF0,0x12,0x60,0x1E,0x38,0x18,0x0E,0x00,0x00,
    0x00,0x00,0x7F,0xFE,0x02,0x60,0x02,0x60,0x3F,0xFC,0x26,0x64,0x26,0x44,0x26,0x44,0x2F,0xF4,0x28,0x9C,0x29,0x84,0x20,0x04,
    0x20,0x04,0x20,0x1C,0x00,0x00,0x00,0x00,0x00,0x00,0x10,0x00,0x33,0xFE,0x7C,0x50,0x30,0x50,0x21,0xFE,0x73,0xDA,0x5A,0x52,
    0x7E,0x52,0x12,0xFA,0x12,0x9A,0x3F,0xA6,0x52,0x22,0x12,0x02,0x12,0x0E,0x00,0x00,0x00,0x00,0x10,0x08,0x1F,0xF8,0x10,0x08,
    0x0F,0xF0,0x7F,0xFE,0x00,0x00,0x1F,0xF8,0x1F,0xF8,0x11,0x88,0x1F,0xF8,0x1F,0xF8,0x01,0x80,0x7F,0xFE,0x00,0x00,0x00,0x00,
    0x00,0x00,0x00,0x20,0x00,0x20,0x7F,0xFE,0x4C,0x00,0x4C,0x00,0x4D,0xFC,0x7D,0x8C,0x4D,0x8C,0x4D,0xFC,0x4C,0x20,0x7D,0xAC,
    0x43,0x26,0x42,0x22,0x00,0x60,0x00,0x40,0x00,0x00,0x01,0x00,0x3F,0xFC,0x00,0x00,0x0F,0xF0,0x08,0x10,0x0F,0xF0,0x00,0x00,
    0x3F,0xFC,0x7F,0xFE,0x40,0x02,0x07,0xE0,0x04,0x60,0x0C,0x62,0x38,0x7E,0x00,0x00,0x00,0x00,0x00,0x40,0x20,0x20,0x13,0xFE,
    0x00,0x00,0x00,0x00,0x73,0xFC,0x13,0x04,0x13,0x0C,0x13,0xFC,0x10,0x20,0x19,0x28,0x13,0x2C,0x32,0x26,0x06,0xE2,0x00,0x40,
    0x00,0x00,0x10,0x20,0x10,0x60,0x13,0xFC,0x78,0x54,0x11,0x9C,0x11,0x9C,0x17,0xFE,0x31,0xF8,0x71,0x08,0x11,0xF8,0x10,0x20,
    0x11,0x2C,0x13,0x26,0x72,0x60,0x00,0x00,0x00,0x00,0x00,0x60,0x7F,0x8E,0x25,0x0A,0x25,0x2A,0x3D,0x2A,0x25,0x2A,0x25,0x2A,
    0x3D,0x6A,0x2D,0xEA,0x25,0xEA,0x2E,0x4E,0x7C,0x48,0x04,0xC8,0x05,0x88,0x04,0x00,0x00,0x00,0x18,0x40,0x18,0x40,0x13,0xFE,
    0x30,0xA4,0x33,0x98,0x73,0x18,0x57,0xFE,0x13,0xF8,0x13,0x08,0x13,0xF8,0x10,0x60,0x11,0x68,0x12,0x4C,0x14,0xC4,0x10,0x80,
    0x00,0x00,0x00,0x40,0x00,0x60,0x0F,0xFE,0x48,0x00,0x68,0x00,0x2B,0xFE,0x08,0x18,0x38,0x30,0x78,0x20,0x08,0x20,0x10,0x20,
    0x10,0x20,0x10,0x20,0x30,0xE0,0x00,0x00,0x00,0x00,0x10,0x60,0x10,0x60,0x13,0xFE,0x10,0x54,0x5F,0x9C,0x59,0x98,0x57,0xFE,
    0x55,0x08,0x11,0xF8,0x19,0xF8,0x3C,0x60,0x25,0x28,0x63,0x2C,0x42,0x60,0x00,0x00,0x01,0x80,0x3F,0xFE,0x60,0x06,0x1E,0xFA,
    0x02,0x48,0x02,0x48,0x3F,0x78,0x03,0xC0,0x0F,0x38,0x7F,0x4E,0x18,0xC0,0x0F,0x30,0x09,0xC0,0x1F,0x00,0x10,0x00,0x00,0x00,
    0x20,0x00,0x33,0xFE,0x10,0x0C,0x00,0x18,0x00,0x20,0x70,0x20,0x50,0x20,0x10,0x20,0x10,0x20,0x10,0x20,0x10,0xE0,0x10,0xC0,
    0x3C,0x00,0x43,0xFE,0x00,0x00,0x00,0x00,0x00,0x00,0x00,0x40,0x60,0xC0,0x37,0xFC,0x00,0xA0,0x47,0x38,0x63,0x18,0x0F,0xFE,
    0x0E,0x0A,0x03,0xF8,0x32,0x18,0x23,0xF0,0x62,0x58,0x46,0x4C,0x4C,0xC4,0x00,0x80,0x00,0x00,0x3F,0xFC,0x00,0x1C,0x00,0x30,
    0x00,0xE0,0x01,0x80,0x01,0x80,0x01,0x80,0x01,0x80,0x01,0x80,0x01,0x80,0x01,0x80,0x01,0x80,0x07,0x00,0x00,0x00,0x00,0x00,
    0x13,0xFC,0x13,0x64,0x13,0xFC,0x7E,0x24,0x13,0xFC,0x10,0x80,0x11,0xF8,0x3B,0x98,0x70,0x70,0x11,0xFE,0x17,0x0E,0x13,0xFC,
    0x13,0x0C,0x73,0xFC,0x00,0x00,0x00,0x00,0x00,0x00,0x10,0x60,0x10,0x60,0x33,0xFE,0x38,0x54,0x41,0x9C,0x79,0x98,0x17,0xFE,
    0x15,0xFC,0x79,0x0C,0x11,0xFC,0x10,0x20,0x1D,0x28,0x1B,0x26,0x12,0xE0,0x00,0x00,0x00,0x00,0x01,0x80,0x3F,0xFE,0x2F,0x3C,
    0x25,0xA4,0x25,0x94,0x2F,0xBC,0x20,0xE0,0x23,0x38,0x3D,0x86,0x26,0x60,0x65,0x98,0x46,0x60,0x47,0x80,0x04,0x00,0x00,0x00,
    0x08,0x08,0x08,0x08,0x4A,0xC8,0x2E,0x68,0x08,0x28,0x7E,0x88,0x18,0xC8,0x1C,0x68,0x3A,0x08,0x2A,0x7E,0x49,0xC8,0x48,0x08,
    0x08,0x08,0x08,0x08,0x08,0x08,0x00,0x00,0x00,0x02,0x7F,0xC2,0x08,0x32,0x08,0x32,0x1F,0x32,0x11,0x32,0x31,0x32,0x29,0x32,
    0x6F,0x32,0x06,0x32,0x06,0x32,0x0C,0x02,0x18,0x06,0x30,0x0E,0x00,0x00,0x00,0x00,0x00,0x04,0x3F,0x84,0x0C,0x24,0x1F,0xA4,
    0x39,0x24,0x0E,0x24,0x0C,0x0C,0x31,0x88,0x7F,0xFE,0x03,0x00,0x0E,0x48,0x3C,0x70,0x65,0x98,0x07,0x0E,0x00,0x00,0x00,0x00,
    0x00,0x04,0x3F,0x84,0x08,0x24,0x0F,0x24,0x19,0x24,0x31,0x24,0x4F,0x24,0x06,0x24,0x0C,0x04,0x78,0x1C,0x00,0x00,0x12,0x44,
    0x32,0x66,0x62,0x22,0x00,0x00,0x00,0x00,0x01,0x00,0x01,0x08,0x0D,0x0C,0x19,0x36,0x31,0x60,0x01,0xC0,0x7F,0x00,0x31,0x80,
    0x3F,0xF8,0x3F,0xFC,0x03,0x0C,0x02,0x0C,0x0C,0x08,0x38,0x38,0x20,0x00,0x00,0x00,0x00,0x00,0x00,0x88,0x2C,0x88,0x1B,0xFE,
    0x30,0x88,0x78,0x88,0x4B,0xFE,0x08,0x00,0x19,0xFC,0x39,0x04,0x69,0x04,0x09,0xFC,0x09,0x04,0x19,0x04,0x31,0xFC,0x21,0x00,
    0x01,0x10,0x01,0x10,0x79,0x10,0x37,0xBC,0x33,0x38,0x33,0x18,0x7B,0xB8,0x37,0x7C,0x35,0x3C,0x39,0x56,0x31,0xD2,0x79,0x10,
    0x41,0x10,0x01,0x10,0x00,0x00,0x00,0x00,0x10,0x20,0x10,0x20,0x10,0x20,0x7C,0xFE,0x38,0x70,0x10,0x70,0x3C,0x70,0x3C,0xF8,
    0x70,0xAC,0x51,0xA6,0x13,0x22,0x12,0x20,0x10,0x20,0x10,0x20,0x00,0x00,0x00,0x00,0x00,0x00,0x00,0x20,0x00,0xA4,0x3C,0xA4,
    0x11,0xFE,0x10,0xF8,0x39,0xA6,0x3D,0x20,0x74,0x84,0x35,0xFE,0x37,0x54,0x3D,0x54,0x3C,0xDE,0x20,0x84,0x03,0x04,0x00,0x04,
    0x1F,0xF8,0x01,0x80,0x3F,0xFC,0x61,0x86,0x6D,0xB2,0x01,0x80,0x0D,0xB0,0x08,0x20,0x3E,0x7C,0x3C,0x78,0x1E,0x78,0x3A,0xEC,
    0x69,0xA6,0x09,0x20,0x00,0x00,0x00,0x00,0x08,0x40,0x08,0xC0,0x48,0xC0,0x49,0xFE,0x4B,0x20,0x4A,0x30,0x48,0x10,0x49,0xFE,
    0x49,0x36,0x49,0x22,0x49,0x22,0x49,0x36,0x09,0xFE,0x09,0x02,0x00,0x00,0x00,0x00,0x00,0x00,0x0C,0x00,0x0C,0x3E,0x1A,0x24,
    0x31,0xA4,0x28,0xA4,0x4C,0x2C,0x04,0x2C,0x3F,0x24,0x03,0x22,0x02,0x22,0x16,0x22,0x1C,0x2E,0x0C,0x20,0x06,0x20,0x00,0x20,
    0x00,0x00,0x10,0x14,0x30,0x94,0x3C,0xB0,0x48,0xFE,0x7C,0x58,0x3E,0x96,0x2A,0x10,0x3E,0x84,0x2A,0xFE,0x3F,0x44,0x3C,0xD4,
    0x00,0xDE,0x3C,0x84,0x01,0x04,0x00,0x00,0x01,0x10,0x61,0x10,0x31,0x10,0x07,0xFE,0x43,0x18,0x73,0x18,0x03,0xB8,0x07,0x38,
    0x17,0x7C,0x3D,0x56,0x29,0xD2,0x69,0x10,0x61,0x10,0x01,0x10,0x00,0x00,0x00,0x00,0x00,0x00,0x00,0xC0,0x4F,0xFE,0x60,0x00,
    0x37,0xFC,0x05,0xE4,0x05,0x34,0x04,0x04,0x17,0xFC,0x17,0xFC,0x20,0x00,0x2F,0xFE,0x60,0x40,0x46,0x4C,0x0C,0xC6,0x00,0x80,
    0x08,0x00,0x1B,0xFC,0x30,0x40,0x70,0x60,0x57,0xFE,0x10,0x40,0x13,0xFC,0x10,0x00,0x0F,0xF8,0x18,0x0C,0x11,0x8C,0x11,0x08,
    0x03,0x30,0x3C,0x0E,0x20,0x00,0x00,0x00,0x01,0x80,0x01,0x80,0x3F,0xFE,0x0C,0x20,0x06,0x40,0x03,0x80,0x03,0xC0,0x3C,0x7E,
    0x70,0x0E,0x1F,0xF8,0x18,0x18,0x18,0x18,0x18,0x18,0x1F,0xF8,0x00,0x00,0x00,0x00,0x00,0x00,0x10,0x20,0x10,0x60,0x10,0x70,
    0x18,0x98,0x7D,0x88,0x13,0x66,0x12,0x22,0x1C,0x00,0x73,0xFC,0x10,0x08,0x10,0x18,0x10,0xF0,0x10,0x60,0x70,0x30,0x00,0x00,
    0x00,0x20,0x00,0x60,0x7C,0x70,0x10,0xD0,0x11,0x88,0x13,0x66,0x7E,0x22,0x10,0x00,0x13,0xFC,0x10,0x0C,0x14,0x18,0x38,0xF0,
    0x60,0x60,0x00,0x30,0x00,0x10,0x00,0x00,0x04,0x20,0x7F,0xFE,0x07,0xE0,0x01,0x80,0x3F,0xFC,0x01,0x00,0x7F,0xFE,0x08,0x30,
    0x3B,0x1C,0x67,0xF4,0x0E,0x20,0x19,0x40,0x01,0xC0,0x3E,0x3E,0x00,0x00,0x00,0x00,0x1F,0xF8,0x01,0x80,0x7F,0xFE,0x41,0x86,
    0x5D,0xB2,0x01,0x80,0x0D,0xB0,0x03,0xC0,0x0D,0x70,0x79,0x1E,0x0F,0xE0,0x00,0x40,0x07,0x80,0x01,0xC0,0x00,0x00,0x00,0x00,
    0x08,0x20,0x08,0x30,0x2E,0x30,0x28,0x48,0x28,0x4C,0x7E,0xA6,0x08,0x90,0x4A,0x00,0x4A,0xFC,0x5E,0x08,0x76,0x48,0x62,0x70,
    0x7E,0x30,0x02,0x18,0x00,0x00,0x00,0x00,0x00,0x00,0x10,0x20,0x10,0x20,0x3E,0x70,0x20,0x58,0x40,0x88,0x7D,0xA6,0x11,0x32,
    0x10,0x00,0x7F,0xFC,0x10,0x0C,0x10,0x08,0x14,0x90,0x1C,0x60,0x10,0x30,0x00,0x00,0x00,0x00,0x08,0x40,0x08,0x60,0x10,0xE0,
    0x10,0x90,0x31,0x18,0x72,0x4C,0x54,0x62,0x10,0x00,0x13,0xFC,0x10,0x08,0x10,0x10,0x11,0xA0,0x10,0xE0,0x10,0x30,0x10,0x10,
    0x00,0x00,0x04,0x20,0x24,0x20,0x24,0x70,0x7E,0x58,0x18,0x88,0x19,0xA6,0x3D,0x32,0x18,0x00,0x19,0xFC,0x7E,0x0C,0x10,0x08,
    0x10,0x90,0x20,0x60,0x60,0x30,0x00,0x10,0x00,0x40,0x43,0xFC,0x63,0xFC,0x30,0x40,0x07,0xFE,0x00,0x08,0x02,0xCC,0x14,0x86,
    0x31,0xF8,0x23,0x98,0x66,0x90,0x40,0x60,0x01,0xF8,0x0F,0x0E,0x00,0x00,0x00,0x00,0x3F,0xF8,0x00,0x08,0x00,0x08,0x1F,0xF8,
    0x00,0x08,0x1F,0xF8,0x00,0x00,0x01,0x80,0x11,0x88,0x11,0x90,0x03,0x90,0x02,0x60,0x0C,0x38,0x78,0x1E,0x00,0x00,0x00,0x00,
    0x00,0x20,0x7C,0x20,0x69,0xFC,0x68,0x20,0x7B,0xFE,0x70,0x88,0x69,0xCC,0x6F,0x46,0x64,0xF8,0x6D,0xC8,0x79,0x50,0x60,0x70,
    0x60,0x78,0x63,0x8E,0x00,0x00,0x00,0x00,0x00,0x00,0x10,0x20,0x10,0x30,0x10,0x70,0x10,0x48,0x54,0x8C,0x55,0xA6,0x55,0x02,
    0x54,0xF8,0x54,0xFC,0x54,0x08,0x54,0x58,0x7C,0x70,0x44,0x30,0x00,0x18,0x00,0x00,0x00,0x00,0x08,0x00,0x09,0xFE,0x1C,0x30,
    0x32,0x20,0x29,0xFE,0x48,0x86,0x00,0x96,0x7E,0x96,0x02,0x96,0x04,0x96,0x2C,0x92,0x38,0x28,0x0C,0x4C,0x05,0x86,0x00,0x00,
    0x00,0x00,0x1F,0xF8,0x10,0x08,0x10,0x08,0x18,0x08,0x1F,0xF8,0x01,0x00,0x01,0x80,0x3F,0xFC,0x01,0x04,0x03,0x04,0x06,0x04,
    0x0C,0x0C,0x38,0x38,0x00,0x00,0x00,0x00,0x00,0x00,0x01,0x80,0x03,0x80,0x06,0xC0,0x0C,0x60,0x19,0x38,0x31,0x8E,0x60,0x86,
    0x00,0x00,0x3F,0xF8,0x00,0x18,0x00,0x20,0x06,0xC0,0x03,0x80,0x00,0xC0,0x00,0x40,0x00,0x00,0x21,0x80,0x36,0x3E,0x16,0x12,
    0x06,0x92,0x46,0x92,0x67,0xE6,0x36,0x6C,0x00,0x00,0x13,0xFE,0x12,0x66,0x33,0xFE,0x22,0x66,0x62,0x66,0x43,0xFE,0x00,0x00,
    0x00,0x20,0x7C,0x60,0x33,0xFE,0x10,0xC0,0x11,0x98,0x33,0xFC,0x79,0x04,0x10,0x00,0x11,0x58,0x11,0x58,0x1D,0x58,0x73,0x58,
    0x42,0x5A,0x06,0x4E,0x00,0x00,0x00,0x00,0x10,0x00,0x13,0xFE,0x13,0x0A,0x13,0x4A,0x7F,0x52,0x13,0xF2,0x3B,0x2C,0x3C,0x20,
    0x73,0xFE,0x53,0x22,0x13,0xFE,0x13,0x22,0x13,0x26,0x13,0xFE,0x00,0x00,0x00,0x00,0x00,0x20,0x00,0x20,0x3D,0xFE,0x10,0x40,
    0x10,0x88,0x31,0x8C,0x3D,0xFE,0x64,0x00,0x65,0x88,0x25,0x28,0x3D,0x28,0x3D,0x28,0x23,0x2A,0x02,0x2E,0x00,0x00,0x00,0x00,
    0x10,0x00,0x31,0xDE,0x33,0x0A,0x3F,0x5A,0x4B,0x52,0x43,0xF2,0x33,0x36,0x30,0x20,0x33,0xFE,0x33,0x22,0x33,0xFE,0x3B,0x22,
    0x33,0x26,0x03,0xFE,0x00,0x00,0x00,0x00,0x00,0x00,0x06,0x00,0x3C,0xFE,0x20,0x26,0x26,0x26,0x26,0x44,0x78,0xCC,0x20,0x80,
    0x1F,0xFC,0x30,0x8C,0x30,0x84,0x3F,0xFC,0x30,0x84,0x3F,0xFC,0x30,0x0C,0x00,0x04,0x00,0x00,0x08,0x04,0x0C,0x04,0x04,0x24,
    0x7F,0xA4,0x02,0x24,0x32,0x24,0x12,0x24,0x0E,0x24,0x0C,0x24,0x0E,0x24,0x0B,0x24,0x11,0x04,0x31,0x04,0x60,0x0C,0x00,0x08,
    0x00,0x00,0x00,0x40,0x1F,0xFE,0x18,0x80,0x1B,0xBC,0x7A,0x14,0x1A,0x94,0x1B,0xF4,0x16,0x6C,0x70,0x00,0x17,0xFC,0x16,0x44,
    0x17,0xFC,0x36,0x44,0x27,0xFC,0x00,0x04,0x00,0x00,0x00,0x40,0x30,0x40,0x17,0xFE,0x00,0x80,0x01,0x10,0x63,0x18,0x37,0xFC,
    0x00,0x04,0x03,0x58,0x13,0x58,0x13,0x58,0x22,0x58,0x62,0x5A,0x4C,0x5E,0x00,0x00,0x10,0x00,0x13,0xDE,0x12,0x12,0x7A,0x52,
    0x32,0x52,0x32,0x52,0x3A,0x52,0x3E,0x52,0x73,0xD2,0x53,0xD2,0x10,0x96,0x10,0x90,0x11,0x90,0x13,0x10,0x00,0x00,0x00,0x00,
    0x00,0x00,0x03,0x00,0x01,0x80,0x00,0x80,0x7F,0xFE,0x7F,0xFE,0x00,0x00,0x04,0x20,0x06,0x30,0x0C,0x30,0x08,0x18,0x18,0x0C,
    0x30,0x0C,0x20,0x04,0x00,0x00,0x00,0x00,0x00,0x00,0x03,0x00,0x03,0x30,0x03,0x10,0x03,0x00,0x7F,0xFE,0x02,0xC0,0x02,0xC0,
    0x02,0xC8,0x04,0xD8,0x04,0xF0,0x0C,0xE0,0x18,0xC0,0x31,0xC2,0x66,0xFE,0x00,0x00,0x02,0x00,0x02,0x30,0x7F,0xFE,0x06,0xD8,
    0x0C,0xF0,0x3B,0xC6,0x20,0x78,0x7F,0xFE,0x08,0x10,0x0F,0xF0,0x0F,0xF0,0x08,0x10,0x7F,0xFE,0x60,0x10,0x00,0x10,0x00,0x00,
    0x00,0xC0,0x00,0xD8,0x78,0xC8,0x68,0xC0,0x6B,0xFE,0x68,0xA0,0x68,0xA4,0x68,0xA4,0x68,0xA8,0x79,0x38,0x69,0x30,0x62,0x60,
    0x06,0xE2,0x0C,0x3E,0x00,0x00,0x00,0x00,0x00,0x00,0x10,0x20,0x3F,0x7E,0x2C,0x4C,0x64,0xC8,0x44,0x80,0x02,0x30,0x3F,0xFC,
    0x3F,0xFC,0x06,0xC0,0x04,0xD8,0x0C,0xF0,0x08,0xC0,0x13,0xC2,0x60,0xFE,0x00,0x00,0x01,0x80,0x3F,0xFC,0x60,0x26,0x4E,0x3A,
    0x08,0x88,0x3D,0xF8,0x2B,0xB0,0x28,0xF0,0x2F,0x9E,0x29,0xF0,0x2F,0xFC,0x3A,0x60,0x20,0x60,0x23,0xFC,0x00,0x00,0x00,0x00,
    0x00,0x00,0x00,0x80,0x78,0xF8,0x49,0x88,0x4B,0x50,0x50,0x70,0x53,0xDE,0x4B,0x84,0x48,0xF8,0x4D,0x20,0x4F,0xFC,0x5A,0x20,
    0x41,0xFC,0x40,0x20,0x43,0xFE,0x00,0x00,0x02,0x20,0x02,0x10,0x3F,0xFC,0x06,0xC8,0x02,0xD8,0x04,0xF0,0x0C,0xC0,0x1B,0xC6,
    0x60,0x7C,0x01,0x80,0x1F,0xF8,0x01,0x80,0x01,0x80,0x7F,0xFE,0x00,0x00,0x00,0x00,0x00,0x00,0x10,0xC0,0x10,0xD8,0x10,0xCC,
    0x79,0xFE,0x79,0xFE,0x10,0xA0,0x14,0xA4,0x3C,0xAC,0x70,0xA8,0x11,0xB0,0x11,0x30,0x13,0x60,0x12,0xE2,0x34,0x3E,0x00,0x00,
    0x00,0x00,0x00,0xC0,0x7C,0x98,0x64,0x88,0x6F,0xFE,0x6B,0xFE,0x68,0xA0,0x68,0xA4,0x6C,0xAC,0x65,0xA8,0x65,0x30,0x7D,0x30,
    0x62,0x60,0x66,0xA2,0x6C,0x3E,0x00,0x00,0x10,0x20,0x11,0x2C,0x10,0x28,0x7B,0xFE,0x10,0xF0,0x10,0xA8,0x3D,0x26,0x37,0x42,
    0x70,0x40,0x53,0xFE,0x10,0x88,0x10,0xD0,0x10,0x70,0x13,0xCC,0x12,0x00,0x00,0x00,0x00,0x00,0x01,0x88,0x19,0x98,0x09,0x90,
    0x7F,0xFE,0x07,0xE0,0x0D,0xB0,0x39,0x9E,0x23,0x04,0x7F,0xFE,0x04,0x30,0x0C,0x60,0x03,0xC0,0x03,0xF8,0x7E,0x0C,0x00,0x00,
    0x00,0x00,0x10,0x20,0x11,0x2C,0x10,0x28,0x7B,0xFE,0x78,0xF0,0x10,0xA8,0x11,0x26,0x3A,0x40,0x70,0x40,0x13,0xFE,0x10,0x88,
    0x10,0xD0,0x10,0x70,0x33,0xCC,0x22,0x00,0x08,0x20,0x1F,0x30,0x3C,0x7E,0x64,0xC8,0x11,0x10,0x09,0xA0,0x7F,0xFE,0x05,0x60,
    0x39,0x1E,0x22,0x00,0x7F,0xFE,0x0C,0x60,0x01,0xE0,0x3F,0x3C,0x30,0x00,0x00,0x00,0x07,0xFC,0x34,0x06,0x14,0x06,0x07,0xFC,
    0x04,0x00,0x65,0xFE,0x34,0x20,0x05,0xFE,0x05,0x22,0x35,0x6A,0x25,0x22,0x2D,0x3A,0x69,0x6A,0x59,0x26,0x00,0x04,0x00,0x00,
    0x00,0x00,0x79,0xFE,0x48,0x10,0x50,0x30,0x52,0xFE,0x52,0x92,0x52,0xB2,0x4A,0xBA,0x4A,0xEE,0x4A,0x82,0x5A,0x86,0x42,0x8C,
    0x42,0x00,0x43,0xFE,0x40,0x00,0x00,0x00,0x04,0x20,0x04,0x20,0x7F,0xFE,0x04,0x20,0x01,0x80,0x1F,0xF8,0x18,0x0C,0x10,0x0C,
    0x10,0x0C,0x1F,0xFC,0x10,0x00,0x30,0x00,0x20,0x00,0x60,0x00,0x00,0x00,0x00,0x00,0x01,0x80,0x01,0x80,0x01,0xFE,0x01,0x80,
    0x01,0x80,0x1F,0xFC,0x10,0x04,0x10,0x04,0x1F,0xFC,0x10,0x0C,0x10,0x00,0x30,0x00,0x20,0x00,0x60,0x00,0x00,0x00,0x00,0x00,
    0x08,0x00,0x19,0xFE,0x1E,0x20,0x18,0x20,0x3C,0xFC,0x26,0x84,0x26,0xB4,0x26,0xB4,0x3E,0xB4,0x20,0xA4,0x60,0xA4,0x60,0x68,
    0x40,0xCC,0x41,0x86,0x00,0x00,0x00,0x00,0x00,0x00,0x00,0x80,0x00,0xC0,0x3F,0xFE,0x30,0x00,0x30,0xC0,0x37,0xFC,0x34,0x0C,
    0x24,0x0C,0x27,0xFC,0x26,0x0C,0x24,0x00,0x64,0x00,0x6C,0x00,0x48,0x00,0x00,0x00,0x00,0x00,0x00,0x20,0x18,0x10,0x18,0x10,
    0x18,0xFE,0x7E,0x82,0x5C,0x82,0x58,0x82,0x50,0xFE,0x10,0x82,0x18,0x80,0x14,0x80,0x27,0x80,0x61,0x00,0x43,0x00,0x00,0x00,
    0x00,0x00,0x10,0x20,0x10,0x3C,0x10,0x20,0x13,0xFE,0x7A,0x26,0x12,0x60,0x13,0xF0,0x1A,0x3E,0x72,0x20,0x12,0x30,0x12,0xFE,
    0x12,0x66,0x14,0x44,0x34,0x8C,0x00,0x00,0x01,0x00,0x01,0x00,0x01,0xFE,0x01,0x00,0x03,0x00,0x3F,0xFC,0x20,0x6C,0x26,0x4C,
    0x21,0x8C,0x21,0xCC,0x26,0x6C,0x2C,0x2C,0x3F,0xFC,0x20,0x0C,0x00,0x04,0x00,0x00,0x00,0x00,0x01,0x80,0x01,0xFC,0x01,0x80,
    0x1F,0xFE,0x11,0x82,0x11,0xF8,0x17,0x84,0x10,0xFC,0x10,0xC0,0x30,0xC0,0x27,0xFC,0x21,0x84,0x63,0x04,0x46,0x3C,0x00,0x00,
    0x00,0x00,0x06,0x00,0x0F,0xE0,0x18,0x40,0x3F,0xF8,0x51,0x88,0x1F,0xF8,0x1F,0xF8,0x00,0x00,0x7F,0xFE,0x0F,0xF8,0x18,0x08,
    0x1F,0xF8,0x10,0x08,0x1F,0xF8,0x10,0x08,0x08,0x20,0x7E,0xFE,0x18,0x78,0x3E,0x6C,0x68,0xA6,0x09,0x80,0x3F,0xFC,0x3F,0xF8,
    0x26,0x6C,0x3F,0xFC,0x24,0x40,0x27,0x7C,0x64,0x40,0x4F,0x7E,0x00,0x00,0x00,0x00,0x01,0xFC,0x7C,0x04,0x10,0x04,0x10,0xFC,
    0x30,0x04,0x3D,0xFE,0x64,0x30,0x65,0x20,0x25,0xB4,0x24,0x38,0x3C,0xE8,0x25,0xA4,0x00,0x26,0x00,0x60,0x00,0x40,0x00,0x00,
    0x00,0x00,0x01,0x80,0x3F,0xFC,0x6D,0xB4,0x0D,0xB0,0x0D,0xB0,0x00,0x40,0x3E,0xF8,0x23,0xC8,0x3E,0x30,0x08,0xCE,0x2C,0xF8,
    0x28,0x88,0x7E,0xF8,0x00,0x00,0x00,0x00,0x00,0x00,0x00,0x40,0x3E,0x40,0x26,0xFC,0x26,0xC8,0x27,0x48,0x3C,0x30,0x08,0x78,
    0x29,0xC6,0x2D,0xF8,0x28,0xFC,0x28,0x84,0x2E,0x84,0x78,0xFC,0x40,0x84,0x00,0x00,0x00,0x40,0x3C,0x40,0x64,0xFC,0x45,0x88,
    0x55,0x58,0x54,0x30,0x54,0x30,0x54,0xCE,0x57,0x82,0x54,0xFC,0x10,0x8C,0x3C,0x8C,0x24,0xFC,0x42,0x8C,0x00,0x00,0x00,0x00,
    0x00,0x00,0x00,0x80,0x1F,0xFE,0x32,0x60,0x22,0x60,0x3F,0xFC,0x22,0x64,0x22,0x64,0x3F,0xFC,0x24,0x60,0x24,0x6C,0x27,0x78,
    0x24,0x60,0x45,0x62,0x47,0x3E,0x00,0x00,0x00,0x00,0x00,0x20,0x27,0xBC,0x35,0xE4,0x05,0xE4,0x05,0xF8,0x67,0x18,0x22,0x3C,
    0x0A,0x66,0x0B,0xB8,0x2B,0x3C,0x2A,0x24,0x6A,0x24,0x4F,0xBC,0x5C,0x24,0x00,0x00,0x00,0x00,0x11,0xFC,0x10,0x0C,0x00,0x04,
    0x7D,0xFC,0x08,0x0C,0x0B,0xFE,0x10,0x20,0x38,0x24,0x7F,0xBC,0x50,0x78,0x10,0xA8,0x13,0x26,0x12,0x22,0x10,0x60,0x10,0x40,
    0x00,0x00,0x1F,0xF8,0x00,0x08,0x1F,0xF8,0x00,0x18,0x00,0x18,0x7F,0xFE,0x01,0x80,0x19,0x98,0x09,0xF0,0x07,0xE0,0x19,0xB0,
    0x71,0x8E,0x03,0x84,0x00,0x00,0x00,0x00,0x00,0x20,0x7C,0x20,0x4C,0x20,0x49,0xFC,0x48,0x20,0x58,0x20,0x5B,0xFE,0x48,0x20,
    0x45,0x20,0x45,0x26,0x5D,0x26,0x51,0x26,0x41,0x3E,0x41,0xF6,0x00,0x00,0x00,0x00,0x00,0x20,0x7B,0x28,0x1D,0x2C,0x1B,0x20,
    0x3F,0x3E,0x4C,0xF0,0x1E,0x24,0x31,0xB4,0x4C,0x14,0x36,0x18,0x0D,0x18,0x33,0x38,0x0C,0x6E,0x38,0xC6,0x00,0x00,0x00,0x00,
    0x00,0x00,0x00,0x20,0x7C,0x30,0x0C,0x20,0x24,0xFE,0x24,0x86,0x24,0x86,0x2C,0x86,0x3C,0xFE,0x3E,0x86,0x06,0x80,0x7E,0x80,
    0x47,0x80,0x05,0x00,0x1F,0x00,0x00,0x00,0x00,0x00,0x1F,0xF8,0x10,0x08,0x10,0x08,0x10,0x08,0x1F,0xF8,0x00,0x00,0x00,0x00,
    0x3F,0xFC,0x20,0x04,0x20,0x04,0x20,0x04,0x3F,0xFC,0x20,0x04,0x00,0x00,0x00,0x00,0x00,0x00,0x10,0x00,0x11,0xFC,0x3D,0x84,
    0x21,0x84,0x61,0x8C,0x7D,0xFC,0x10,0x00,0x10,0x00,0x7F,0xFC,0x11,0x04,0x11,0x04,0x1F,0x04,0x19,0xFC,0x11,0x04,0x00,0x00,
    0x08,0x00,0x09,0xFC,0x19,0x04,0x11,0x04,0x31,0x04,0x71,0xFC,0x70,0x00,0x10,0x00,0x13,0xFE,0x12,0x06,0x12,0x06,0x12,0x06,
    0x13,0xFE,0x13,0x06,0x00,0x00,0x00,0x00,0x00,0x00,0x10,0x40,0x18,0xC0,0x00,0xFE,0x7F,0x80,0x13,0x0E,0x10,0xF8,0x1C,0x90,
    0x16,0x92,0x14,0x96,0x34,0x98,0x24,0x90,0x24,0x88,0x64,0xEC,0x4C,0xC6,0x00,0x00,0x00,0x00,0x3F,0xFC,0x30,0x04,0x3F,0xFC,
    0x24,0xFC,0x2D,0x80,0x39,0xFC,0x26,0xFC,0x24,0x84,0x3C,0xFC,0x24,0xFC,0x65,0xC8,0x44,0x70,0x45,0xFE,0x01,0x00,0x00,0x00,
    0x00,0x00,0x30,0x0C,0x30,0x04,0x3F,0xF8,0x26,0xD8,0x2F,0xFC,0x21,0xF0,0x22,0xDC,0x2C,0x84,0x21,0x80,0x2F,0xFE,0x23,0x20,
    0x60,0xF0,0x47,0x9C,0x04,0x00,0x00,0x00,0x00,0x20,0x10,0x28,0x20,0xA8,0x20,0x20,0x4D,0xFE,0x78,0xA8,0x11,0x2E,0x10,0x62,
    0x23,0xFE,0x78,0xC8,0x00,0x88,0x08,0xF0,0x70,0x3C,0x03,0xC6,0x00,0x00,0x00,0x00,0x00,0x00,0x01,0x00,0x01,0xF8,0x01,0x00,
    0x3F,0xFE,0x21,0x06,0x21,0xF0,0x3F,0x00,0x21,0x8C,0x20,0xF8,0x20,0x40,0x2C,0x4C,0x2B,0x06,0x6B,0x02,0x41,0xF0,0x00,0x00,
    0x00,0x00,0x08,0x00,0x1F,0xFC,0x30,0x00,0x6F,0xF8,0x5F,0xF8,0x00,0x08,0x1F,0xC8,0x00,0xC8,0x00,0x48,0x7F,0xE8,0x12,0x48,
    0x17,0x8A,0x3B,0x86,0x66,0x66,0x04,0x00,0x08,0x40,0x10,0x40,0x33,0xFC,0x60,0x44,0x0F,0xFE,0x10,0x44,0x30,0x4C,0x70,0x40,
    0x50,0x40,0x17,0xFC,0x10,0x40,0x17,0xFE,0x10,0x40,0x10,0x40,0x10,0x40,0x00,0x00,0x01,0x00,0x01,0x80,0x3F,0xFC,0x03,0x04,
    0x32,0x4C,0x07,0x88,0x01,0x00,0x12,0x6C,0x67,0xE4,0x01,0x80,0x7F,0xFE,0x01,0x80,0x01,0x80,0x01,0x80,0x00,0x00,0x00,0x00,
    0x00,0x40,0x20,0x7C,0x10,0x40,0x07,0xFC,0x04,0x44,0x64,0x78,0x17,0xC0,0x04,0x44,0x14,0x78,0x14,0x20,0x34,0x24,0x27,0x92,
    0x6A,0x82,0x4A,0xF8,0x00,0x00,0x00,0x00,0x10,0x00,0x11,0xFC,0x30,0x04,0x25,0xFC,0x4C,0x0C,0x78,0x0C,0x1B,0xFE,0x10,0x20,
    0x21,0x24,0x7D,0xF8,0x00,0xF8,0x01,0xAC,0x7B,0x26,0x00,0x60,0x00,0x40,0x00,0x00,0x00,0x00,0x01,0x00,0x01,0x80,0x7F,0xFE,
    0x02,0x40,0x12,0x48,0x32,0x4C,0x62,0x46,0x42,0x40,0x00,0x00,0x21,0x84,0x21,0x84,0x21,0x84,0x21,0x84,0x3F,0xFC,0x00,0x04,
    0x00,0x00,0x01,0x00,0x7F,0xFE,0x06,0x40,0x16,0x48,0x36,0x4C,0x66,0x46,0x00,0x78,0x3F,0xC0,0x01,0x80,0x1F,0xF8,0x01,0x80,
    0x7F,0xFE,0x01,0x80,0x03,0x80,0x03,0x00,0x01,0x00,0x01,0x80,0x7F,0xFE,0x12,0x48,0x32,0x4C,0x62,0x46,0x42,0x40,0x1F,0xF8,
    0x00,0x70,0x00,0xC0,0x7F,0xFE,0x00,0x80,0x00,0x80,0x03,0x80,0x03,0x00,0x00,0x00,0x00,0x40,0x30,0x40,0x17,0xFE,0x00,0xB0,
    0x02,0xBC,0x64,0xB6,0x34,0xB0,0x00,0x40,0x07,0xFE,0x17,0xFE,0x31,0xD0,0x23,0x48,0x66,0x46,0x44,0x40,0x00,0x40,0x00,0x00,
    0x02,0x00,0x3E,0x7E,0x20,0x46,0x22,0x46,0x2A,0x76,0x2A,0x56,0x2A,0x5E,0x22,0x4E,0x22,0x46,0x7E,0x46,0x26,0x46,0x04,0x4C,
    0x18,0x40,0x30,0x40,0x00,0x40,0x00,0x00,0x00,0x20,0x1F,0x20,0x2C,0x20,0x0C,0x20,0x7F,0xA0,0x7F,0xA0,0x0C,0x20,0x0C,0x20,
    0x3F,0x20,0x21,0x20,0x21,0x20,0x21,0x22,0x3F,0x22,0x21,0x3E,0x00,0x00,0x00,0x00,0x00,0x00,0x10,0x20,0x10,0x20,0x13,0xFE,
    0x12,0x02,0x78,0x00,0x11,0xFC,0x11,0x04,0x39,0x04,0x71,0xFC,0x10,0x20,0x11,0x20,0x11,0x24,0x12,0x22,0x32,0x60,0x00,0x40,
    0x00,0x00,0x00,0x40,0x00,0x40,0x7E,0xFC,0x56,0xC8,0x57,0x58,0x56,0x30,0x7E,0x70,0x56,0xDE,0x57,0x86,0x56,0xFC,0x5E,0x84,
    0x7E,0x84,0x40,0xFC,0x00,0xCC,0x00,0x80,0x10,0x60,0x10,0x60,0x10,0x70,0x18,0x90,0x7D,0x8C,0x13,0x06,0x12,0x82,0x1C,0x98,
    0x78,0xF0,0x50,0xC0,0x10,0x80,0x10,0x80,0x10,0x86,0x30,0xFC,0x00,0x00,0x00,0x00,0x00,0x00,0x18,0x20,0x10,0x60,0x7E,0x70,
    0x30,0xD8,0x21,0x8C,0x2B,0x06,0x68,0x80,0x7E,0x8C,0x08,0xF8,0x08,0xE0,0x7E,0x80,0x68,0x80,0x08,0x86,0x08,0xFC,0x00,0x00,
    0x00,0x00,0x08,0x40,0x08,0xC0,0x18,0xE0,0x11,0x98,0x33,0x0C,0x36,0x06,0x74,0x80,0x50,0x98,0x10,0xF0,0x10,0xC0,0x10,0x80,
    0x10,0x80,0x10,0x86,0x10,0xFC,0x10,0x00,0x00,0x00,0x01,0x80,0x03,0x80,0x02,0xC0,0x06,0x60,0x0C,0x30,0x38,0x1C,0x6C,0x0E,
    0x0C,0x70,0x0D,0xC0,0x0F,0x00,0x0C,0x00,0x0C,0x0C,0x04,0x08,0x07,0xF8,0x00,0x00,0x00,0x00,0x00,0x40,0x20,0x40,0x18,0xE0,
    0x01,0xB0,0x01,0x18,0x62,0x0E,0x35,0x82,0x01,0x88,0x01,0xB8,0x11,0xE0,0x11,0x80,0x31,0x80,0x21,0x84,0x61,0xFC,0x00,0x00,
    0x00,0x00,0x00,0x60,0x18,0x60,0x10,0x70,0x24,0xD8,0x65,0x8C,0x7D,0x86,0x5B,0xC2,0x10,0xCC,0x30,0xF0,0x7C,0xE0,0x00,0xC0,
    0x00,0xC0,0x3C,0xC6,0x60,0xFC,0x00,0x00,0x00,0x00,0x00,0x40,0x30,0x60,0x18,0xE0,0x08,0x90,0x01,0x08,0x73,0x0C,0x17,0x86,
    0x10,0x98,0x10,0xB0,0x10,0xC0,0x14,0x80,0x1C,0x80,0x18,0x86,0x10,0xFC,0x00,0x00,0x04,0x60,0x3F,0xFE,0x06,0x60,0x00,0x00,
    0x3F,0xFC,0x22,0x44,0x32,0x6C,0x3F,0xFC,0x04,0x00,0x0F,0xF8,0x30,0x10,0x26,0x60,0x03,0xC0,0x3F,0x00,0x20,0x00,0x00,0x00,
    0x00,0x00,0x11,0xFC,0x11,0x26,0x19,0x36,0x7D,0xFE,0x55,0x36,0x55,0xFC,0x54,0x48,0x7D,0xF0,0x50,0x24,0x14,0xFE,0x14,0xF2,
    0x7E,0xA0,0x41,0xA6,0x03,0x62,0x00,0x40,0x00,0x00,0x3F,0xFC,0x22,0x64,0x22,0x64,0x3F,0xFC,0x02,0x00,0x06,0x00,0x0F,0xFC,
    0x18,0x08,0x30,0x18,0x03,0x30,0x01,0xE0,0x01,0xC0,0x3F,0x00,0x20,0x00,0x00,0x00,0x00,0x00,0x27,0xFC,0x26,0xB4,0x34,0x94,
    0x06,0xB4,0x07,0xFC,0x70,0x80,0x31,0xFC,0x33,0x0C,0x36,0x98,0x30,0xF0,0x30,0x60,0x33,0x80,0x3E,0x00,0x47,0xFE,0x00,0x00,
    0x10,0x00,0x31,0xFE,0x3D,0x4A,0x39,0x4A,0x41,0xFE,0x7D,0xFE,0x10,0x40,0x10,0xFE,0x7D,0x86,0x13,0x44,0x10,0x6C,0x14,0x38,
    0x1C,0x30,0x19,0xC0,0x00,0x00,0x00,0x00,0x00,0x00,0x10,0x20,0x3F,0x7E,0x24,0xD8,0x44,0x88,0x3F,0xFC,0x22,0x64,0x32,0x64,
    0x3F,0xFC,0x06,0x00,0x0F,0xF8,0x38,0x18,0x26,0x30,0x03,0xE0,0x3F,0x80,0x30,0x00,0x00,0x00,0x79,0xFE,0x09,0x26,0x29,0xFE,
    0x69,0x26,0x49,0xFC,0x48,0x48,0x7D,0xF8,0x04,0x64,0x04,0xEE,0x75,0xFA,0x04,0x28,0x05,0x24,0x1A,0x62,0x00,0x40,0x00,0x00,
    0x00,0x00,0x10,0x00,0x11,0xFC,0x01,0x24,0x79,0xFC,0x19,0x24,0x11,0x24,0x15,0xFC,0x3C,0x20,0x5B,0xFE,0x14,0x60,0x10,0xF0,
    0x11,0xA8,0x13,0x26,0x12,0x22,0x10,0x20,0x04,0x40,0x7F,0xFE,0x04,0x60,0x05,0x80,0x31,0xF8,0x03,0x18,0x46,0x90,0x70,0x60,
    0x01,0xFE,0x17,0x06,0x33,0xF8,0x23,0x08,0x63,0x08,0x43,0xF8,0x00,0x00,0x00,0x00,0x00,0x00,0x01,0x80,0x31,0x80,0x1B,0xF8,
    0x03,0x98,0x06,0x90,0x60,0x60,0x30,0xF0,0x03,0x9E,0x07,0xFE,0x13,0xF8,0x33,0x08,0x23,0x08,0x63,0xF8,0x43,0x08,0x01,0x08,
    0x00,0x40,0x7C,0x40,0x04,0xFC,0x24,0xC8,0x25,0xC8,0x24,0x30,0x4C,0x30,0x7F,0xCE,0x07,0x82,0x06,0xFC,0x74,0x84,0x44,0x84,
    0x04,0xFC,0x1C,0xCC,0x00,0x84,0x00,0x00,0x00,0x40,0x10,0xC0,0x10,0xFC,0x25,0x8C,0x6D,0x48,0x7A,0x70,0x58,0x70,0x11,0xDC,
    0x23,0x86,0x7C,0xFC,0x00,0x8C,0x04,0x8C,0x7C,0xFC,0x20,0x8C,0x00,0x80,0x00,0x00,0x18,0x00,0x19,0xFC,0x10,0x0C,0x30,0x88,
    0x7E,0x88,0x36,0x88,0x24,0x88,0x24,0xFE,0x64,0x02,0x1C,0x02,0x0D,0xFE,0x1E,0x06,0x32,0x04,0x60,0x1C,0x00,0x00,0x00,0x00,
    0x00,0x00,0x01,0x80,0x01,0x80,0x3F,0xFC,0x22,0x10,0x22,0x10,0x26,0x30,0x2F,0x7C,0x26,0x30,0x27,0xB8,0x2E,0xF8,0x2A,0x54,
    0x7A,0x92,0x42,0x10,0x42,0x10,0x02,0x00,0x00,0x00,0x7F,0xFC,0x18,0x0C,0x10,0x88,0x10,0x88,0x18,0x88,0x7C,0x88,0x10,0xFE,
    0x10,0x06,0x10,0x02,0x1D,0xFE,0x78,0x06,0x40,0x06,0x00,0x1C,0x00,0x00,0x00,0x00,0x00,0x00,0x7F,0xFC,0x10,0x08,0x10,0xC8,
    0x10,0x88,0x3C,0x88,0x34,0x88,0x74,0xFE,0x74,0x02,0x34,0x06,0x3D,0xFE,0x3C,0x04,0x30,0x04,0x00,0x1C,0x00,0x00,0x00,0x00,
    0x08,0x00,0x19,0xFC,0x18,0x0C,0x7E,0x88,0x5A,0x88,0x5A,0x88,0x5A,0x88,0x7E,0xFE,0x5A,0x02,0x18,0x02,0x1B,0xFE,0x1E,0x06,
    0x72,0x04,0x00,0x1C,0x00,0x10,0x00,0x00,0x00,0x00,0x3F,0xF0,0x00,0x10,0x0C,0x10,0x08,0x30,0x08,0x30,0x08,0x30,0x0F,0xFC,
    0x00,0x04,0x00,0x04,0x7F,0xF4,0x00,0x04,0x00,0x0C,0x00,0x38,0x00,0x00,0x00,0x00,0x00,0x00,0x3E,0x7C,0x22,0x4C,0x3E,0x7C,
    0x00,0x00,0x1F,0xF0,0x00,0x30,0x08,0x30,0x0F,0xFC,0x0F,0xFC,0x00,0x04,0x7F,0xE4,0x00,0x04,0x00,0x1C,0x00,0x00,0x00,0x00,
    0x00,0x00,0x00,0x60,0x03,0xFC,0x7F,0xFC,0x5E,0x88,0x5E,0x88,0x5F,0xFE,0x5C,0x88,0x5C,0xC8,0x7D,0xFC,0x5D,0x9C,0x47,0xAA,
    0x44,0xA8,0x0C,0x88,0x08,0x88,0x00,0x08,0x00,0x00,0x7F,0xF8,0x64,0x08,0x44,0x08,0x45,0x88,0x45,0x08,0x45,0x08,0x45,0xFE,
    0x6C,0x06,0x7C,0x02,0x47,0xFE,0x40,0x06,0x00,0x04,0x00,0x1C,0x00,0x00,0x00,0x00,0x00,0x00,0x00,0x00,0x13,0xFC,0x12,0x24,
    0x12,0x24,0x13,0xFC,0x7E,0x24,0x12,0x24,0x13,0xFC,0x10,0x20,0x10,0x20,0x1B,0xFE,0x78,0x20,0x40,0x20,0x07,0xFE,0x00,0x00,
    0x00,0x00,0x3F,0xFE,0x00,0x04,0x0C,0x4C,0x06,0x40,0x10,0x40,0x18,0x40,0x04,0xC0,0x00,0xC0,0x7F,0xFE,0x01,0x80,0x03,0x60,
    0x06,0x18,0x38,0x0C,0x00,0x00,0x00,0x00,0x00,0x00,0x01,0x00,0x3F,0xFC,0x01,0x80,0x01,0x00,0x1F,0xFC,0x01,0x00,0x7F,0xFE,
    0x03,0x00,0x07,0xF0,0x0E,0x30,0x3A,0x60,0x01,0xC0,0x03,0xC0,0x3C,0x3E,0x20,0x00,0x00,0x80,0x01,0x80,0x3F,0xFC,0x00,0x80,
    0x3F,0xFC,0x00,0x44,0x06,0x6C,0x13,0x40,0x0C,0x40,0x04,0x40,0x3F,0xFE,0x01,0x80,0x03,0x30,0x3C,0x0C,0x20,0x00,0x00,0x00,
    0x20,0x00,0x37,0xFE,0x10,0xC0,0x10,0xC0,0x00,0xFC,0x70,0xFC,0x10,0x84,0x10,0x84,0x10,0x84,0x11,0x04,0x13,0x0C,0x12,0x18,
    0x3C,0x00,0x67,0xFE,0x00,0x00,0x00,0x00,0x00,0x00,0x00,0x60,0x3C,0x30,0x24,0x10,0x25,0xE0,0x24,0x22,0x3C,0x26,0x25,0xFC,
    0x24,0xB8,0x3C,0xB8,0x24,0xA8,0x25,0xA4,0x25,0x26,0x45,0x22,0x48,0x60,0x00,0x40,0x00,0x00,0x00,0x90,0x7B,0xFE,0x4B,0xFE,
    0x48,0x90,0x7B,0xFE,0x58,0xD0,0x48,0xD0,0x7B,0xFE,0x7A,0xD2,0x4A,0xD2,0x5A,0xBA,0x7B,0xAE,0x42,0x22,0x02,0x0E,0x02,0x00,
    0x00,0x00,0x10,0x00,0x31,0xFC,0x3D,0xFC,0x2D,0x04,0x49,0xFC,0x40,0x00,0x33,0xFE,0x32,0x52,0x33,0xFE,0x30,0x00,0x31,0xFC,
    0x38,0xD8,0x30,0x70,0x03,0xDE,0x02,0x02,0x01,0x00,0x01,0x80,0x7F,0xFE,0x02,0x40,0x12,0x58,0x32,0x4C,0x62,0x44,0x01,0x80,
    0x1F,0xF8,0x11,0x88,0x1F,0xF8,0x11,0x88,0x01,0x8C,0x7F,0xF6,0x00,0x00,0x00,0x00,0x01,0x90,0x21,0x98,0x17,0xFE,0x01,0x90,
    0x07,0xFE,0x67,0xFE,0x20,0x90,0x07,0xFE,0x14,0x92,0x34,0xB2,0x25,0x7A,0x67,0x2E,0x44,0x42,0x04,0x0E,0x04,0x00,0x00,0x00,
    0x00,0x00,0x06,0x60,0x7F,0xFE,0x06,0x20,0x1F,0xF8,0x1F,0xF8,0x1F,0xF8,0x00,0x00,0x3F,0xFC,0x26,0x44,0x3F,0xFC,0x1F,0xF8,
    0x04,0x30,0x03,0xC0,0x3F,0xFC,0x20,0x04,0x1F,0xF8,0x10,0x08,0x1F,0xF8,0x10,0x08,0x1F,0xF8,0x3F,0xFC,0x26,0x64,0x26,0x64,
    0x3F,0xFC,0x1F,0xF8,0x04,0x30,0x02,0x60,0x03,0xC0,0x7E,0x7E,0x00,0x00,0x00,0x00,0x11,0xF8,0x11,0x0C,0x11,0xFC,0x1D,0x0C,
    0x55,0xF8,0x53,0xFE,0x52,0x92,0x12,0xD6,0x10,0x00,0x13,0xFC,0x10,0x88,0x10,0xD0,0x10,0x70,0x17,0x8E,0x10,0x00,0x00,0x00,
    0x03,0xFC,0x32,0x04,0x13,0xFC,0x03,0x04,0x41,0xF8,0x37,0xFE,0x04,0x92,0x07,0xFE,0x10,0x00,0x13,0xF8,0x21,0x98,0x60,0xF0,
    0x60,0xF0,0x47,0x9E,0x00,0x00,0x00,0x00,0x01,0xF8,0x33,0x08,0x13,0xF8,0x02,0x08,0x03,0xF8,0x73,0xFC,0x14,0xB6,0x14,0xB6,
    0x17,0xFC,0x13,0xF8,0x11,0x98,0x18,0xB0,0x30,0xE0,0x07,0x9E,0x00,0x00,0x00,0x00,0x00,0x00,0x04,0x20,0x04,0x20,0x7F,0xFE,
    0x04,0x20,0x04,0x20,0x01,0x80,0x7F,0xFE,0x7F,0xFE,0x18,0x00,0x18,0x00,0x18,0x00,0x18,0x00,0x18,0x00,0x0F,0xF8,0x00,0x00,
    0x04,0x20,0x04,0x20,0x7F,0xFE,0x04,0x20,0x20,0xC0,0x30,0x40,0x07,0xFE,0x47,0xFE,0x31,0x00,0x01,0x00,0x09,0x00,0x11,0x00,
    0x31,0x00,0x61,0xFC,0x00,0x00,0x00,0x00,0x00,0x00,0x01,0x80,0x01,0x80,0x7F,0xFE,0x10,0x00,0x1F,0xFC,0x1F,0xFC,0x00,0x00,
    0x1F,0xF8,0x18,0x08,0x1F,0xF8,0x18,0x08,0x1F,0xF8,0x18,0x08,0x1F,0xF8,0x00,0x00,0x00,0x00,0x11,0xFC,0x11,0x04,0x01,0x04,
    0x7D,0xFC,0x21,0x20,0x21,0x20,0x21,0x30,0x21,0xFE,0x21,0x10,0x21,0x10,0x3D,0x58,0x01,0xCA,0x01,0x86,0x00,0x00,0x00,0x00,
    0x00,0x00,0x10,0x20,0x10,0x30,0x10,0x10,0x1D,0xFE,0x77,0xFE,0x56,0x80,0x50,0x80,0x50,0x80,0x10,0x80,0x10,0x80,0x10,0x80,
    0x10,0x80,0x10,0xFE,0x10,0x00,0x00,0x00,0x04,0x20,0x7F,0xFE,0x7F,0xFE,0x05,0x30,0x01,0x08,0x7F,0xFE,0x06,0x20,0x0C,0x38,
    0x72,0x2E,0x26,0x64,0x3F,0xFC,0x04,0x20,0x0C,0x20,0x38,0x20,0x00,0x00,0x00,0x00,0x04,0x88,0x2C,0x88,0x1B,0xFE,0x38,0xD8,
    0x68,0x88,0x48,0x00,0x09,0xFE,0x19,0x26,0x39,0x26,0x69,0xFE,0x49,0x26,0x09,0x26,0x09,0xFE,0x31,0xFE,0x20,0x00,0x00,0x00,
    0x04,0x20,0x7F,0xFE,0x4C,0x60,0x04,0x20,0x1F,0xF8,0x00,0x38,0x02,0x60,0x03,0xE0,0x7F,0xFE,0x02,0x84,0x04,0x80,0x18,0x80,
    0x70,0x80,0x43,0x80,0x00,0x00,0x00,0x00,0x10,0x80,0x10,0x88,0x31,0xFE,0x3B,0xFE,0x60,0x88,0x7C,0x00,0x11,0xFC,0x11,0x24,
    0x7D,0x24,0x11,0xFC,0x11,0x24,0x1D,0x24,0x19,0xFC,0x11,0x04,0x00,0x00,0x00,0x00,0x00,0x00,0x01,0xF8,0x3F,0x00,0x03,0x00,
    0x03,0x10,0x0F,0xF0,0x3B,0x00,0x03,0x04,0x03,0xFC,0x7F,0x00,0x03,0x00,0x03,0x02,0x01,0x06,0x01,0xFC,0x00,0x00,0x00,0x00,
    0x1F,0xF8,0x00,0x18,0x02,0x30,0x03,0xC0,0x01,0xC0,0x00,0xC0,0x7F,0xFE,0x03,0xC4,0x06,0xC4,0x04,0xC0,0x08,0xC0,0x30,0xC0,
    0x60,0x80,0x01,0x80,0x01,0x00,0x00,0x00,0x00,0x00,0x10,0x00,0x13,0xCC,0x3E,0x1E,0x22,0x52,0x62,0x52,0x7A,0x52,0x12,0x52,
    0x12,0x52,0x7E,0xD2,0x13,0xD2,0x12,0xD6,0x1C,0x94,0x19,0x90,0x13,0x10,0x00,0x00,0x02,0x00,0x3E,0x7E,0x20,0x46,0x22,0x46,
    0x22,0x46,0x22,0x46,0x22,0x46,0x22,0x46,0x2E,0x46,0x7E,0x46,0x26,0x4E,0x04,0x4C,0x18,0x40,0x70,0x40,0x00,0x40,0x00,0x00,
    0x04,0x20,0x04,0x20,0x7F,0xFE,0x04,0x20,0x00,0x98,0x00,0x88,0x1F,0xFE,0x10,0x80,0x10,0x98,0x10,0xD0,0x30,0x60,0x30,0xE0,
    0x23,0xB2,0x67,0x1E,0x00,0x00,0x00,0x00,0x3F,0xFC,0x20,0x06,0x27,0xF6,0x20,0x06,0x27,0xF6,0x00,0x00,0x0F,0xF0,0x18,0x18,
    0x18,0x18,0x1F,0xF8,0x18,0x18,0x1F,0xF8,0x18,0x08,0x1F,0xF8,0x00,0x00,0x00,0x00,0x10,0x00,0x11,0xFE,0x11,0x82,0x7F,0x82,
    0x53,0xB2,0x52,0x02,0x52,0x00,0x52,0x86,0x52,0x86,0x52,0x86,0x5E,0x86,0x10,0xC6,0x10,0x86,0x10,0x86,0x00,0x00,0x00,0x00,
    0x00,0x00,0x04,0x10,0x0C,0x20,0x38,0xFE,0x4E,0x86,0x2C,0x86,0x18,0xFE,0x34,0x86,0x4E,0xFE,0x16,0x78,0x66,0x48,0x1A,0x48,
    0x32,0x48,0x66,0x8A,0x0D,0x8E,0x00,0x00,0x06,0x00,0x3C,0xFE,0x20,0x26,0x26,0x24,0x2E,0x44,0x30,0x9C,0x00,0x00,0x1F,0xF8,
    0x10,0x08,0x11,0x88,0x11,0x08,0x01,0x60,0x06,0x38,0x3C,0x0E,0x00,0x00,0x00,0x00,0x01,0x00,0x03,0x00,0x03,0x00,0x06,0x00,
    0x0C,0x60,0x18,0xC0,0x30,0x80,0x61,0x80,0x03,0x10,0x06,0x18,0x0C,0x08,0x18,0x0C,0x3F,0xFE,0x00,0x06,0x00,0x00,0x00,0x00,
    0x00,0x20,0x00,0x60,0x7E,0x40,0x18,0x7E,0x18,0xFE,0x18,0x84,0x7F,0xCC,0x19,0xC8,0x18,0x48,0x18,0x78,0x1E,0x30,0x3C,0x30,
    0x60,0xFC,0x03,0x86,0x00,0x00,0x00,0x00,0x18,0x60,0x18,0x60,0x18,0x40,0x7C,0xFE,0x18,0xCC,0x18,0x88,0x1D,0x88,0x3F,0xC8,
    0x7E,0x48,0x58,0x70,0x18,0x30,0x18,0x70,0x18,0xCC,0x1B,0x86,0x00,0x00,0x00,0x00,0x00,0x00,0x10,0x80,0x10,0x80,0x11,0xFE,
    0x7D,0x00,0x33,0xFC,0x30,0xA4,0x38,0xA4,0x3D,0xFE,0x71,0xEC,0x51,0x24,0x11,0x2C,0x11,0xFE,0x10,0x0C,0x10,0x18,0x00,0x00,
    0x00,0x00,0x00,0x60,0x7E,0x40,0x18,0xFE,0x3D,0x80,0x7E,0xFC,0x5A,0x44,0x5A,0x54,0x76,0xD6,0x67,0xFE,0x42,0xD4,0x7E,0x94,
    0x42,0xFE,0x7E,0x04,0x42,0x0C,0x00,0x08,0x00,0x00,0x01,0x80,0x7F,0xFC,0x6D,0xB6,0x01,0x80,0x0C,0x38,0x08,0x00,0x1F,0xFC,
    0x3F,0xF8,0x19,0x88,0x7F,0xFE,0x11,0x88,0x1F,0xFC,0x00,0x18,0x00,0x10,0x00,0x00,0x11,0x08,0x11,0x8C,0x13,0xFC,0x11,0x08,
    0x7D,0xF8,0x5D,0x08,0x51,0xF8,0x50,0x60,0x13,0xFE,0x18,0xF0,0x3C,0xF8,0x25,0xA8,0x63,0x26,0x46,0x22,0x00,0x20,0x00,0x00,
    0x00,0x00,0x19,0xF8,0x0D,0x18,0x01,0x18,0x61,0x18,0x32,0x0E,0x10,0x00,0x03,0xF8,0x09,0x08,0x18,0x90,0x10,0xF0,0x30,0x60,
    0x21,0xF8,0x67,0x0E,0x00,0x00,0x00,0x00,0x1F,0xFC,0x10,0xC6,0x10,0x86,0x10,0xC6,0x1F,0xFC,0x10,0x00,0x17,0xFC,0x14,0x04,
    0x37,0xFC,0x34,0x04,0x27,0xFC,0x24,0x04,0x66,0x0C,0x47,0xFC,0x04,0x04,0x00,0x00,0x00,0x00,0x11,0x08,0x13,0xFE,0x11,0x8C,
    0x31,0x08,0x7D,0xF8,0x25,0x08,0x25,0xF8,0x28,0x20,0x6B,0xFE,0x38,0xF0,0x18,0xF0,0x1D,0xA8,0x23,0x26,0x46,0x20,0x00,0x20,
    0x00,0x00,0x10,0x88,0x10,0x58,0x39,0xFC,0x38,0x20,0x40,0xFC,0x3C,0x30,0x10,0x20,0x11,0xFE,0x7C,0x20,0x11,0xFC,0x10,0x70,
    0x14,0x50,0x18,0xCC,0x13,0x06,0x00,0x00,0x00,0x00,0x0C,0x00,0x0F,0xFC,0x1F,0xFC,0x30,0x00,0x6F,0xF8,0x09,0x08,0x08,0x88,
    0x3F,0xFE,0x3F,0xFE,0x09,0x88,0x08,0x88,0x0F,0xFC,0x00,0x18,0x00,0x30,0x00,0x20,0x00,0x00,0x04,0x20,0x04,0x20,0x3F,0xFC,
    0x01,0x80,0x01,0x80,0x01,0x80,0x01,0x80,0x7F,0xFE,0x01,0x00,0x3F,0xFC,0x01,0xC0,0x03,0x40,0x06,0x30,0x38,0x1E,0x20,0x00,
    0x00,0x20,0x00,0x20,0x7D,0xFC,0x44,0x60,0x44,0x20,0x6C,0x20,0x7F,0xFE,0x44,0x60,0x44,0xF0,0x6C,0xF8,0x7D,0xAC,0x43,0x26,
    0x02,0x22,0x00,0x20,0x00,0x00,0x00,0x00,0x00,0x00,0x01,0x80,0x3F,0xFE,0x60,0x06,0x64,0x22,0x04,0x20,0x24,0xFC,0x3C,0x20,
    0x04,0x20,0x05,0xFE,0x7C,0x70,0x14,0xF8,0x24,0xAC,0x27,0x26,0x64,0x20,0x00,0x20,0x00,0x00,0x00,0x20,0x18,0x20,0x11,0xFC,
    0x11,0xFC,0x7C,0x20,0x34,0x20,0x27,0xFE,0x24,0x60,0x6C,0x70,0x38,0xF8,0x18,0xAC,0x1D,0x26,0x23,0x22,0x42,0x20,0x00,0x20,
    0x00,0x00,0x10,0x00,0x11,0xFE,0x11,0x12,0x7D,0x32,0x7D,0xFE,0x25,0x00,0x25,0x7E,0x25,0x42,0x6D,0x7E,0x39,0x42,0x19,0x7E,
    0x1F,0x46,0x22,0x46,0x66,0x7E,0x00,0x40,0x00,0x00,0x10,0x00,0x19,0xFC,0x08,0x04,0x20,0x04,0x20,0x04,0x20,0x04,0x20,0x04,
    0x20,0x04,0x20,0x04,0x20,0x04,0x20,0x04,0x20,0x04,0x20,0x04,0x20,0x1C,0x00,0x00,0x00,0x00,0x10,0x00,0x09,0xFE,0x00,0x06,
    0x21,0x86,0x20,0xC6,0x20,0x06,0x2B,0x36,0x2B,0x16,0x2B,0x1E,0x2B,0x06,0x23,0x66,0x21,0xC6,0x20,0x04,0x20,0x0C,0x00,0x00,
    0x00,0x00,0x09,0x00,0x09,0x00,0x10,0xBC,0x10,0x04,0x32,0x04,0x32,0x04,0x52,0x04,0x12,0x04,0x12,0x04,0x12,0x04,0x12,0x04,
    0x12,0x04,0x12,0x04,0x12,0x0C,0x12,0x08,0x04,0x20,0x7F,0xFE,0x7F,0xFE,0x04,0x20,0x00,0xFC,0x3C,0x84,0x24,0xC4,0x3C,0xFC,
    0x24,0x84,0x24,0xC4,0x3C,0xFC,0x24,0x84,0x21,0x84,0x03,0x1C,0x00,0x08,0x00,0x00,0x00,0x00,0x04,0x60,0x7F,0xFE,0x04,0x60,
    0x3F,0xFE,0x60,0x06,0x0F,0xF0,0x00,0x00,0x3F,0xFC,0x07,0x08,0x39,0xF0,0x06,0xD0,0x39,0xD8,0x26,0x4E,0x39,0xC6,0x20,0x80,
    0x10,0x50,0x13,0xFE,0x10,0xD8,0x10,0xD8,0x7B,0xFE,0x12,0xFA,0x30,0x00,0x3D,0xFE,0x70,0xE4,0x53,0x38,0x10,0xF8,0x13,0x34,
    0x10,0xD6,0x13,0x30,0x00,0x00,0x00,0x00,0x00,0x7C,0x3E,0xC4,0x26,0xC4,0x26,0xFC,0x3E,0x84,0x26,0xFC,0x26,0x84,0x3D,0x8C,
    0x01,0x08,0x1F,0xF8,0x1F,0xFC,0x12,0x4C,0x12,0x4C,0x7F,0xFE,0x00,0x00,0x00,0x00,0x10,0x00,0x11,0xFC,0x38,0x18,0x20,0x20,
    0x43,0xFE,0x78,0x20,0x10,0x60,0x10,0x40,0x7D,0xFC,0x13,0xD4,0x13,0x54,0x1F,0x54,0x1B,0x54,0x17,0xFE,0x00,0x00,0x00,0x00,
    0x00,0x00,0x05,0xFC,0x39,0x1C,0x18,0x30,0x38,0x20,0x6B,0xFE,0x08,0x20,0x18,0x60,0x18,0x40,0x2B,0xFC,0x6B,0x54,0x0B,0x54,
    0x0B,0x54,0x1B,0x54,0x37,0xFE,0x20,0x00,0x08,0x10,0x08,0x10,0x7F,0xFE,0x18,0x38,0x1E,0x78,0x2A,0xD6,0x48,0x92,0x02,0x00,
    0x07,0xF8,0x08,0x18,0x33,0x30,0x01,0xE0,0x01,0xC0,0x3F,0x00,0x20,0x00,0x00,0x00,0x00,0x00,0x00,0x00,0x1F,0xF8,0x00,0x60,
    0x00,0x80,0x7F,0xFE,0x00,0x80,0x00,0x80,0x03,0x80,0x03,0x00,0x3F,0xFC,0x32,0x4C,0x32,0x4C,0x32,0x4C,0x7F,0xFE,0x00,0x00,
    0x00,0x60,0x78,0x64,0x4B,0x6C,0x49,0x68,0x79,0x68,0x48,0x60,0x4F,0xFE,0x78,0xF0,0x48,0xF0,0x49,0xF8,0x49,0x6C,0x7B,0x66,
    0x46,0x62,0x00,0x60,0x00,0x00,0x00,0x00,0x00,0x00,0x00,0x18,0x7E,0x4A,0x29,0x2C,0x38,0xAC,0x7E,0x18,0x6E,0x3E,0x6F,0x98,
    0x6E,0x9C,0x66,0xBC,0x7E,0xEA,0x46,0x88,0x7E,0x88,0x47,0xC0,0x41,0x3E,0x00,0x00,0x00,0x80,0x3F,0xFE,0x22,0x10,0x22,0x10,
    0x2F,0x7C,0x27,0x38,0x2A,0x54,0x22,0x10,0x21,0x60,0x2F,0x7C,0x21,0x60,0x61,0x60,0x4F,0x7C,0x41,0x60,0x00,0x00,0x00,0x00,
    0x00,0x00,0x00,0x80,0x3F,0xFE,0x22,0x10,0x22,0x30,0x2F,0x7C,0x27,0x38,0x2A,0xD6,0x3A,0x90,0x22,0x48,0x22,0x50,0x2F,0xFE,
    0x21,0xF0,0x46,0x5C,0x4C,0x46,0x00,0x00,0x00,0x40,0x20,0x40,0x32,0x48,0x11,0x58,0x00,0x40,0x07,0xFE,0x70,0xE0,0x10,0xF0,
    0x11,0x58,0x13,0x4C,0x16,0x44,0x10,0x40,0x3C,0x40,0x67,0xFE,0x00,0x00,0x00,0x00,0x00,0x10,0x30,0x96,0x16,0xD4,0x02,0x54,
    0x00,0x30,0x70,0xFE,0x36,0x30,0x32,0x38,0x32,0x74,0x32,0xD6,0x3A,0x90,0x3A,0x10,0x37,0x80,0x0C,0x7E,0x00,0x00,0x00,0x00,
    0x00,0x00,0x00,0x40,0x7C,0xC0,0x0C,0xC0,0x0C,0xFE,0x3D,0x04,0x63,0x04,0x40,0x20,0x60,0x20,0x7C,0xAC,0x0D,0xA4,0x09,0x26,
    0x0B,0x22,0x08,0x20,0x38,0x60,0x00,0x00,0x00,0x00,0x01,0x80,0x11,0x88,0x19,0x98,0x09,0x90,0x01,0x80,0x01,0x80,0x7F,0xFE,
    0x03,0xC0,0x07,0xE0,0x05,0xB0,0x09,0x98,0x39,0x8E,0x61,0x82,0x01,0x80,0x00,0x00,0x00,0x00,0x04,0x0C,0x78,0x6C,0x18,0x28,
    0x18,0x08,0x7C,0x48,0x19,0x4C,0x19,0x5E,0x1D,0x52,0x3F,0x72,0x3A,0x60,0x58,0x60,0x58,0xC4,0x1B,0xC4,0x1A,0x7C,0x10,0x00,
    0x00,0x00,0x00,0x38,0x3F,0xE0,0x01,0x10,0x19,0x10,0x08,0x20,0x1F,0xF8,0x10,0x08,0x11,0x08,0x11,0x08,0x11,0x08,0x12,0xC0,
    0x06,0xC0,0x0C,0xC2,0x70,0x7E,0x00,0x00,0x00,0x08,0x30,0xC8,0x18,0x58,0x00,0x10,0x40,0x90,0x64,0x94,0x14,0xB4,0x04,0xA6,
    0x04,0xA2,0x1C,0xC2,0x30,0xC0,0x21,0x80,0x67,0x86,0x44,0xFC,0x00,0x00,0x00,0x00,0x01,0x00,0x01,0x80,0x22,0x26,0x23,0x22,
    0x14,0xC8,0x35,0x84,0x07,0x30,0x73,0xE0,0x01,0x80,0x1F,0xF8,0x10,0x88,0x1F,0xF8,0x00,0x98,0x3F,0xFC,0x00,0x00,0x00,0x00,
    0x00,0x00,0x01,0x80,0x01,0x80,0x3F,0xFE,0x21,0x06,0x04,0xB0,0x34,0x64,0x25,0x86,0x07,0x18,0x1F,0xF0,0x60,0x00,0x10,0x8C,
    0x10,0x8C,0x10,0x8C,0x1F,0xFC,0x00,0x04,0x00,0x00,0x7F,0xFC,0x60,0x04,0x0F,0xF8,0x0F,0xF8,0x08,0x18,0x0F,0xF8,0x06,0x00,
    0x7F,0xFE,0x08,0x10,0x7F,0xFE,0x49,0x98,0x09,0x98,0x09,0xB0,0x00,0x00,0x00,0x00,0x00,0x00,0x10,0x60,0x10,0x60,0x11,0xFC,
    0x19,0x04,0x7D,0xFC,0x11,0x04,0x3D,0xFC,0x3C,0x20,0x71,0xFE,0x51,0x26,0x11,0x26,0x11,0x26,0x11,0x2C,0x10,0x20,0x00,0x00,
    0x01,0xFC,0x7B,0x0C,0x4B,0x04,0x4B,0x04,0x7B,0xFC,0x4B,0x20,0x4B,0x20,0x7B,0xFC,0x4B,0x30,0x4B,0x10,0x4B,0x10,0x7B,0x50,
    0x4B,0xCA,0x03,0x0E,0x00,0x00,0x00,0x00,0x00,0x00,0x10,0x20,0x10,0x60,0x31,0xFC,0x25,0x04,0x6D,0xFC,0x79,0x04,0x19,0xFC,
    0x10,0x20,0x21,0xFE,0x7D,0x32,0x01,0x22,0x05,0x22,0x79,0x26,0x01,0x24,0x00,0x20,0x00,0x00,0x3F,0xFC,0x37,0xE8,0x30,0x08,
    0x37,0xEC,0x08,0x00,0x1F,0xE0,0x30,0x60,0x7F,0xF8,0x11,0x08,0x1F,0xF8,0x02,0xC0,0x0C,0xC2,0x38,0x7E,0x00,0x00,0x00,0x00,
    0x00,0x00,0x02,0x00,0x06,0x00,0x0F,0xE0,0x18,0x60,0x7F,0xF8,0x19,0x88,0x11,0x88,0x11,0x08,0x1F,0xF8,0x13,0xC0,0x02,0xC0,
    0x04,0xC0,0x18,0xC2,0x30,0x7E,0x00,0x00,0x00,0x00,0x10,0x10,0x3E,0x10,0x22,0x10,0x46,0x7C,0x3F,0xB6,0x25,0x96,0x24,0xB4,
    0x2D,0xA4,0x3F,0xA4,0x0F,0x64,0x0B,0x5C,0x1B,0x48,0x33,0x02,0x61,0xFE,0x00,0x00,0x00,0x00,0x18,0x40,0x10,0xC0,0x10,0xF8,
    0x19,0x90,0x7C,0x10,0x15,0xFC,0x25,0x24,0x25,0x24,0x25,0xFC,0x38,0x50,0x18,0x50,0x1C,0x90,0x31,0x92,0x63,0x1E,0x00,0x00,
    0x10,0x00,0x13,0xFE,0x30,0x20,0x20,0x20,0x6F,0xFE,0x7A,0x4A,0x5A,0x4A,0x12,0x7A,0x22,0x4A,0x7E,0x5A,0x22,0x7A,0x02,0x4A,
    0x7B,0xFE,0x43,0x06,0x00,0x00,0x00,0x00,0x00,0x00,0x7F,0xFE,0x01,0x00,0x03,0x00,0x3F,0xFC,0x26,0x44,0x26,0x44,0x27,0xC4,
    0x26,0x44,0x27,0xC4,0x26,0x44,0x26,0x44,0x3F,0xFC,0x30,0x0C,0x00,0x00,0x00,0x00,0x04,0x20,0x04,0x20,0x7F,0xFE,0x04,0x60,
    0x04,0x20,0x00,0x00,0x3F,0xFC,0x31,0x8C,0x31,0x8C,0x3F,0xFC,0x31,0x8C,0x31,0x8C,0x3F,0xFC,0x30,0x0C,0x00,0x00,0x00,0x00,
    0x00,0x00,0x10,0x88,0x10,0x88,0x13,0xFE,0x10,0x98,0x78,0x88,0x10,0x00,0x13,0xFC,0x3B,0x24,0x73,0x24,0x13,0xFC,0x13,0x24,
    0x13,0x24,0x13,0x24,0x33,0xFC,0x00,0x00,0x00,0x88,0x78,0x88,0x4B,0xFE,0x48,0x88,0x48,0x88,0x78,0x00,0x4B,0xFE,0x4B,0x26,
    0x7B,0x26,0x4B,0xFE,0x4B,0x26,0x4B,0x26,0x7B,0xFE,0x43,0xFE,0x00,0x00,0x00,0x00,0x04,0x40,0x46,0x60,0x46,0x60,0x00,0x40,
    0x18,0x60,0x78,0xFC,0x2C,0x84,0x38,0xFC,0x6C,0x84,0x14,0xFC,0x6E,0x50,0x1E,0x50,0x66,0x92,0x0D,0x9E,0x00,0x00,0x00,0x00,
    0x00,0x00,0x00,0x20,0x3C,0x20,0x38,0x20,0x08,0xAC,0x18,0xA6,0x7E,0xA2,0x19,0xA0,0x1D,0x24,0x3A,0x24,0x3A,0x0C,0x68,0x18,
    0x48,0x30,0x08,0x60,0x0B,0x80,0x08,0x00,0x00,0x10,0x2F,0x10,0x09,0x10,0x09,0x10,0x0F,0x54,0x69,0x52,0x29,0xD2,0x09,0x90,
    0x0F,0x16,0x29,0x04,0x29,0x08,0x4F,0x18,0x48,0x30,0x40,0xE0,0x00,0x80,0x00,0x00,0x00,0x00,0x00,0x80,0x00,0x80,0x3F,0xFE,
    0x30,0x40,0x20,0x40,0x20,0xC0,0x27,0xFC,0x24,0x44,0x24,0x44,0x27,0xFC,0x24,0x44,0x24,0x44,0x67,0xFC,0x44,0x0C,0x00,0x00,
    0x00,0x00,0x18,0x20,0x18,0x20,0x10,0x20,0x7E,0xA4,0x36,0xA4,0x34,0xA2,0x25,0xA0,0x25,0x24,0x25,0x24,0x18,0x2C,0x1C,0x18,
    0x16,0x30,0x60,0x60,0x43,0xC0,0x00,0x00,0x04,0x20,0x7F,0xFE,0x04,0x20,0x04,0x20,0x3F,0xFC,0x22,0x44,0x3F,0xFC,0x00,0x90,
    0x1F,0xFC,0x30,0xC0,0x28,0x58,0x2C,0x70,0x20,0xF2,0x43,0x1E,0x00,0x04,0x00,0x00,0x00,0x00,0x3F,0xFE,0x01,0x80,0x01,0x80,
    0x11,0x80,0x11,0x8C,0x11,0x88,0x31,0x88,0x23,0xC8,0x02,0x40,0x06,0x20,0x0C,0x18,0x18,0x0C,0x60,0x06,0x00,0x00,0x00,0x00,
    0x00,0x00,0x3F,0xF8,0x30,0x08,0x30,0x08,0x3F,0xF8,0x31,0x80,0x30,0x80,0x3F,0xFC,0x30,0x80,0x30,0x80,0x30,0x40,0x36,0x60,
    0x3C,0x32,0x30,0x1E,0x00,0x00,0x00,0x00,0x11,0xFC,0x11,0xFC,0x11,0x04,0x19,0x04,0x7D,0xFC,0x11,0x20,0x11,0x20,0x19,0xFE,
    0x71,0x30,0x11,0x10,0x11,0x10,0x11,0x5A,0x11,0xCE,0x73,0x06,0x00,0x00,0x00,0x00,0x00,0x00,0x1F,0xF8,0x3F,0xF8,0x32,0x48,
    0x32,0x48,0x32,0x48,0x32,0x48,0x32,0x48,0x32,0x48,0x32,0x48,0x32,0x48,0x32,0x48,0x7F,0xFE,0x7F,0xFE,0x00,0x00,0x00,0x00,
    0x00,0x00,0x10,0x20,0x10,0x20,0x3F,0x20,0x60,0x7E,0x7F,0x44,0x29,0xC4,0x29,0x4C,0x7F,0xA8,0x23,0x28,0x2A,0x28,0x22,0x18,
    0x3F,0x98,0x02,0x6C,0x0E,0xC6,0x00,0x00,0x00,0x00,0x11,0x00,0x11,0xBE,0x10,0x02,0x1A,0x22,0x7E,0x22,0x76,0xFE,0x52,0x12,
    0x12,0x52,0x12,0x72,0x12,0x32,0x12,0x7A,0x12,0xCA,0x12,0x02,0x12,0x0E,0x10,0x00,0x00,0x00,0x13,0xFE,0x00,0x06,0x20,0x86,
    0x27,0xE6,0x2D,0xB6,0x2C,0xB6,0x2D,0xB6,0x2F,0xF6,0x20,0xA6,0x20,0xB6,0x2F,0xF6,0x20,0x06,0x20,0x0C,0x00,0x08,0x00,0x00,
    0x00,0x00,0x7C,0xFC,0x64,0xC4,0x64,0xC4,0x64,0xFC,0x7C,0xC4,0x64,0xC4,0x64,0xC4,0x64,0xFC,0x7C,0x84,0x64,0x84,0x61,0x84,
    0x01,0x84,0x03,0x0C,0x00,0x00,0x00,0x00,0x00,0x00,0x10,0x00,0x11,0xFE,0x11,0x02,0x7C,0xFC,0x54,0x84,0x54,0xFC,0x54,0x84,
    0x7C,0xFC,0x7C,0x30,0x10,0x30,0x15,0xFE,0x1E,0x48,0x7A,0xCC,0x01,0x86,0x00,0x00,0x00,0x40,0x00,0x40,0x79,0xFC,0x49,0x04,
    0x49,0x24,0x49,0x04,0x49,0x1C,0x49,0x00,0x49,0xFE,0x78,0x02,0x4B,0xF2,0x40,0x02,0x00,0x06,0x00,0x1C,0x00,0x00,0x00,0x00,
    0x00,0x00,0x10,0x20,0x10,0x60,0x3C,0xFC,0x31,0x8C,0x61,0x08,0x7C,0x70,0x18,0x30,0x18,0x60,0x3C,0xFE,0x19,0xC6,0x18,0x46,
    0x1E,0x46,0x1C,0x7E,0x10,0x46,0x00,0x40,0x00,0x00,0x02,0x00,0x06,0x00,0x0F,0xF8,0x18,0x10,0x36,0x20,0x23,0x60,0x01,0xC0,
    0x03,0x00,0x0F,0xFC,0x7C,0x0C,0x0C,0x0C,0x0C,0x0C,0x0F,0xFC,0x0C,0x0C,0x00,0x00,0x00,0x00,0x01,0x80,0x01,0x80,0x02,0x40,
    0x0C,0x30,0x18,0x3C,0x67,0xE6,0x00,0x00,0x1E,0x7C,0x12,0x4C,0x12,0x4C,0x1E,0x48,0x12,0x58,0x10,0x40,0x00,0x40,0x00,0x40,
    0x23,0xBC,0x30,0xC4,0x12,0xD4,0x02,0xC4,0x07,0x9C,0x74,0x44,0x10,0xE0,0x13,0x9C,0x16,0x46,0x11,0xB0,0x18,0x60,0x19,0x98,
    0x10,0x30,0x03,0xC0,0x00,0x00,0x00,0x00,0x10,0x90,0x10,0xD8,0x13,0xFE,0x10,0x90,0x79,0xFC,0x11,0x04,0x11,0xFC,0x19,0x04,
    0x71,0xFC,0x10,0x60,0x13,0xFE,0x10,0x70,0x10,0x98,0x77,0x06,0x00,0x00,0x00,0x00,0x02,0x20,0x3F,0xFC,0x06,0x60,0x1F,0xF8,
    0x1F,0xF8,0x10,0x08,0x1F,0xF8,0x7F,0xFE,0x04,0x70,0x1B,0x98,0x6F,0xF6,0x01,0x80,0x3F,0xFC,0x03,0x80,0x00,0x00,0x00,0x00,
    0x00,0x00,0x04,0x20,0x7F,0xFE,0x04,0x20,0x3F,0xFE,0x22,0x10,0x2F,0x7C,0x26,0x3C,0x2A,0x56,0x22,0x10,0x2F,0xFC,0x21,0x00,
    0x63,0xFC,0x4E,0x04,0x5B,0xFC,0x02,0x00,0x00,0x00,0x10,0xD8,0x13,0xFE,0x10,0xD8,0x7C,0x00,0x39,0xFC,0x11,0x04,0x39,0xFC,
    0x3D,0x04,0x75,0xFC,0x50,0x20,0x13,0xFE,0x10,0x50,0x10,0xC8,0x13,0x06,0x00,0x00,0x00,0x40,0x3C,0x58,0x25,0xFE,0x24,0x00,
    0x2D,0xFC,0x3D,0x04,0x25,0xFC,0x25,0x04,0x3D,0xFC,0x2C,0x20,0x27,0xFE,0x64,0x70,0x44,0x48,0x59,0x86,0x00,0x00,0x00,0x00,
    0x00,0x00,0x00,0x80,0x3F,0xFE,0x20,0x00,0x23,0x18,0x27,0x38,0x27,0xBC,0x2E,0x76,0x2A,0x50,0x2F,0xFC,0x21,0x80,0x23,0xF8,
    0x26,0x0C,0x6E,0x04,0x43,0xFC,0x02,0x04,0x00,0x00,0x00,0x80,0x3F,0xFE,0x22,0x10,0x2F,0x3C,0x27,0x38,0x27,0xBC,0x3A,0x56,
    0x20,0x08,0x27,0xF8,0x20,0xC0,0x2F,0xFC,0x2F,0xFE,0x40,0xC0,0x40,0xC0,0x00,0x80,0x00,0x00,0x00,0x80,0x3F,0xFE,0x22,0x10,
    0x2F,0xFC,0x27,0x38,0x26,0xD4,0x2A,0x90,0x27,0xF8,0x27,0xF8,0x24,0x88,0x27,0xF8,0x21,0x54,0x63,0x5E,0x4E,0x7E,0x08,0x00,
    0x10,0x20,0x10,0x20,0x10,0x20,0x19,0xFC,0x7C,0x20,0x10,0x20,0x11,0xFC,0x1C,0x70,0x70,0x70,0x10,0xB8,0x11,0xA8,0x13,0x24,
    0x12,0x22,0x30,0x20,0x00,0x20,0x00,0x00,0x01,0x80,0x00,0x80,0x01,0x80,0x3F,0xFC,0x00,0x80,0x00,0x80,0x1F,0xF8,0x03,0xC0,
    0x03,0xC0,0x04,0xA0,0x0C,0x90,0x38,0x8C,0x60,0x86,0x00,0x80,0x00,0x00,0x00,0x00,0x00,0x00,0x06,0x60,0x7F,0xFE,0x06,0x60,
    0x04,0x20,0x1F,0xF8,0x10,0x08,0x1F,0xF8,0x10,0x08,0x1F,0xF8,0x01,0x00,0x7F,0xFE,0x03,0xC0,0x0E,0x60,0x78,0x1E,0x00,0x00,
    0x1F,0xFC,0x11,0xAC,0x15,0xAC,0x1F,0xFC,0x01,0x80,0x3F,0xFC,0x01,0x80,0x7F,0xFE,0x32,0x44,0x22,0x24,0x01,0x80,0x1F,0xFC,
    0x01,0x80,0x7F,0xFE,0x00,0x00,0x00,0x00,0x00,0x10,0x7F,0x10,0x6B,0x14,0x5F,0x10,0x49,0x10,0x7F,0x7E,0x08,0x10,0x7F,0x30,
    0x08,0x30,0x7F,0x28,0x40,0x68,0x55,0x44,0x54,0x86,0x41,0x82,0x00,0x00,0x00,0x00,0x00,0x60,0x30,0x60,0x18,0x60,0x03,0xFC,
    0x00,0x60,0x60,0x60,0x33,0xFC,0x00,0xF0,0x00,0xF0,0x18,0xF0,0x11,0x68,0x22,0x6C,0x66,0x66,0x40,0x60,0x00,0x00,0x00,0x00,
    0x00,0x00,0x00,0x90,0x33,0xFE,0x18,0x98,0x00,0x90,0x03,0xFC,0x62,0x04,0x33,0xFC,0x02,0x04,0x03,0xFC,0x10,0x40,0x37,0xFE,
    0x20,0x70,0x61,0x98,0x47,0x0E,0x04,0x00,0x00,0x00,0x01,0x80,0x3F,0xFC,0x62,0x46,0x66,0x62,0x06,0x60,0x1F,0xF8,0x18,0x18,
    0x1F,0xF8,0x18,0x18,0x1F,0xF8,0x01,0x80,0x03,0xC0,0x06,0x60,0x3C,0x1E,0x00,0x00,0x00,0x00,0x7F,0xFE,0x6C,0x20,0x68,0x20,
    0x69,0xFC,0x79,0x84,0x69,0x04,0x65,0x04,0x65,0xFC,0x65,0x04,0x79,0x04,0x61,0x04,0x61,0xFC,0x61,0x04,0x00,0x00,0x00,0x00,
    0x01,0x00,0x21,0x08,0x17,0xFE,0x01,0x08,0x01,0xF8,0x71,0x08,0x11,0xF8,0x10,0x60,0x10,0x60,0x13,0xFE,0x10,0xF0,0x1D,0xA8,
    0x1B,0x26,0x16,0x22,0x00,0x00,0x00,0x00,0x00,0x00,0x03,0x00,0x06,0x20,0x0C,0x30,0x18,0x18,0x1F,0x8C,0x09,0x80,0x19,0x80,
    0x1F,0xFC,0x31,0x80,0x21,0x80,0x7F,0xFE,0x01,0x82,0x01,0x80,0x01,0x80,0x01,0x80,0x08,0x10,0x08,0x10,0x3F,0xFC,0x08,0x10,
    0x0F,0xF0,0x08,0x10,0x0F,0xF0,0x01,0x80,0x01,0x80,0x7F,0xFE,0x07,0xA0,0x0D,0x90,0x19,0x8C,0x61,0x86,0x00,0x00,0x00,0x00,
    0x11,0xFC,0x11,0x04,0x11,0x04,0x79,0x24,0x11,0x04,0x11,0x04,0x13,0xFE,0x19,0x04,0x71,0x24,0x11,0x24,0x11,0x04,0x11,0xFE,
    0x10,0x04,0x30,0x18,0x00,0x00,0x00,0x00,0x08,0x20,0x08,0x30,0x28,0x30,0x28,0x30,0x7E,0x30,0x49,0xFE,0x48,0x30,0x08,0x30,
    0x0F,0x30,0x1C,0x30,0x68,0x30,0x08,0x30,0x09,0xFE,0x08,0x00,0x08,0x00,0x00,0x00,0x00,0x00,0x01,0x00,0x01,0x80,0x7F,0xFE,
    0x00,0x00,0x00,0x00,0x1F,0xFC,0x11,0x8C,0x11,0x8C,0x11,0x8C,0x1F,0xFC,0x11,0x8C,0x11,0x8C,0x1F,0xFC,0x10,0x0C,0x00,0x00,
    0x00,0x00,0x18,0x00,0x10,0xFC,0x10,0x84,0x11,0xA4,0x7D,0xA4,0x25,0x04,0x27,0xFE,0x25,0x04,0x69,0x24,0x39,0x24,0x19,0x04,
    0x1D,0xFE,0x24,0x04,0x40,0x1C,0x00,0x10,0x00,0x00,0x1F,0xF8,0x18,0x08,0x11,0x08,0x10,0x88,0x18,0x08,0x7F,0xFE,0x10,0x08,
    0x11,0x08,0x10,0x98,0x10,0x18,0x1F,0xFE,0x00,0x10,0x00,0x70,0x00,0x00,0x00,0x00,0x00,0x00,0x02,0x40,0x7F,0xFE,0x02,0x60,
    0x1F,0xF8,0x1F,0xF8,0x10,0x08,0x1F,0xF8,0x03,0x00,0x3F,0xFC,0x0C,0x98,0x79,0x8E,0x47,0xE2,0x00,0x80,0x3F,0xFC,0x00,0x00,
    0x00,0x00,0x04,0x20,0x3F,0xFE,0x04,0x20,0x1F,0xF8,0x1F,0xF8,0x10,0x08,0x1F,0xF8,0x03,0x00,0x0E,0x30,0x0C,0x30,0x78,0x1E,
    0x4F,0xF0,0x08,0x10,0x0F,0xF0,0x00,0x10,0x04,0x60,0x3F,0xFC,0x04,0x60,0x1F,0xF8,0x10,0x18,0x1F,0xF8,0x1F,0xF8,0x02,0x00,
    0x7F,0xFC,0x08,0x30,0x7F,0xFE,0x09,0x90,0x09,0x90,0x09,0xB0,0x00,0x00,0x00,0x00,0x00,0x00,0x04,0x60,0x7F,0xFE,0x04,0x20,
    0x1F,0xF8,0x1F,0xF8,0x18,0x18,0x1F,0xF0,0x3F,0xFC,0x0E,0x30,0x19,0x18,0x6F,0xF6,0x03,0x10,0x06,0x30,0x3C,0x60,0x00,0x00,
    0x00,0x00,0x04,0x60,0x3F,0xFC,0x04,0x20,0x1F,0xF8,0x1F,0xF8,0x18,0x18,0x0F,0xF0,0x3F,0xFC,0x06,0x30,0x09,0x18,0x71,0x0E,
    0x49,0x50,0x19,0x28,0x13,0x00,0x00,0x00,0x00,0x00,0x01,0x80,0x01,0x80,0x01,0x80,0x7F,0xFE,0x03,0xC0,0x03,0xC0,0x07,0xC0,
    0x05,0xE0,0x0D,0xB0,0x19,0x98,0x31,0x8C,0x61,0x86,0x01,0x80,0x01,0x80,0x00,0x00,0x00,0x00,0x1F,0xF8,0x10,0x08,0x10,0x08,
    0x1F,0xF8,0x1F,0xF8,0x10,0x08,0x10,0x08,0x1F,0xF8,0x10,0x08,0x10,0x08,0x10,0x08,0x1F,0xF8,0x10,0x08,0x00,0x00,0x00,0x00,
    0x00,0x00,0x00,0x20,0x78,0x20,0x49,0xFC,0x48,0x20,0x48,0x20,0x79,0xFE,0x48,0x88,0x49,0x84,0x7B,0x22,0x48,0x20,0x49,0xFC,
    0x48,0x20,0x78,0x20,0x43,0xFE,0x00,0x00,0x08,0x20,0x08,0x60,0x28,0x40,0x68,0x7E,0x7E,0x44,0x48,0xC4,0x49,0xCC,0x0A,0x48,
    0x0C,0x48,0x78,0x38,0x08,0x30,0x08,0x38,0x08,0x4C,0x09,0x86,0x08,0x00,0x00,0x00,0x00,0x00,0x00,0x20,0x3C,0xFC,0x58,0x84,
    0x18,0xFC,0x18,0x84,0x7C,0xFC,0x18,0xB4,0x1D,0x82,0x3C,0x18,0x38,0xE4,0x58,0x18,0x58,0xE6,0x18,0x1C,0x18,0xE0,0x01,0x00,
    0x00,0x00,0x01,0x80,0x02,0xC0,0x0C,0x30,0x77,0xEE,0x00,0x00,0x0F,0xF0,0x08,0x10,0x00,0x10,0x3F,0xF8,0x01,0x80,0x3F,0xFC,
    0x01,0x80,0x7F,0xFE,0x03,0x80,0x02,0x00,0x00,0x00,0x7B,0xDE,0x49,0x52,0x49,0x56,0x4B,0xD4,0x49,0x54,0x49,0x54,0x49,0x56,
    0x6B,0xD2,0x79,0x52,0x4B,0x52,0x42,0x56,0x06,0x50,0x04,0xD0,0x00,0x10,0x00,0x00,0x00,0x00,0x00,0x30,0x00,0x20,0x7C,0x30,
    0x4D,0xFE,0x4D,0x22,0x4D,0x22,0x4D,0x32,0x4D,0x7A,0x4D,0x4E,0x7D,0xC2,0x4D,0x02,0x49,0x02,0x41,0x02,0x01,0x0E,0x00,0x00,
    0x10,0x20,0x10,0x20,0x3C,0x30,0x21,0xFE,0x61,0x22,0x7D,0x22,0x11,0x22,0x11,0x72,0x7D,0x4A,0x11,0xC2,0x11,0x02,0x1D,0x02,
    0x19,0x02,0x11,0x0E,0x00,0x00,0x00,0x00,0x3F,0x3E,0x19,0x66,0x19,0x64,0x19,0x64,0x7F,0x6C,0x19,0x68,0x19,0x6C,0x7F,0x64,
    0x19,0x66,0x11,0x62,0x11,0x66,0x31,0x6C,0x21,0x60,0x67,0x60,0x00,0x00,0x00,0x00,0x10,0x00,0x13,0xDE,0x31,0x52,0x79,0x52,
    0x29,0x54,0x2B,0xD4,0x29,0x54,0x49,0x52,0x6B,0xD2,0x31,0x52,0x1A,0x52,0x2A,0x56,0x66,0x50,0x44,0xD0,0x00,0x00,0x00,0x00,
    0x00,0x20,0x18,0x30,0x10,0x30,0x21,0xFE,0x65,0x22,0x7D,0x22,0x09,0x32,0x11,0x32,0x25,0x6A,0x79,0xC2,0x01,0x02,0x05,0x02,
    0x79,0x02,0x01,0x06,0x00,0x00,0x00,0x00,0x00,0x00,0x0C,0x00,0x0C,0x00,0x1F,0xF8,0x3F,0xF0,0x60,0x00,0x00,0x00,0x1F,0xF8,
    0x00,0x08,0x3F,0x88,0x08,0x88,0x08,0xE8,0x08,0x68,0x10,0x4A,0x20,0xC6,0x00,0x80,0x00,0x00,0x3F,0xF0,0x06,0x10,0x06,0x30,
    0x06,0x30,0x04,0x3C,0x04,0x3E,0x04,0x04,0x0C,0x04,0x08,0x04,0x18,0x04,0x10,0x04,0x30,0x0C,0x60,0x78,0x00,0x00,0x00,0x00,
    0x00,0x00,0x08,0x00,0x19,0xF8,0x10,0x48,0x18,0x48,0x7C,0x48,0x14,0x48,0x24,0x4E,0x24,0xC2,0x24,0xC2,0x1C,0x82,0x0C,0x82,
    0x1C,0x82,0x31,0x06,0x63,0x1C,0x00,0x00,0x00,0x04,0x7F,0x8C,0x0C,0x0C,0x08,0x0C,0x3F,0x7E,0x7F,0x8C,0x6A,0x8C,0x6A,0xAC,
    0x6A,0xBC,0x6A,0x8C,0x6A,0x8C,0x6A,0x8C,0x60,0x8C,0x63,0x1C,0x00,0x00,0x00,0x00,0x00,0x00,0x01,0x00,0x01,0x00,0x3F,0xFC,
    0x02,0x40,0x04,0x20,0x1C,0x38,0x77,0xEE,0x40,0x00,0x3F,0xFC,0x01,0x80,0x00,0x80,0x18,0x98,0x30,0x8C,0x23,0x84,0x00,0x00,
    0x00,0x00,0x01,0x80,0x01,0x80,0x7F,0xFE,0x01,0x00,0x3F,0xFC,0x60,0x04,0x26,0x64,0x22,0x44,0x2F,0xF4,0x21,0x84,0x2F,0xF4,
    0x21,0x84,0x21,0x84,0x61,0x8C,0x00,0x00,0x00,0x00,0x3F,0xFC,0x31,0x8C,0x3F,0xFC,0x31,0x8C,0x31,0x8C,0x3F,0xFC,0x01,0x00,
    0x03,0x00,0x3F,0xFC,0x03,0x04,0x02,0x04,0x06,0x04,0x38,0x1C,0x20,0x10,0x00,0x00,0x00,0x00,0x00,0x90,0x00,0x90,0x7D,0x80,
    0x05,0xFE,0x0D,0x90,0x6B,0x90,0x2A,0xFC,0x18,0x90,0x18,0x90,0x18,0xFC,0x34,0x90,0x64,0x90,0x40,0xFE,0x00,0x80,0x00,0x00,
    0x00,0x00,0x3F,0xFC,0x1F,0xF8,0x1F,0xF8,0x01,0x80,0x60,0x06,0x1F,0x78,0x0F,0x78,0x3F,0xFC,0x06,0x60,0x06,0x60,0x3F,0xFC,
    0x0C,0x70,0x77,0x3C,0x04,0x00,0x00,0x00,0x10,0x80,0x10,0x8C,0x11,0xF0,0x1A,0x4C,0x78,0x70,0x10,0xF2,0x11,0x9E,0x18,0x04,
    0x73,0xFE,0x10,0xD0,0x10,0x90,0x10,0x90,0x11,0x92,0x33,0x1E,0x00,0x00,0x00,0x00,0x00,0x00,0x00,0x20,0x3C,0x20,0x24,0x20,
    0x25,0xFE,0x3C,0x08,0x3C,0x58,0x25,0x76,0x25,0x36,0x3D,0x36,0x25,0x76,0x25,0x4E,0x65,0x86,0x4D,0x06,0x49,0xFE,0x00,0x00,
    0x10,0x20,0x10,0x20,0x10,0x00,0x11,0xFE,0x54,0x08,0x54,0x58,0x51,0x72,0x11,0x32,0x11,0x32,0x11,0x52,0x11,0xCA,0x11,0x02,
    0x11,0x06,0x11,0xFE,0x00,0x00,0x00,0x00,0x00,0x00,0x10,0x00,0x19,0xFE,0x01,0x06,0x61,0x86,0x6F,0xF6,0x61,0x86,0x61,0x86,
    0x6F,0xF6,0x69,0x96,0x69,0x96,0x69,0x96,0x69,0xB6,0x61,0x86,0x60,0x0C,0x00,0x00,0x00,0x00,0x00,0x40,0x30,0x7C,0x18,0x40,
    0x00,0x40,0x43,0xFC,0x62,0x04,0x13,0xFC,0x02,0x04,0x13,0xFC,0x10,0x60,0x30,0x60,0x27,0xFE,0x60,0x60,0x00,0x60,0x00,0x00,
    0x00,0x00,0x01,0xFC,0x79,0x04,0x49,0x04,0x49,0xFC,0x49,0x00,0x49,0x40,0x49,0x44,0x79,0x5C,0x6B,0x70,0x42,0x40,0x02,0x40,
    0x06,0x46,0x0C,0x3C,0x00,0x00,0x00,0x00,0x10,0x0C,0x11,0xF8,0x30,0x00,0x3D,0x26,0x65,0xA4,0x44,0x8C,0x50,0x40,0x10,0x60,
    0x13,0xFE,0x10,0x88,0x10,0xD0,0x14,0x70,0x38,0x7C,0x33,0xC6,0x02,0x00,0x00,0x00,0x01,0x80,0x01,0x80,0x01,0x80,0x3F,0xFC,
    0x21,0x04,0x21,0x04,0x21,0x84,0x23,0x64,0x26,0x34,0x2C,0x14,0x20,0x04,0x20,0x04,0x20,0x04,0x20,0x1C,0x00,0x00,0x00,0x00,
    0x11,0x08,0x31,0x08,0x27,0xC8,0x79,0x1E,0x2B,0xD6,0x2F,0xF4,0x4D,0x74,0x4F,0xD4,0x73,0xCC,0x33,0x8C,0x3B,0x4C,0x25,0x0C,
    0x4D,0x1C,0x41,0x32,0x00,0x00,0x00,0x00,0x08,0x40,0x18,0x44,0x32,0x78,0x23,0x60,0x7F,0x42,0x00,0x7E,0x3F,0x00,0x23,0x40,
    0x3F,0x44,0x23,0x78,0x23,0x60,0x3F,0x40,0x23,0x42,0x27,0x7E,0x20,0x00,0x00,0x00,0x18,0x00,0x10,0xFC,0x10,0x84,0x30,0x84,
    0x7C,0xFC,0x34,0x80,0x24,0xA0,0x24,0xA4,0x64,0xAC,0x39,0x38,0x19,0x20,0x1D,0x20,0x33,0x32,0x62,0x1E,0x00,0x00,0x00,0x00,
    0x1F,0xF8,0x01,0x80,0x7F,0xFE,0x61,0x86,0x41,0x82,0x1C,0x38,0x02,0x00,0x1C,0x78,0x1E,0x78,0x10,0x08,0x1F,0xF8,0x02,0x40,
    0x04,0x42,0x38,0x7E,0x00,0x00,0x00,0x00,0x00,0x00,0x08,0x00,0x1B,0xDC,0x12,0x04,0x12,0x04,0x33,0xDC,0x32,0x04,0x52,0x04,
    0x13,0xFC,0x10,0x90,0x10,0x90,0x10,0x90,0x11,0x90,0x13,0x12,0x16,0x1E,0x10,0x00,0x00,0x00,0x31,0xFE,0x19,0x06,0x01,0x06,
    0x01,0xFE,0x61,0x00,0x31,0x20,0x01,0x64,0x03,0x6C,0x13,0x78,0x12,0x60,0x22,0x60,0x66,0x63,0x4C,0x3E,0x00,0x00,0x00,0x00,
    0x00,0x00,0x1F,0xFC,0x18,0x0C,0x18,0x0C,0x1F,0xFC,0x18,0x00,0x11,0x00,0x11,0x04,0x11,0x1C,0x11,0x60,0x31,0x80,0x31,0x02,
    0x21,0x06,0x61,0xFE,0x00,0x00,0x00,0x00,0x00,0x00,0x10,0x00,0x10,0x4C,0x11,0x6C,0x7D,0x2C,0x11,0x2C,0x11,0x0C,0x15,0x0C,
    0x39,0x0C,0x71,0x68,0x11,0xC8,0x11,0x9C,0x11,0x14,0x10,0x62,0x30,0xC2,0x00,0x00,0x00,0x00,0x08,0x80,0x09,0x80,0x11,0xFC,
    0x11,0xFE,0x32,0x04,0x76,0x64,0x50,0x60,0x10,0x68,0x11,0x6C,0x13,0x64,0x16,0x66,0x14,0x62,0x10,0x60,0x10,0xC0,0x00,0x00,
    0x00,0x04,0x3F,0xFC,0x22,0x20,0x2F,0xF8,0x22,0x30,0x20,0x80,0x2F,0xFC,0x23,0x00,0x23,0xF0,0x2F,0xF8,0x2A,0x08,0x23,0xF8,
    0x20,0x00,0x3F,0xFE,0x00,0x00,0x00,0x00,0x00,0x08,0x38,0x0A,0x2C,0x1A,0x2F,0xFE,0x2D,0xC8,0x3C,0x08,0x2D,0xE8,0x2C,0x08,
    0x2F,0xE8,0x3E,0x28,0x2E,0xA8,0x6E,0xAA,0x4D,0xC6,0x5F,0x26,0x00,0x00,0x00,0x00,0x00,0x00,0x01,0x08,0x21,0x98,0x30,0x10,
    0x17,0xFE,0x00,0x60,0x02,0x64,0x72,0x44,0x12,0x44,0x13,0xFC,0x10,0x44,0x10,0xC0,0x11,0x80,0x3B,0x00,0x67,0xFE,0x00,0x00,
    0x00,0x00,0x37,0xBC,0x00,0x84,0x03,0x9C,0x67,0x9C,0x34,0x30,0x07,0xBE,0x00,0x86,0x16,0x92,0x12,0x86,0x23,0x9E,0x2C,0xB2,
    0x60,0x82,0x01,0x8E,0x00,0x00,0x00,0x00,0x00,0x00,0x06,0x20,0x7F,0xFE,0x04,0x20,0x3F,0xFC,0x01,0x80,0x09,0xF8,0x7F,0xFE,
    0x18,0x00,0x1F,0xF8,0x10,0x00,0x1F,0xFC,0x00,0x24,0x25,0xA4,0x64,0x8C,0x00,0x08,0x00,0x00,0x18,0x20,0x18,0x20,0x18,0x20,
    0x7E,0x3E,0x18,0x20,0x18,0x20,0x18,0x20,0x1D,0xFC,0x79,0x04,0x19,0x04,0x19,0x04,0x19,0x04,0x19,0xFC,0x39,0x04,0x00,0x00,
    0x00,0x00,0x04,0x00,0x0C,0x00,0x1F,0xFC,0x10,0xC0,0x30,0xC0,0x60,0xC0,0x0F,0xF8,0x08,0xC0,0x08,0xC0,0x18,0xC0,0x7F,0xFE,
    0x00,0xC0,0x00,0xC0,0x00,0xC0,0x00,0x00,0x01,0xFC,0x7D,0x04,0x11,0x04,0x11,0xFC,0x31,0x28,0x3D,0xFC,0x6D,0xEC,0x6D,0x28,
    0x2D,0xFE,0x2D,0x50,0x3D,0x5C,0x2E,0x4C,0x26,0x6C,0x04,0x46,0x00,0x00,0x00,0x00,0x10,0x88,0x13,0xDC,0x11,0x88,0x33,0xDE,
    0x79,0x9C,0x13,0x56,0x10,0x00,0x3B,0xFC,0x71,0xA0,0x11,0x20,0x11,0xFC,0x10,0x20,0x17,0xFE,0x30,0x20,0x00,0x20,0x00,0x00,
    0x00,0x00,0x10,0x60,0x10,0x60,0x10,0xD0,0x78,0x98,0x11,0x6C,0x12,0x26,0x11,0xF8,0x18,0x18,0x70,0x10,0x10,0x40,0x12,0xA4,
    0x12,0x82,0x16,0x8A,0x30,0xF8,0x20,0x00,0x00,0x00,0x01,0x80,0x03,0x80,0x06,0x60,0x0D,0x30,0x18,0x98,0x70,0x0E,0x0F,0xF0,
    0x00,0x20,0x00,0x40,0x15,0x88,0x34,0x8C,0x24,0x06,0x64,0x10,0x07,0xF0,0x00,0x00,0x00,0x00,0x08,0x20,0x18,0x20,0x11,0xFC,
    0x11,0x84,0x7D,0x84,0x35,0xFC,0x25,0x04,0x25,0xFC,0x25,0xB0,0x39,0x34,0x0D,0x1C,0x17,0x18,0x31,0xCC,0x61,0x86,0x00,0x00,
    0x00,0x00,0x00,0x10,0x7E,0x10,0x14,0x7C,0x14,0x44,0x7E,0x7C,0x56,0x44,0x56,0x44,0x56,0x7C,0x76,0x50,0x42,0x52,0x7E,0x5C,
    0x42,0x48,0x7E,0x64,0x62,0xC6,0x00,0x00,0x00,0x00,0x01,0x00,0x03,0x00,0x1F,0xF8,0x18,0x08,0x19,0x08,0x19,0x98,0x18,0x30,
    0x18,0x00,0x1F,0xFE,0x00,0x02,0x00,0x02,0x7F,0xE2,0x00,0x06,0x00,0x1E,0x00,0x08,0x1F,0xF8,0x30,0x0C,0x30,0x04,0x3F,0xFC,
    0x30,0x00,0x30,0x40,0x20,0x44,0x2F,0x4C,0x23,0x70,0x22,0x70,0x26,0x50,0x6C,0x4C,0x58,0x46,0x41,0xC0,0x00,0x00,0x00,0x00,
    0x10,0x00,0x11,0xFC,0x11,0x04,0x7D,0x04,0x11,0xFC,0x11,0x04,0x15,0xFC,0x38,0x20,0x70,0x20,0x10,0x60,0x13,0xFC,0x10,0x20,
    0x10,0x20,0x37,0xFE,0x00,0x00,0x00,0x00,0x00,0x00,0x3F,0xFC,0x0F,0xF0,0x08,0x10,0x0F,0xF0,0x08,0x10,0x3F,0xFC,0x00,0x10,
    0x00,0x10,0x3E,0xF8,0x12,0x48,0x0E,0x38,0x0E,0x30,0x71,0xCE,0x40,0x80,0x00,0x00,0x00,0x00,0x06,0x60,0x7F,0xFE,0x10,0x10,
    0x3E,0xFC,0x22,0x48,0x3E,0xFE,0x3E,0x10,0x22,0xFC,0x3E,0x10,0x0F,0xF8,0x00,0xF0,0x00,0xC0,0x00,0xC0,0x01,0x80,0x01,0x00,
    0x00,0x20,0x01,0x20,0x79,0x3E,0x49,0x20,0x49,0x20,0x4B,0xFE,0x48,0x00,0x49,0x24,0x4B,0x64,0x7B,0x74,0x4B,0xCC,0x43,0x04,
    0x03,0x04,0x01,0xFC,0x00,0x00,0x00,0x00,0x00,0x00,0x10,0x00,0x21,0xFC,0x39,0xF8,0x41,0x88,0x41,0xF8,0x39,0x88,0x33,0xFE,
    0x30,0x00,0x7B,0xDE,0x30,0x52,0x33,0x94,0x38,0xCC,0x31,0x1C,0x26,0x32,0x00,0x00,0x00,0x00,0x10,0x60,0x30,0x60,0x3D,0x8C,
    0x61,0xFC,0x41,0x04,0x39,0xFC,0x11,0x04,0x11,0xFC,0x7C,0x20,0x13,0xFE,0x10,0x70,0x14,0xA8,0x19,0x26,0x12,0x22,0x00,0x20,
    0x20,0x00,0x33,0xFC,0x1A,0x04,0x02,0x0C,0x63,0xFC,0x32,0x04,0x13,0xFC,0x00,0x40,0x00,0x60,0x10,0x60,0x37,0xFC,0x20,0x60,
    0x60,0x60,0x4F,0xFE,0x00,0x00,0x00,0x00,0x08,0x80,0x19,0x80,0x11,0xFE,0x32,0x04,0x54,0x24,0x11,0x28,0x13,0x24,0x12,0x26,
    0x10,0xE0,0x00,0x00,0x05,0x8C,0x24,0xC6,0x24,0x12,0x47,0xF0,0x00,0x00,0x00,0x00,0x18,0x20,0x18,0x30,0x18,0x30,0x19,0xFE,
    0x7D,0x02,0x19,0x02,0x18,0x00,0x3D,0xFE,0x7C,0x30,0x58,0x30,0x18,0x30,0x18,0x30,0x18,0x30,0x18,0x70,0x00,0x00,0x00,0x00,
    0x00,0x00,0x00,0x20,0x24,0x30,0x38,0x00,0x19,0xFE,0x79,0x02,0x49,0x02,0x08,0x00,0x19,0xFE,0x38,0x30,0x68,0x30,0x48,0x30,
    0x08,0x30,0x18,0x30,0x30,0x60,0x20,0x00,0x04,0x00,0x07,0xBC,0x64,0x04,0x34,0xB8,0x07,0x98,0x04,0x3E,0x0F,0x9A,0x0A,0x08,
    0x2A,0x28,0x2F,0xAE,0x42,0x68,0x45,0x68,0x4C,0x58,0x18,0x8E,0x00,0x00,0x00,0x00,0x00,0x00,0x01,0x80,0x00,0x80,0x7F,0xFE,
    0x60,0x06,0x60,0x06,0x00,0x00,0x7F,0xFE,0x01,0x80,0x00,0x80,0x00,0x80,0x00,0x80,0x00,0x80,0x00,0x80,0x03,0x80,0x00,0x00,
    0x00,0x00,0x10,0x20,0x10,0x20,0x11,0xFE,0x11,0xFE,0x7D,0x02,0x10,0x02,0x10,0x00,0x1D,0xFE,0x70,0x30,0x10,0x30,0x10,0x30,
    0x10,0x30,0x10,0x30,0x70,0x60,0x00,0x00,0x00,0x00,0x00,0x40,0x30,0x60,0x1B,0xFC,0x03,0xFE,0x02,0x02,0x62,0x02,0x30,0x00,
    0x03,0xFE,0x00,0x20,0x18,0x20,0x10,0x20,0x30,0x20,0x20,0x20,0x60,0xE0,0x00,0x00,0x00,0x80,0x08,0x80,0x08,0x80,0x1F,0xFC,
    0x18,0xC0,0x30,0x80,0x20,0x80,0x00,0x80,0x7F,0xFE,0x00,0x80,0x00,0x80,0x00,0x80,0x00,0x80,0x00,0x80,0x00,0x80,0x00,0x00,
    0x10,0x00,0x13,0xFC,0x10,0x44,0x7C,0x44,0x10,0x44,0x10,0x44,0x11,0xFC,0x1C,0xFC,0x70,0xC4,0x50,0x84,0x10,0x8C,0x10,0x8C,
    0x10,0xCC,0x33,0xFE,0x00,0x00,0x00,0x00,0x10,0x00,0x10,0x00,0x31,0xFC,0x3C,0x44,0x40,0x44,0x7C,0x44,0x10,0x44,0x11,0xFC,
    0x7C,0x44,0x10,0x44,0x10,0x44,0x14,0x44,0x18,0xC4,0x13,0xFE,0x00,0x00,0x00,0x00,0x00,0x00,0x18,0x00,0x11,0xFC,0x10,0x44,
    0x24,0x44,0x6C,0x44,0x78,0x44,0x08,0x44,0x11,0xFC,0x30,0x44,0x7C,0x44,0x00,0xC4,0x00,0xC4,0x3C,0xC4,0x63,0xFE,0x00,0x00,
    0x00,0x20,0x3C,0x20,0x25,0xFC,0x25,0x26,0x25,0x22,0x3C,0x60,0x24,0x60,0x24,0x94,0x3D,0x98,0x26,0x98,0x24,0x88,0x64,0x8C,
    0x44,0xE6,0x4C,0xC2,0x00,0x00,0x00,0x00,0x00,0x00,0x00,0x60,0x30,0x40,0x17,0xFC,0x04,0x44,0x44,0xC4,0x70,0xC0,0x11,0xC0,
    0x01,0x2C,0x13,0x38,0x37,0x10,0x2D,0x18,0x21,0x4C,0x61,0xC6,0x41,0x82,0x00,0x00,0x00,0x80,0x00,0x80,0x01,0x80,0x3F,0xFC,
    0x31,0x04,0x03,0x00,0x06,0x88,0x0C,0x98,0x1C,0x70,0x3C,0x60,0x64,0x30,0x05,0x18,0x07,0x0E,0x0E,0x04,0x00,0x00,0x00,0x00,
    0x00,0x00,0x3F,0xFC,0x01,0x80,0x1F,0xF8,0x01,0x80,0x01,0x80,0x3F,0xFC,0x04,0x00,0x04,0x20,0x7F,0xFE,0x04,0x20,0x0C,0x20,
    0x18,0x20,0x30,0x20,0x00,0x20,0x00,0x00,0x08,0x00,0x18,0x00,0x11,0xFC,0x7E,0x84,0x3E,0xC4,0x32,0xCC,0x22,0x48,0x26,0x48,
    0x64,0x68,0x3C,0x30,0x1C,0x30,0x1E,0x78,0x32,0xCC,0x61,0x86,0x00,0x00,0x00,0x00,0x08,0x00,0x08,0xFC,0x7F,0x64,0x13,0x2C,
    0x12,0x28,0x0E,0x38,0x0F,0x3C,0x31,0xC6,0x21,0x00,0x3F,0xF8,0x02,0x08,0x06,0x08,0x0C,0x08,0x38,0x78,0x00,0x00,0x00,0x00,
    0x00,0x00,0x08,0x00,0x08,0xFC,0x7F,0x44,0x13,0x4C,0x32,0x28,0x1E,0x38,0x0F,0x38,0x18,0xEE,0x70,0x00,0x01,0x80,0x24,0xCC,
    0x24,0x46,0x64,0x1A,0x07,0xF0,0x00,0x00,0x03,0x00,0x03,0x00,0x02,0x00,0x02,0x00,0x7F,0xFE,0x04,0x30,0x04,0x30,0x08,0x20,
    0x08,0x20,0x0E,0x60,0x01,0xC0,0x00,0xF0,0x03,0x1C,0x3C,0x04,0x00,0x00,0x00,0x00,0x00,0x00,0x00,0x3C,0x7D,0xE0,0x6D,0x24,
    0x4D,0xAC,0x4D,0x0C,0x6D,0xFC,0x7C,0x40,0x4F,0xFE,0x4C,0x40,0x4C,0xFC,0x7D,0xC8,0x45,0x38,0x02,0x38,0x00,0xCE,0x00,0x00,
    0x01,0x00,0x01,0xFC,0x01,0x00,0x3F,0xFE,0x21,0x02,0x27,0xF8,0x21,0x04,0x21,0xFC,0x20,0x00,0x23,0xFC,0x22,0x00,0x2F,0xFE,
    0x62,0x00,0x43,0xFC,0x00,0x00,0x00,0x00,0x00,0x00,0x00,0xC0,0x00,0xC0,0x1F,0xFE,0x18,0x00,0x78,0x00,0x39,0xFC,0x19,0x00,
    0x19,0x00,0x7B,0x00,0x5F,0xFE,0x11,0x00,0x11,0x00,0x31,0x00,0x21,0xFC,0x20,0x00,0x17,0xDC,0x13,0x5E,0x13,0x56,0x7B,0x54,
    0x17,0xD4,0x13,0x54,0x13,0x54,0x3B,0x52,0x77,0xD2,0x12,0x52,0x12,0x56,0x12,0x54,0x14,0x50,0x7C,0xD0,0x00,0x00,0x00,0x00,
    0x11,0xFC,0x10,0x20,0x13,0xFE,0x1A,0x22,0x7F,0xAA,0x54,0x20,0x51,0x88,0x13,0xFE,0x10,0x60,0x13,0xFE,0x12,0x52,0x12,0x52,
    0x12,0x52,0x12,0x56,0x10,0x04,0x00,0x00,0x11,0xFC,0x54,0x30,0x55,0xFE,0x7F,0x32,0x12,0xAE,0x7C,0x20,0x30,0xAC,0x33,0xFE,
    0x3C,0x20,0x35,0xFE,0x51,0x5A,0x51,0x5A,0x11,0x5A,0x11,0x42,0x00,0x00,0x00,0x00,0x21,0x10,0x31,0x10,0x17,0xFE,0x01,0x10,
    0x01,0x50,0x60,0x40,0x27,0xFE,0x20,0x80,0x21,0xF8,0x21,0xFC,0x3B,0x04,0x3F,0x04,0x31,0xFC,0x01,0x0C,0x01,0x00,0x00,0x00,
    0x00,0x10,0x79,0x98,0x6B,0x94,0x49,0x90,0x49,0xBC,0x4B,0xF0,0x49,0x90,0x49,0xD4,0x49,0xD4,0x7B,0x98,0x49,0x98,0x49,0x98,
    0x41,0xAA,0x03,0x4E,0x00,0x00,0x00,0x00,0x00,0x00,0x00,0x60,0x3E,0x40,0x20,0x40,0x22,0x7E,0x32,0x84,0x2A,0x84,0x2C,0x30,
    0x24,0x30,0x2E,0x30,0x2A,0x30,0x30,0x38,0x20,0x48,0x3F,0xC4,0x01,0x86,0x00,0x00,0x00,0x00,0x00,0x30,0x3E,0x7C,0x60,0xC6,
    0x42,0xC6,0x72,0xD6,0x56,0xC4,0x4C,0xCC,0x4C,0xC0,0x4E,0xFE,0x5A,0x02,0x70,0x02,0x60,0xFA,0x7E,0x02,0x00,0x0E,0x00,0x08,
    0x00,0x78,0x7E,0x78,0x40,0x48,0x42,0x48,0x72,0xCE,0x5E,0x82,0x4C,0xFC,0x4C,0xCC,0x4E,0x44,0x5A,0x48,0x70,0x38,0x40,0x30,
    0x7E,0x38,0x01,0xC6,0x00,0x00,0x00,0x00,0x00,0x00,0x04,0x20,0x7F,0xFE,0x04,0x20,0x08,0x20,0x3C,0xBC,0x18,0xFC,0x3C,0xA4,
    0x18,0xFC,0x18,0x20,0x19,0xFC,0x3D,0x24,0x3F,0x3C,0x49,0x4C,0x09,0x04,0x01,0x00,0x00,0x00,0x79,0xFE,0x69,0x00,0x49,0x0C,
    0x49,0x4C,0x49,0x28,0x49,0x38,0x49,0x10,0x49,0x38,0x79,0x2C,0x79,0x64,0x49,0x40,0x41,0x00,0x01,0xFE,0x00,0x00,0x00,0x00,
    0x08,0x00,0x1B,0xFC,0x12,0x24,0x33,0xFC,0x32,0x24,0x73,0xFC,0x53,0xFC,0x10,0x60,0x17,0xFE,0x14,0x22,0x14,0x7A,0x15,0xFA,
    0x14,0x02,0x14,0x06,0x10,0x00,0x00,0x00,0x00,0x00,0x33,0xFE,0x1A,0x00,0x02,0x08,0x02,0xC8,0x62,0x58,0x32,0x30,0x02,0x30,
    0x02,0x30,0x1A,0x68,0x12,0x4C,0x32,0xC0,0x22,0x00,0x63,0xFE,0x00,0x00,0x00,0x00,0x01,0x00,0x01,0x10,0x79,0x10,0x5F,0xFE,
    0x59,0x22,0x59,0x22,0x59,0x22,0x59,0xFE,0x5B,0x22,0x7F,0x22,0x59,0x22,0x41,0x22,0x41,0x3E,0x03,0x22,0x00,0x00,0x00,0x00,
    0x00,0x10,0x3E,0x50,0x22,0x50,0x22,0x50,0x26,0x58,0x3E,0xD8,0x08,0xC8,0x28,0x88,0x2E,0x88,0x28,0x88,0x29,0x8C,0x2F,0x04,
    0x7B,0x06,0x42,0x02,0x00,0x00,0x00,0x00,0x01,0x00,0x3F,0xFC,0x2A,0x54,0x2A,0x54,0x2A,0x54,0x2A,0x54,0x2A,0x7C,0x2B,0x40,
    0x29,0x40,0x29,0x42,0x29,0xFE,0x69,0x80,0x48,0xC0,0x48,0x7E,0x00,0x00,0x00,0x00,0x18,0x30,0x18,0x30,0x18,0x30,0x7E,0xFE,
    0x5A,0x82,0x5A,0x82,0x5A,0x82,0x5A,0xFE,0x5A,0x82,0x5A,0x82,0x5E,0x82,0x58,0xFE,0x18,0x86,0x18,0x82,0x00,0x00,0x00,0x00,
    0x10,0x20,0x18,0x20,0x18,0x60,0x18,0xFE,0x5E,0x82,0x5A,0x82,0x58,0x82,0x58,0xFE,0x18,0x82,0x18,0x82,0x18,0x82,0x18,0xFE,
    0x18,0xFE,0x18,0x82,0x00,0x00,0x00,0x00,0x00,0x00,0x3E,0xFC,0x08,0x10,0x3E,0x7C,0x08,0x10,0x3E,0xFC,0x00,0x00,0x1F,0xF8,
    0x11,0x88,0x11,0x88,0x1F,0xF8,0x10,0x00,0x10,0x06,0x1F,0xFC,0x00,0x00,0x00,0x00,0x00,0x00,0x08,0x20,0x08,0x20,0x08,0xFC,
    0x19,0xFE,0x7F,0x86,0x09,0x86,0x09,0x86,0x1D,0xFE,0x79,0x86,0x49,0x86,0x09,0x86,0x09,0x86,0x09,0xFE,0x39,0x86,0x00,0x00,
    0x10,0x50,0x10,0x58,0x10,0x58,0x7B,0xDE,0x30,0x58,0x10,0x58,0x11,0xDE,0x1D,0xDC,0x70,0x58,0x50,0x58,0x13,0xDE,0x10,0xD8,
    0x10,0x58,0x30,0x58,0x00,0x00,0x00,0x00,0x00,0x00,0x04,0x20,0x24,0x60,0x25,0xFE,0x25,0x26,0x2D,0xFE,0x3F,0xA6,0x21,0x26,
    0x21,0xFE,0x3C,0x50,0x24,0xD0,0x25,0xFE,0x65,0xFE,0x44,0x10,0x44,0x10,0x04,0x00,0x00,0x90,0x18,0x90,0x30,0x90,0x67,0x9E,
    0x08,0x90,0x18,0x90,0x13,0x9C,0x31,0x90,0x50,0x90,0x10,0x90,0x17,0x9E,0x10,0x90,0x10,0x90,0x10,0x90,0x00,0x00,0x00,0x00,
    0x00,0x80,0x27,0x3E,0x32,0x08,0x02,0x18,0x03,0x3E,0x6F,0x88,0x22,0x3E,0x02,0x3E,0x23,0x88,0x2F,0xBE,0x22,0x18,0x62,0x08,
    0x46,0x08,0x4C,0x08,0x00,0x08,0x00,0x00,0x00,0x0C,0x33,0xF8,0x1A,0x00,0x02,0x1C,0x62,0xF0,0x32,0xB0,0x12,0x90,0x02,0x9C,
    0x02,0x90,0x12,0x90,0x36,0x98,0x24,0x88,0x2C,0xAC,0x6C,0xE6,0x00,0x00,0x00,0x00,0x00,0x00,0x1A,0x88,0x19,0x88,0x3B,0xFC,
    0x38,0x5C,0x3D,0xAC,0x52,0xC8,0x01,0x00,0x7F,0xFE,0x0C,0xF0,0x73,0x8E,0x0F,0xF2,0x01,0x80,0x3F,0xFC,0x01,0x80,0x01,0x00,
    0x00,0x00,0x00,0x1C,0x33,0xE0,0x12,0x48,0x03,0x48,0x47,0xFE,0x21,0xF0,0x01,0x58,0x02,0x4C,0x0F,0xFE,0x12,0x4C,0x22,0x6C,
    0x23,0xFC,0x62,0x4C,0x43,0xFC,0x02,0x00,0x00,0x00,0x03,0x00,0x0F,0xF0,0x0F,0xF8,0x09,0x88,0x08,0x98,0x7F,0xFE,0x08,0x18,
    0x11,0x98,0x30,0x30,0x1F,0xF8,0x3F,0xFC,0x32,0x4C,0x32,0x4C,0x7F,0xFE,0x00,0x00,0x00,0x00,0x08,0x00,0x3F,0x7C,0x23,0x4C,
    0x23,0x46,0x7F,0x7C,0x2B,0x6C,0x2B,0x38,0x62,0x7E,0x00,0xC2,0x7F,0xFE,0x06,0x00,0x1F,0xF8,0x78,0x08,0x0F,0xF8,0x08,0x08,
    0x00,0x00,0x00,0x10,0x7C,0xD8,0x4C,0x88,0x4C,0x88,0x7D,0x0C,0x7D,0x06,0x4E,0xFA,0x7C,0x48,0x7C,0x48,0x4C,0xC8,0x4C,0x88,
    0x7C,0x88,0x41,0x08,0x03,0x38,0x00,0x00,0x00,0x00,0x00,0x30,0x7E,0xB2,0x5E,0xB6,0x52,0xF4,0x52,0x34,0x5E,0x30,0x7E,0xFE,
    0x52,0x30,0x52,0x30,0x53,0xFE,0x7E,0x30,0x46,0x30,0x40,0x30,0x00,0x30,0x00,0x00,0x08,0x04,0x0C,0x04,0x6D,0x24,0x2D,0x24,
    0x0C,0x24,0x7F,0x24,0x0C,0x24,0x0C,0x24,0x7F,0xA4,0x08,0x24,0x08,0x24,0x18,0x04,0x30,0x04,0x60,0x0C,0x00,0x00,0x00,0x00,
    0x08,0x00,0x08,0x7C,0x6B,0xC0,0x2A,0xC0,0x08,0xC0,0x3E,0xFC,0x08,0xE4,0x08,0xE4,0x7F,0xA4,0x08,0xA4,0x08,0x98,0x19,0x98,
    0x11,0x3C,0x22,0xE6,0x00,0x00,0x00,0x00,0x00,0x00,0x0F,0xF0,0x08,0x00,0x08,0x00,0x08,0x00,0x0F,0xFC,0x08,0x60,0x08,0x60,
    0x08,0x60,0x7F,0xFE,0x00,0x20,0x00,0x30,0x00,0x18,0x00,0x0C,0x00,0x00,0x00,0x00,0x00,0x00,0x01,0x80,0x00,0x80,0x3F,0xFC,
    0x21,0x10,0x21,0x18,0x21,0x08,0x2F,0xFC,0x21,0x20,0x21,0x2C,0x23,0x28,0x22,0x30,0x26,0x60,0x6D,0xE2,0x58,0x3E,0x00,0x00,
    0x00,0x00,0x01,0x00,0x01,0x80,0x3F,0xFC,0x04,0x20,0x04,0x60,0x3F,0xFC,0x21,0x04,0x01,0x80,0x06,0x00,0x06,0x00,0x07,0xF8,
    0x0C,0x18,0x18,0x10,0x30,0x70,0x00,0x00,0x10,0x20,0x10,0x30,0x7C,0x48,0x18,0x48,0x10,0xFC,0x7D,0x02,0x11,0x20,0x7D,0xFE,
    0x18,0x40,0x3C,0x40,0x36,0x7C,0x50,0x84,0x11,0x84,0x13,0x1C,0x00,0x00,0x00,0x00,0x00,0x20,0x3C,0x30,0x24,0xB4,0x24,0xB4,
    0x3C,0x30,0x24,0x30,0x25,0xFE,0x24,0x30,0x3C,0x30,0x25,0xFE,0x24,0x30,0x44,0x30,0x44,0x30,0x4C,0x30,0x00,0x00,0x00,0x00,
    0x10,0x10,0x13,0x10,0x12,0x10,0x7A,0x3C,0x37,0xDE,0x12,0x92,0x12,0x92,0x1A,0x92,0x72,0x92,0x12,0xB6,0x12,0xEC,0x16,0x80,
    0x14,0xC2,0x34,0x7E,0x00,0x00,0x00,0x00,0x00,0x00,0x00,0xC0,0x00,0x80,0x79,0xFE,0x49,0x06,0x4B,0x06,0x4B,0xF6,0x49,0x96,
    0x49,0x96,0x49,0xB6,0x79,0xE4,0x69,0x84,0x49,0x80,0x41,0x82,0x00,0xFE,0x00,0x00,0x00,0x00,0x10,0x00,0x10,0x06,0x3F,0x96,
    0x20,0x96,0x60,0x96,0x7C,0x96,0x24,0x96,0x24,0x96,0x3C,0x96,0x31,0x96,0x20,0x16,0x20,0x06,0x30,0xC6,0x1F,0x8C,0x00,0x00,
    0x00,0x00,0x18,0xC0,0x18,0x80,0x18,0xFC,0x1D,0x86,0x5B,0x06,0x5B,0xF6,0x50,0x96,0x50,0x96,0x10,0x96,0x18,0xF4,0x1C,0x8C,
    0x36,0x80,0x20,0x82,0x60,0xFE,0x00,0x00,0x00,0x00,0x10,0x40,0x08,0xC0,0x00,0xFE,0x79,0x86,0x0D,0x06,0x0B,0xF6,0x1A,0x96,
    0x3E,0x94,0x7C,0xB4,0x5A,0xE4,0x18,0x84,0x18,0x80,0x18,0x82,0x18,0xFE,0x00,0x00,0x00,0x00,0x00,0x40,0x3C,0x40,0x24,0xFE,
    0x24,0x86,0x25,0x06,0x3F,0xF6,0x08,0x96,0x08,0x96,0x2E,0x96,0x28,0xF4,0x28,0x8C,0x28,0x80,0x3E,0x82,0x60,0xFE,0x00,0x00,
    0x00,0x00,0x01,0x80,0x31,0x80,0x19,0xFC,0x03,0x04,0x46,0x04,0x77,0xE4,0x11,0x24,0x01,0x24,0x01,0x24,0x19,0xEC,0x11,0x08,
    0x31,0x00,0x21,0x02,0x61,0xFE,0x00,0x00,0x00,0x00,0x39,0xFE,0x7C,0x30,0x6C,0x20,0x6C,0x20,0x6C,0x60,0x6C,0xE8,0x6C,0xA4,
    0x6D,0x26,0x7D,0x22,0x6C,0x20,0x64,0x20,0x40,0x20,0x07,0xFE,0x00,0x00,0x00,0x00,0x00,0x00,0x3D,0xFE,0x25,0xFE,0x24,0x30,
    0x3C,0x30,0x24,0x70,0x24,0x78,0x24,0xF4,0x3D,0xB6,0x25,0x32,0x24,0x30,0x64,0x30,0x45,0xFE,0x4D,0xFE,0x08,0x00,0x00,0x00,
    0x00,0x00,0x00,0x20,0x10,0x20,0x11,0xFC,0x10,0x00,0x10,0x88,0x7C,0xC8,0x13,0xFE,0x10,0x00,0x10,0x00,0x11,0xFC,0x15,0x04,
    0x79,0x04,0x41,0xFC,0x01,0x04,0x01,0x00,0x02,0x40,0x3E,0x7C,0x02,0x40,0x3E,0x7C,0x02,0x40,0x7E,0x7E,0x03,0x40,0x00,0x80,
    0x7F,0xFE,0x02,0x80,0x0C,0xD8,0x3C,0x60,0x65,0x38,0x07,0x0E,0x00,0x00,0x00,0x00,0x00,0x00,0x00,0x20,0x7C,0x10,0x46,0xFE,
    0x46,0x04,0x5E,0x4C,0x5E,0x48,0x5F,0xFE,0x5E,0x00,0x56,0x7C,0x56,0xC4,0x10,0x84,0x14,0x84,0x26,0xFC,0x62,0x84,0x00,0x00,
    0x00,0x00,0x00,0x20,0x7C,0x20,0x6D,0xFE,0x68,0x00,0x68,0x8C,0x68,0x48,0x69,0xFE,0x6C,0x00,0x64,0x00,0x64,0xFC,0x6C,0x84,
    0x68,0x84,0x60,0xFC,0x60,0x84,0x00,0x00,0x7F,0x7C,0x7F,0x7C,0x14,0x04,0x7F,0x04,0x55,0x04,0x55,0x04,0x55,0x7C,0x77,0x40,
    0x63,0x40,0x41,0x40,0x7F,0x40,0x41,0x40,0x7F,0x42,0x41,0x7E,0x00,0x00,0x00,0x00,0x17,0xF8,0x14,0x0C,0x14,0x0C,0x25,0xFC,
    0x24,0x4C,0x64,0xCC,0x65,0xFC,0x25,0x5C,0x25,0x54,0x25,0x54,0x25,0x54,0x25,0x76,0x28,0x46,0x28,0x40,0x00,0x00,0x00,0x00,
    0x00,0x20,0x20,0x60,0x10,0x60,0x03,0xFE,0x00,0x60,0x60,0x60,0x13,0xFC,0x02,0x64,0x02,0x64,0x12,0x64,0x12,0x64,0x32,0x6C,
    0x22,0x60,0x60,0x60,0x00,0x00,0x00,0x00,0x00,0x00,0x00,0x20,0x01,0xFC,0x78,0x20,0x48,0xA8,0x4B,0xFE,0x49,0x8C,0x48,0x00,
    0x49,0xFC,0x49,0x04,0x79,0x24,0x49,0x24,0x41,0x60,0x40,0xD8,0x03,0x86,0x00,0x00,0x00,0x00,0x02,0x40,0x04,0x20,0x08,0x30,
    0x1F,0xFE,0x6F,0xF2,0x02,0x10,0x04,0x30,0x38,0x60,0x00,0x00,0x1F,0xF8,0x12,0x48,0x12,0x48,0x12,0x48,0x7F,0xFE,0x00,0x00,
    0x01,0xFC,0x7D,0xFC,0x10,0x20,0x11,0x24,0x31,0xA4,0x3C,0xAC,0x64,0xA0,0x64,0x20,0x27,0xFE,0x34,0x30,0x3C,0x20,0x24,0x20,
    0x20,0x20,0x00,0x20,0x00,0x20,0x00,0x00,0x00,0x00,0x10,0x00,0x13,0xFE,0x10,0x20,0x7D,0x24,0x79,0x24,0x11,0xA4,0x10,0xAC,
    0x18,0x20,0x73,0xFE,0x10,0x20,0x10,0x20,0x10,0x20,0x10,0x20,0x70,0x20,0x00,0x20,0x00,0x00,0x01,0x00,0x3F,0xFE,0x00,0x00,
    0x1F,0xF0,0x18,0x18,0x1F,0xF8,0x00,0x00,0x3F,0xFC,0x00,0xF0,0x00,0x80,0x01,0x80,0x01,0x00,0x26,0x44,0x62,0x26,0x00,0x00,
    0x01,0x00,0x27,0xC4,0x21,0x0C,0x01,0x18,0x07,0xD0,0x60,0x06,0x27,0xC4,0x04,0x48,0x07,0xD8,0x34,0x86,0x26,0x84,0x23,0xEC,
    0x4F,0x18,0x40,0x30,0x00,0x00,0x00,0x00,0x00,0x00,0x0C,0x0C,0x7F,0x88,0x0C,0x30,0x3F,0x20,0x00,0x06,0x3F,0x0C,0x61,0x18,
    0x61,0x60,0x3F,0x06,0x12,0x0C,0x12,0x18,0x7F,0x30,0x60,0x60,0x00,0x00,0x00,0x00,0x00,0x00,0x04,0x60,0x7F,0xFE,0x04,0x00,
    0x11,0x80,0x13,0x90,0x12,0xE0,0x03,0xBE,0x72,0x40,0x13,0xF8,0x13,0xF8,0x10,0x40,0x13,0xFC,0x38,0x40,0x67,0xFE,0x00,0x00,
    0x10,0x00,0x13,0x9E,0x12,0x92,0x7A,0x92,0x33,0x9E,0x32,0x96,0x3A,0x92,0x3E,0x96,0x73,0x9E,0x52,0xB2,0x12,0xA2,0x14,0xA2,
    0x14,0xE2,0x15,0xA4,0x00,0x00,0x00,0x00,0x01,0xCC,0x7D,0xDE,0x19,0x52,0x11,0x52,0x11,0xDE,0x39,0x52,0x7D,0x52,0x65,0x52,
    0x25,0xDE,0x25,0x52,0x3F,0x52,0x3E,0x52,0x22,0x52,0x06,0xE6,0x00,0x04,0x00,0x00,0x00,0x00,0x18,0x20,0x1F,0x7E,0x24,0xC8,
    0x41,0x80,0x23,0xF8,0x16,0xB0,0x01,0xF8,0x76,0x06,0x13,0xF8,0x10,0x60,0x10,0x60,0x17,0xFC,0x38,0x40,0x67,0xFE,0x00,0x7E,
    0x00,0x80,0x38,0x86,0x2B,0xE4,0x28,0x88,0x29,0xF8,0x38,0x16,0x2B,0xE4,0x2A,0x2C,0x39,0xF8,0x28,0x12,0x29,0x46,0x69,0x64,
    0x4F,0x88,0x58,0x30,0x00,0x00,0x00,0x00,0x00,0x00,0x3E,0x7C,0x22,0x44,0x22,0x44,0x3E,0x7C,0x22,0x44,0x22,0x44,0x32,0x44,
    0x3E,0x7C,0x22,0x44,0x22,0x44,0x22,0x44,0x62,0x84,0x4E,0x8C,0x00,0x00,0x00,0x00,0x00,0x00,0x00,0x10,0x3B,0xBC,0x2A,0xA6,
    0x2A,0xA2,0x2A,0xB4,0x3B,0xA4,0x2A,0xAC,0x2A,0xA0,0x3B,0xBE,0x2A,0x82,0x4A,0xBA,0x4A,0x82,0x4C,0x82,0x5D,0x8E,0x00,0x08,
    0x00,0x00,0x10,0x20,0x10,0x60,0x13,0xFC,0x78,0x60,0x31,0xFC,0x10,0x40,0x17,0xFE,0x39,0x98,0x73,0x6C,0x17,0xFE,0x10,0x60,
    0x10,0x60,0x10,0x60,0x70,0x60,0x00,0x00,0x00,0x00,0x00,0x88,0x00,0x48,0x7C,0x58,0x11,0xFE,0x10,0x50,0x31,0x52,0x3D,0x52,
    0x65,0x54,0x65,0x54,0x25,0x54,0x24,0x5C,0x3C,0x50,0x34,0x50,0x21,0xFE,0x00,0x00,0x00,0x00,0x10,0x00,0x13,0xFE,0x10,0x20,
    0x10,0x60,0x10,0x60,0x7C,0xE8,0x10,0xEC,0x11,0x64,0x12,0x66,0x10,0x60,0x14,0x60,0x38,0x60,0x60,0x60,0x07,0xFE,0x00,0x00,
    0x00,0x00,0x01,0x10,0x7D,0x10,0x11,0x10,0x11,0x10,0x11,0x12,0x31,0xDC,0x3D,0x18,0x65,0x10,0x65,0x10,0x25,0x10,0x25,0x10,
    0x3D,0x50,0x25,0xD2,0x21,0x1E,0x00,0x00,0x1F,0xF8,0x01,0x80,0x7F,0xFE,0x6C,0xB6,0x00,0x80,0x1E,0x38,0x1E,0x10,0x22,0xFC,
    0x22,0x08,0x20,0x68,0x3E,0x10,0x52,0x10,0x1E,0x10,0x12,0x10,0x00,0x00,0x00,0x00,0x10,0x10,0x11,0x10,0x11,0x10,0x19,0x10,
    0x7D,0x12,0x11,0xD6,0x11,0xD8,0x1D,0x10,0x79,0x10,0x51,0x10,0x11,0x10,0x11,0x10,0x11,0xD2,0x31,0x1E,0x00,0x00,0x00,0x00,
    0x10,0x20,0x10,0x20,0x11,0xFE,0x7D,0x22,0x19,0x22,0x11,0x20,0x11,0xFC,0x1D,0xC4,0x71,0x48,0x53,0x48,0x12,0x78,0x12,0x30,
    0x16,0x78,0x35,0xC6,0x00,0x00,0x00,0x00,0x00,0x00,0x00,0x10,0x3E,0xFE,0x22,0x4C,0x3E,0x08,0x20,0xFE,0x7E,0x10,0x52,0x7C,
    0x52,0x10,0x1E,0x10,0x3F,0xFC,0x3F,0xFC,0x03,0x04,0x06,0x0C,0x3C,0x38,0x20,0x00,0x00,0x00,0x3E,0x7C,0x08,0x10,0x3E,0x7C,
    0x08,0x10,0x08,0x10,0x7F,0xFE,0x00,0x40,0x30,0x44,0x3E,0x5C,0x30,0x60,0x30,0x40,0x36,0x42,0x38,0x7E,0x00,0x00,0x00,0x00,
    0x00,0x00,0x7C,0x90,0x5E,0x90,0x56,0x92,0x56,0x96,0x56,0xFC,0x7E,0x98,0x56,0x90,0x56,0x90,0x56,0x90,0x56,0x90,0x7E,0x90,
    0x46,0xD2,0x41,0x9E,0x00,0x00,0x00,0x00,0x00,0x00,0x00,0x40,0x01,0xFC,0x79,0x24,0x49,0x24,0x49,0xFC,0x49,0x64,0x49,0x64,
    0x49,0xFC,0x68,0xD0,0x78,0x90,0x4B,0xFE,0x43,0xFE,0x00,0x10,0x00,0x10,0x00,0x10,0x00,0x00,0x00,0x20,0x3C,0x60,0x25,0xFC,
    0x25,0x24,0x25,0xFC,0x3D,0xE4,0x25,0x24,0x25,0xFC,0x3C,0x58,0x24,0x50,0x24,0xD8,0x25,0xFE,0x44,0x10,0x4C,0x10,0x00,0x10,
    0x00,0x00,0x00,0xC0,0x0F,0xFE,0x18,0x40,0x50,0x40,0x73,0xFC,0x32,0x6C,0x12,0x44,0x12,0x40,0x77,0xF8,0x16,0x98,0x14,0xD0,
    0x14,0x70,0x34,0x70,0x6B,0x8E,0x00,0x00,0x00,0x00,0x00,0x80,0x00,0x80,0x1F,0xFC,0x30,0x84,0x30,0x84,0x30,0x80,0x37,0xF0,
    0x36,0x18,0x32,0x10,0x23,0x30,0x21,0x60,0x20,0xC0,0x61,0xE0,0x5E,0x1E,0x08,0x00,0x00,0x00,0x3F,0xFC,0x23,0x20,0x23,0x20,
    0x23,0x20,0x23,0x20,0x22,0x20,0x22,0x20,0x26,0x26,0x24,0x3C,0x28,0x00,0x20,0x00,0x20,0x00,0x3F,0xFE,0x00,0x00,0x00,0x00,
    0x00,0x00,0x00,0xC0,0x00,0xC0,0x1F,0xFE,0x50,0x00,0x57,0xFE,0x10,0x60,0x10,0xC8,0x33,0x46,0x74,0x42,0x11,0xF8,0x13,0x0C,
    0x22,0x04,0x23,0x0C,0x63,0xFC,0x00,0x00,0x00,0x00,0x10,0x10,0x17,0x88,0x14,0xBE,0x34,0x80,0x36,0xA6,0x77,0x94,0x74,0x04,
    0x37,0xFE,0x3E,0x88,0x3E,0x88,0x32,0xBE,0x33,0x88,0x32,0x88,0x30,0x08,0x00,0x08,0x00,0x00,0x3F,0xFC,0x30,0x04,0x30,0x0C,
    0x3F,0xFC,0x30,0x20,0x34,0x20,0x34,0x24,0x27,0xBC,0x24,0x30,0x24,0x20,0x25,0x20,0x67,0x22,0x46,0x3E,0x00,0x00,0x00,0x00,
    0x00,0x00,0x00,0x10,0x22,0xFE,0x3E,0x28,0x20,0xFE,0x7E,0x10,0x52,0x7C,0x00,0x10,0x7F,0xFE,0x00,0x00,0x00,0x08,0x1F,0xF8,
    0x0F,0xF8,0x10,0x08,0x1F,0xF8,0x00,0x00,0x00,0x00,0x08,0x30,0x1F,0xBE,0x34,0x48,0x64,0x88,0x00,0x80,0x1F,0xFC,0x10,0x04,
    0x1F,0xFC,0x10,0x00,0x1F,0xFC,0x29,0x24,0x2F,0xFC,0x69,0x24,0x49,0x24,0x00,0x00,0x00,0x00,0x00,0x60,0x09,0xFC,0x1B,0x04,
    0x12,0x04,0x33,0xFC,0x32,0x00,0x73,0xFE,0x13,0x5A,0x13,0x52,0x17,0xFE,0x17,0x5A,0x1B,0x52,0x13,0x52,0x13,0x06,0x00,0x04,
    0x00,0x00,0x00,0x20,0x18,0x20,0x18,0x20,0x18,0x20,0x1F,0xFC,0x18,0x00,0x18,0x00,0x18,0x00,0x1F,0xF0,0x10,0x10,0x10,0x10,
    0x30,0x10,0x20,0x10,0x60,0x10,0x00,0x10,0x00,0x00,0x00,0x20,0x79,0xFC,0x09,0x04,0x29,0x04,0x69,0xFC,0x69,0x00,0x49,0x00,
    0x79,0xFE,0x0F,0x7A,0x0F,0xFE,0x7F,0xFE,0x09,0x7A,0x09,0x7A,0x39,0x06,0x00,0x04,0x00,0x00,0x7E,0xFC,0x14,0xC4,0x7F,0xDC,
    0x55,0xFC,0x7F,0xF4,0x00,0xB4,0x3E,0xB4,0x00,0xB4,0x7F,0xB4,0x08,0xFC,0x2A,0xC6,0x49,0x06,0x19,0x02,0x00,0x00,0x00,0x00,
    0x00,0x00,0x23,0xFC,0x10,0xB0,0x00,0xB0,0x07,0xFC,0x66,0x94,0x37,0xFC,0x00,0x00,0x03,0xFC,0x10,0x00,0x17,0xFE,0x20,0x60,
    0x23,0x68,0x46,0x64,0x44,0xC2,0x00,0x00,0x00,0x00,0x00,0x0C,0x7E,0x78,0x14,0x68,0x7F,0x68,0x55,0x68,0x7F,0x68,0x00,0x68,
    0x3E,0xA4,0x00,0xA4,0x7E,0xA4,0x08,0xA4,0x2A,0xB4,0x4B,0xBE,0x59,0xBA,0x10,0x00,0x7F,0xFE,0x02,0x40,0x3F,0xF8,0x3F,0xFC,
    0x22,0x44,0x3F,0xFC,0x00,0x00,0x3F,0xFC,0x00,0x00,0x7F,0xFE,0x01,0x80,0x09,0x90,0x31,0x9C,0x23,0x84,0x00,0x00,0x00,0x00,
    0x21,0x08,0x25,0x48,0x25,0x48,0x21,0x5E,0x71,0x16,0x27,0xF4,0x25,0x74,0x3F,0xF4,0x67,0xE4,0x27,0xEC,0x27,0xEC,0x25,0x6C,
    0x25,0x4C,0x64,0x72,0x00,0x00,0x00,0x00,0x08,0x20,0x2A,0x20,0x3F,0x7C,0x69,0xC8,0x59,0x28,0x7B,0x38,0x4B,0x7C,0x00,0x40,
    0x1F,0xF8,0x10,0x18,0x10,0x18,0x1F,0xF8,0x10,0x08,0x1F,0xF8,0x10,0x08,0x00,0x00,0x00,0x00,0x10,0x88,0x10,0x88,0x10,0x18,
    0x31,0xFE,0x78,0xC8,0x10,0xC8,0x10,0xC8,0x3B,0xFE,0x70,0xD8,0x10,0x88,0x10,0x88,0x11,0x88,0x11,0x08,0x32,0x08,0x00,0x00,
    0x08,0x00,0x28,0xFE,0x2E,0x10,0x2C,0x20,0x28,0x7E,0x7F,0x46,0x08,0x56,0x28,0x56,0x2B,0x56,0x6A,0x56,0x0E,0x56,0x0C,0x20,
    0x38,0x6C,0x61,0xC6,0x00,0x00,0x00,0x00,0x00,0x00,0x04,0x40,0x0C,0x30,0x18,0x1C,0x6F,0xF6,0x02,0x10,0x04,0x20,0x38,0x60,
    0x1F,0xF0,0x18,0x18,0x19,0x18,0x19,0x18,0x1B,0x40,0x06,0x30,0x3C,0x1C,0x20,0x00,0x00,0x00,0x0F,0xF0,0x08,0x10,0x08,0x10,
    0x08,0x10,0x0F,0xF0,0x00,0x00,0x3E,0x7C,0x62,0x46,0x62,0x46,0x62,0x46,0x62,0x46,0x7E,0x7E,0x62,0x42,0x00,0x00,0x00,0x00,
    0x00,0x00,0x00,0x20,0x7E,0x30,0x25,0xFC,0x25,0xB4,0x3D,0xFC,0x25,0x24,0x25,0xFC,0x3C,0x00,0x2D,0xFE,0x24,0x40,0x2E,0xFC,
    0x7C,0x04,0x04,0x04,0x04,0x0C,0x00,0x00,0x00,0x10,0x03,0xF0,0x0C,0x00,0x08,0x00,0x08,0x00,0x0F,0xFC,0x08,0x20,0x08,0x20,
    0x08,0x20,0x7F,0xFE,0x04,0x00,0x0C,0x00,0x18,0x00,0x30,0x00,0x00,0x00,0x00,0x00,0x00,0x00,0x11,0xFC,0x11,0xFC,0x10,0x20,
    0x31,0x26,0x79,0x24,0x11,0x24,0x11,0xA8,0x10,0x20,0x13,0xFE,0x10,0x20,0x38,0x20,0x40,0x20,0x00,0x20,0x00,0x20,0x00,0x20,
    0x04,0x20,0x3F,0xFC,0x7F,0xFE,0x04,0x20,0x3F,0xFC,0x3F,0xFC,0x01,0x88,0x19,0x98,0x09,0xB0,0x01,0x80,0x7F,0xFE,0x01,0x80,
    0x01,0x80,0x01,0x80,0x00,0x00,0x00,0x00,0x04,0x60,0x06,0x60,0x7F,0xFE,0x04,0x20,0x33,0xFC,0x1B,0xFC,0x00,0x24,0x73,0x2C,
    0x01,0x28,0x00,0x60,0x17,0xFE,0x30,0x20,0x20,0x20,0x60,0x20,0x00,0x00,0x00,0x00,0x00,0x00,0x3F,0xFC,0x01,0x80,0x11,0x88,
    0x19,0x98,0x0D,0x90,0x05,0xA0,0x01,0x80,0x7F,0xFE,0x01,0x80,0x01,0x80,0x01,0x80,0x01,0x80,0x01,0x80,0x00,0x00,0x00,0x00,
    0x08,0x00,0x1B,0xF8,0x10,0x40,0x30,0x40,0x57,0xFE,0x10,0x40,0x10,0x40,0x13,0xFC,0x10,0x00,0x07,0xE0,0x04,0x20,0x0C,0x20,
    0x08,0x22,0x38,0x3E,0x20,0x00,0x00,0x00,0x00,0x00,0x26,0x00,0x34,0xFE,0x04,0x40,0x7E,0x40,0x34,0x78,0x14,0x78,0x14,0x48,
    0x34,0x78,0x7F,0x58,0x34,0xD8,0x24,0x88,0x24,0xA8,0x24,0xEA,0x64,0x8E,0x04,0x00,0x00,0x00,0x20,0x00,0x13,0xFE,0x18,0x20,
    0x02,0x26,0x03,0x24,0x71,0x2C,0x11,0x28,0x10,0x20,0x13,0xFE,0x10,0x20,0x14,0x20,0x18,0x20,0x30,0x20,0x00,0x20,0x00,0x20,
    0x1F,0xF8,0x30,0x0C,0x30,0x04,0x3F,0xFC,0x30,0x00,0x31,0x10,0x37,0xFC,0x37,0xFC,0x21,0x10,0x2F,0xFE,0x21,0x10,0x61,0x10,
    0x42,0x10,0x46,0x10,0x00,0x00,0x00,0x00,0x00,0x00,0x10,0x20,0x10,0x20,0x11,0xFE,0x11,0x26,0x79,0x24,0x31,0x20,0x11,0xFC,
    0x11,0xCC,0x13,0x48,0x13,0x48,0x3A,0x70,0x42,0x30,0x04,0x78,0x0D,0x8E,0x00,0x00,0x00,0x40,0x30,0x48,0x0A,0x48,0x02,0x40,
    0x23,0xFE,0x30,0x80,0x10,0x80,0x01,0xF8,0x09,0x88,0x1B,0x88,0x12,0x50,0x34,0x30,0x20,0x78,0x63,0x8E,0x00,0x00,0x00,0x00,
    0x00,0x00,0x08,0x00,0x08,0x7E,0x3F,0x10,0x29,0x10,0x2A,0x7C,0x28,0x44,0x3E,0x54,0x22,0x54,0x2A,0x54,0x2E,0x54,0x66,0x54,
    0x4E,0x20,0x48,0x64,0x50,0xC2,0x00,0x00,0x00,0x00,0x00,0x20,0x1B,0xFC,0x02,0x24,0x32,0x20,0x03,0xF8,0x12,0xD8,0x36,0x70,
    0x64,0xDE,0x03,0x00,0x7F,0xFE,0x04,0x20,0x07,0xC0,0x01,0xF0,0x3E,0x0C,0x20,0x00,0x00,0x00,0x00,0x10,0x00,0x10,0x7E,0xFE,
    0x10,0xB6,0x10,0x94,0x10,0x90,0x3C,0xFC,0x74,0xE4,0x74,0xA4,0x14,0xAC,0x15,0xB8,0x1D,0x18,0x13,0x38,0x03,0x66,0x00,0x00,
    0x10,0x40,0x10,0x40,0x31,0xFC,0x7D,0x24,0x65,0x24,0x65,0xFC,0x7D,0x24,0x65,0xFC,0x64,0x7C,0x64,0x68,0x7C,0xFE,0x64,0xBE,
    0x61,0x20,0x06,0x3E,0x00,0x00,0x00,0x00,0x00,0x00,0x20,0x60,0x30,0x40,0x13,0xFC,0x03,0x04,0x03,0x04,0x73,0x04,0x13,0xFC,
    0x13,0x04,0x13,0x04,0x13,0x04,0x13,0xFC,0x38,0x00,0x6C,0x00,0x43,0xFE,0x00,0x00,0x00,0x00,0x08,0x30,0x08,0x30,0x4A,0xFE,
    0x6A,0xC2,0x28,0xC2,0x7E,0xC2,0x18,0xC2,0x18,0xFE,0x3A,0xC2,0x3A,0xC2,0x68,0xC2,0x08,0xC6,0x08,0xFE,0x08,0xC2,0x00,0x00,
    0x00,0x00,0x08,0x02,0x04,0x02,0x7F,0x92,0x01,0x12,0x13,0x12,0x12,0x12,0x7F,0xD2,0x00,0x12,0x3F,0x12,0x21,0x12,0x21,0x12,
    0x21,0x02,0x3F,0x02,0x21,0x0E,0x00,0x00,0x08,0x40,0x08,0x40,0x08,0x40,0x08,0x40,0x7E,0x58,0x08,0x48,0x08,0x4C,0x1C,0x46,
    0x78,0x42,0x48,0x40,0x08,0x40,0x08,0x40,0x08,0x40,0x38,0x40,0x00,0x40,0x00,0x00,0x00,0x00,0x10,0x28,0x10,0x24,0x3D,0xFE,
    0x60,0x20,0x40,0x30,0x3D,0xFC,0x11,0x24,0x11,0xFC,0x7D,0xB4,0x11,0x24,0x11,0xFC,0x15,0x24,0x19,0x24,0x11,0x24,0x00,0x00,
    0x00,0x00,0x04,0x60,0x04,0x60,0x0C,0x60,0x08,0x60,0x18,0x60,0x18,0x78,0x38,0x6C,0x68,0x66,0x48,0x60,0x08,0x60,0x08,0x60,
    0x08,0x60,0x08,0x60,0x08,0x60,0x00,0x00,0x04,0x20,0x3F,0xFC,0x3F,0xFC,0x04,0x28,0x01,0x88,0x7F,0xFE,0x01,0x80,0x3F,0xFC,
    0x31,0x8C,0x3F,0xFC,0x31,0x8C,0x3F,0xFC,0x31,0x8C,0x31,0x9C,0x00,0x00,0x00,0x00,0x06,0x20,0x7F,0xFE,0x06,0x60,0x08,0x00,
    0x1F,0xFE,0x31,0x26,0x7F,0xF6,0x03,0x06,0x1F,0xF6,0x1F,0xF6,0x11,0x36,0x1F,0xF6,0x11,0x36,0x11,0x3C,0x00,0x00,0x00,0x00,
    0x04,0x20,0x7F,0xFE,0x04,0x20,0x04,0x80,0x3F,0xFC,0x04,0x30,0x04,0x20,0x06,0x60,0x7F,0xFE,0x00,0x00,0x1F,0xF8,0x10,0x08,
    0x1F,0xF8,0x18,0x08,0x00,0x00,0x00,0x00,0x00,0x00,0x04,0x20,0x7F,0xFE,0x04,0x20,0x00,0x08,0x30,0x44,0x17,0xFE,0x00,0x40,
    0x67,0xFC,0x06,0x44,0x17,0xFC,0x16,0x44,0x37,0xFC,0x26,0x44,0x66,0x4C,0x00,0x08,0x00,0x00,0x10,0x24,0x10,0x24,0x13,0xFE,
    0x10,0x20,0x10,0x20,0x7B,0xFE,0x12,0x22,0x13,0xFE,0x13,0x26,0x12,0x22,0x1F,0xFE,0x72,0x26,0x42,0x26,0x02,0x26,0x00,0x00,
    0x08,0x60,0x08,0x60,0x08,0x60,0x7E,0x60,0x7E,0x60,0x18,0x78,0x1E,0x6C,0x1A,0x66,0x2B,0x66,0x68,0x60,0x48,0x60,0x08,0x60,
    0x08,0x60,0x08,0x60,0x00,0x00,0x00,0x00,0x00,0x00,0x21,0xA6,0x21,0xA6,0x2F,0xF6,0x21,0x86,0x27,0xE6,0x2D,0xB6,0x2F,0xF6,
    0x29,0xB6,0x2F,0xF6,0x29,0xB6,0x28,0x26,0x20,0x06,0x3F,0xFE,0x00,0x00,0x00,0x00,0x00,0x00,0x04,0x20,0x04,0x20,0x3F,0xFC,
    0x02,0x48,0x12,0x48,0x0A,0x50,0x7F,0xFE,0x00,0x00,0x1F,0xF8,0x10,0x08,0x18,0x18,0x1F,0xF8,0x10,0x08,0x1F,0xF8,0x10,0x08,
    0x00,0x00,0x00,0x2C,0x30,0x24,0x17,0xFE,0x00,0x20,0x00,0x60,0x73,0xFE,0x12,0x26,0x03,0xFE,0x12,0x66,0x12,0x26,0x33,0xFE,
    0x22,0x26,0x62,0x26,0x62,0x2E,0x02,0x00,0x00,0x00,0x01,0x08,0x20,0x90,0x37,0xFE,0x00,0x90,0x02,0x94,0x70,0x94,0x37,0xFE,
    0x30,0x00,0x31,0xFC,0x31,0x04,0x31,0x0C,0x39,0xFC,0x39,0x04,0x31,0xFC,0x01,0x04,0x01,0xFC,0x79,0x04,0x49,0xFC,0x49,0x04,
    0x49,0xFC,0x79,0xFC,0x68,0xD8,0x4B,0xFE,0x48,0xD8,0x49,0xAC,0x7F,0xA6,0x68,0xF8,0x49,0xAC,0x02,0x62,0x00,0x00,0x00,0x00,
    0x03,0xFC,0x32,0x04,0x0B,0xFC,0x02,0x04,0x03,0xFC,0x33,0xFC,0x01,0x98,0x07,0xFE,0x01,0x98,0x13,0x6C,0x2D,0x6E,0x20,0xF8,
    0x63,0x6C,0x40,0x64,0x00,0x00,0x00,0x00,0x23,0x00,0x33,0x3E,0x7F,0xA2,0x33,0x22,0x33,0x26,0x3F,0x3E,0x33,0x22,0x3F,0x22,
    0x33,0x3E,0x7F,0xE2,0x00,0x62,0x32,0x42,0x61,0xC2,0x40,0x86,0x00,0x00,0x00,0x00,0x02,0x20,0x12,0x20,0x7F,0x60,0x33,0x7E,
    0x12,0x44,0x1E,0xC4,0x12,0x10,0x1E,0x10,0x12,0x30,0x7F,0x30,0x00,0x38,0x32,0x68,0x22,0x44,0x41,0x86,0x00,0x00,0x00,0x00,
    0x10,0x00,0x13,0xFE,0x10,0x50,0x7C,0x50,0x10,0x50,0x11,0xFC,0x39,0x54,0x3D,0x54,0x77,0xD4,0x51,0x9C,0x51,0x84,0x11,0x04,
    0x11,0xFC,0x11,0x04,0x10,0x00,0x00,0x00,0x00,0x00,0x00,0x68,0x00,0x48,0x3F,0xFC,0x3F,0xFC,0x26,0x60,0x27,0xE4,0x24,0x2C,
    0x26,0x28,0x3F,0xB8,0x22,0x38,0x2A,0x90,0x72,0x38,0x46,0x6E,0x40,0xC6,0x00,0x00,0x00,0x00,0x01,0x80,0x7F,0xFE,0x01,0x80,
    0x1F,0xF8,0x01,0x88,0x7F,0xFE,0x01,0x88,0x1F,0xF8,0x03,0x00,0x7F,0xFE,0x04,0x30,0x0F,0xE0,0x01,0xF0,0x3F,0x0E,0x20,0x00,
    0x00,0x00,0x00,0x00,0x03,0x00,0x02,0x00,0x02,0x00,0x02,0x0E,0x03,0xF8,0x1F,0x80,0x7A,0x00,0x02,0x00,0x02,0x00,0x02,0x00,
    0x02,0x06,0x03,0x06,0x01,0xFC,0x00,0x00,0x00,0x00,0x00,0x40,0x07,0xFE,0x60,0x40,0x33,0xFC,0x00,0x44,0x07,0xFE,0x00,0x44,
    0x13,0xFC,0x30,0xC0,0x2F,0xFE,0x21,0x98,0x61,0xF0,0x40,0x78,0x07,0x86,0x04,0x00,0x00,0x00,0x00,0x40,0x30,0x60,0x13,0xFC,
    0x01,0xD0,0x43,0x4C,0x24,0x40,0x00,0xE0,0x03,0x18,0x1E,0x4E,0x33,0x58,0x20,0xF0,0x41,0xD8,0x46,0x46,0x00,0xC0,0x00,0x00,
    0x10,0x40,0x0C,0x40,0x00,0x5E,0x31,0xF0,0x00,0x40,0x0C,0x42,0x38,0x7E,0x21,0x00,0x01,0x80,0x7F,0xFE,0x03,0xE0,0x0D,0xB0,
    0x19,0x9C,0x61,0x86,0x00,0x00,0x00,0x00,0x02,0x00,0x22,0x7E,0x12,0x36,0x02,0x36,0x0F,0xA6,0x66,0x26,0x22,0x26,0x02,0x26,
    0x1A,0x26,0x13,0xE6,0x33,0x66,0x62,0x46,0x40,0xC4,0x01,0x8C,0x00,0x00,0x00,0x00,0x08,0x10,0x08,0x30,0x3F,0xFC,0x0C,0x30,
    0x0C,0x30,0x0F,0xF0,0x08,0x30,0x0F,0xF0,0x08,0x30,0x0C,0x30,0x00,0x00,0x0C,0x20,0x18,0x18,0x30,0x0C,0x00,0x00,0x00,0x00,
    0x00,0x00,0x10,0x88,0x10,0x88,0x13,0xFE,0x78,0x88,0x10,0x88,0x30,0xF8,0x3C,0x88,0x34,0xF8,0x50,0x88,0x50,0x88,0x13,0xFE,
    0x10,0x00,0x10,0x8C,0x13,0x06,0x10,0x00,0x00,0x00,0x01,0x80,0x3F,0xFC,0x3F,0xFC,0x03,0xC0,0x3E,0x38,0x30,0x00,0x7F,0xFE,
    0x00,0x08,0x1F,0x88,0x18,0xC8,0x10,0xC8,0x1F,0xC8,0x18,0xC8,0x00,0x38,0x00,0x00,0x00,0x00,0x08,0x20,0x08,0x20,0x09,0xFE,
    0x28,0x20,0x2C,0x20,0x2C,0x20,0x29,0xFC,0x28,0x84,0x28,0xC8,0x28,0x48,0x3E,0x70,0x70,0x30,0x00,0xD8,0x03,0x86,0x00,0x00,
    0x00,0x00,0x00,0x10,0x7E,0x10,0x5E,0xFE,0x52,0x10,0x52,0x10,0x56,0xFE,0x7E,0xFE,0x52,0x10,0x52,0x10,0x52,0xFC,0x5E,0x30,
    0x7E,0x10,0x40,0x10,0x01,0xFE,0x00,0x00,0x00,0x00,0x10,0x30,0x10,0x30,0x11,0xFC,0x54,0x78,0x54,0xCC,0x54,0x80,0x57,0xFE,
    0x54,0x04,0x54,0xE4,0x54,0x84,0x54,0x84,0x74,0xE4,0x04,0x04,0x00,0x0C,0x00,0x08,0x00,0x00,0x00,0x20,0x3C,0x30,0x25,0xFE,
    0x24,0x48,0x2C,0x58,0x3C,0x30,0x24,0x78,0x27,0x8E,0x3C,0xC8,0x24,0xC8,0x24,0x88,0x64,0x88,0x4D,0x88,0x49,0x08,0x00,0x08,
    0x00,0x00,0x01,0x00,0x01,0x80,0x7F,0xFC,0x04,0x60,0x06,0x40,0x03,0x80,0x07,0xF0,0x78,0x1E,0x04,0x20,0x04,0x20,0x04,0x20,
    0x0C,0x20,0x18,0x20,0x30,0x20,0x00,0x20,0x00,0x00,0x10,0x80,0x18,0xFE,0x01,0x00,0x7F,0x48,0x10,0xFE,0x10,0xC8,0x1C,0xF8,
    0x14,0xC8,0x14,0xF8,0x24,0xC8,0x25,0xFE,0x24,0x08,0x6C,0x4C,0x49,0x86,0x00,0x00,0x00,0x00,0x18,0x0C,0x08,0xF0,0x00,0x80,
    0x7C,0x80,0x04,0x80,0x08,0xFE,0x18,0x88,0x3C,0x88,0x6A,0x88,0x48,0x88,0x09,0x88,0x09,0x08,0x09,0x08,0x0B,0x08,0x08,0x08,
    0x00,0x00,0x08,0x00,0x08,0x7E,0x00,0x66,0x7E,0x44,0x04,0x44,0x0C,0x4C,0x18,0x4C,0x3E,0x44,0x6B,0x42,0x08,0x42,0x08,0x42,
    0x08,0x4E,0x08,0x40,0x08,0x40,0x08,0x40,0x00,0x30,0x7C,0x30,0x05,0xFE,0x04,0x30,0x2C,0xCC,0x29,0x84,0x29,0xFE,0x6C,0x04,
    0x04,0xE4,0x04,0xA4,0x74,0xA4,0x44,0xA4,0x04,0x04,0x0C,0x0C,0x08,0x08,0x00,0x00,0x00,0x00,0x08,0x00,0x08,0x7C,0x3E,0x04,
    0x08,0x04,0x08,0x04,0x0C,0x7C,0x7F,0x7C,0x0C,0x40,0x2C,0x40,0x2F,0x46,0x2C,0x46,0x3C,0x7C,0x4C,0x00,0x47,0xFE,0x00,0x00,
    0x01,0x00,0x21,0x0C,0x21,0x0C,0x3F,0xFC,0x00,0x00,0x3F,0xF8,0x3F,0xF8,0x00,0x08,0x00,0x08,0x3F,0xF8,0x30,0x00,0x30,0x00,
    0x30,0x02,0x1F,0xFE,0x00,0x00,0x00,0x00,0x00,0x00,0x04,0x00,0x0C,0x00,0x0F,0xF8,0x1F,0xF8,0x30,0x00,0x60,0x00,0x1F,0xE0,
    0x00,0xC0,0x01,0x80,0x03,0x00,0x04,0x00,0x0C,0x04,0x08,0x06,0x0F,0xFC,0x00,0x00,0x00,0x00,0x01,0x80,0x01,0x80,0x02,0xC0,
    0x06,0x60,0x18,0x38,0x30,0x8E,0x60,0x82,0x08,0x80,0x08,0xF8,0x08,0x80,0x08,0x80,0x08,0x80,0x0C,0x80,0x3F,0xFC,0x00,0x00,
    0x00,0x00,0x01,0x80,0x00,0x80,0x1F,0xFC,0x10,0x0C,0x10,0x0C,0x1F,0xFC,0x1F,0xF8,0x10,0x00,0x17,0xF8,0x14,0x0C,0x34,0x0C,
    0x24,0x0C,0x67,0xFC,0x44,0x0C,0x00,0x00,0x0C,0x00,0x0C,0xFC,0x0C,0x24,0x0C,0x24,0x3F,0x24,0x0C,0x64,0x7F,0xCC,0x0C,0x08,
    0x01,0x80,0x7F,0xFE,0x03,0xC0,0x02,0x60,0x0C,0x30,0x78,0x0E,0x00,0x00,0x00,0x00,0x01,0x00,0x7D,0x3E,0x11,0x12,0x11,0x12,
    0x23,0xD2,0x39,0x12,0x65,0x12,0x65,0x16,0x25,0x56,0x25,0xA6,0x3D,0x26,0x3C,0x66,0x24,0x44,0x21,0x8C,0x00,0x00,0x00,0x00,
    0x1E,0x78,0x32,0xCC,0x22,0xC4,0x3E,0xFC,0x01,0x00,0x3F,0xFC,0x03,0xC0,0x06,0x60,0x78,0x1E,0x3E,0x7C,0x32,0x4C,0x22,0x44,
    0x3E,0x7C,0x22,0x4C,0x00,0x00,0x00,0x00,0x00,0x00,0x08,0x00,0x08,0x00,0x1F,0xFC,0x30,0x00,0x2F,0xF8,0x00,0x00,0x00,0x00,
    0x3F,0xF0,0x00,0x10,0x00,0x10,0x00,0x10,0x00,0x1A,0x00,0x0A,0x00,0x0E,0x00,0x00,0x00,0x00,0x01,0x80,0x21,0x00,0x13,0xFE,
    0x12,0x00,0x04,0x00,0x01,0xFC,0x70,0x10,0x10,0x60,0x10,0xC0,0x11,0x80,0x11,0x86,0x10,0xFC,0x3C,0x00,0x47,0xFE,0x00,0x00,
    0x00,0x00,0x01,0x80,0x01,0x80,0x7F,0xFE,0x02,0x00,0x04,0x30,0x1F,0xF8,0x10,0x08,0x04,0x20,0x04,0x20,0x7F,0xFE,0x04,0x20,
    0x04,0x20,0x08,0x20,0x30,0x20,0x00,0x00,0x01,0x00,0x31,0x00,0x1B,0xFC,0x02,0x00,0x06,0xF8,0x60,0x00,0x10,0x00,0x03,0xF8,
    0x00,0x08,0x18,0x08,0x10,0x08,0x30,0x08,0x60,0x0B,0x40,0x06,0x00,0x00,0x00,0x00,0x00,0x00,0x00,0x40,0x30,0x60,0x18,0x20,
    0x03,0xFE,0x00,0x00,0x60,0x08,0x31,0x08,0x01,0x08,0x01,0x98,0x09,0x90,0x18,0x90,0x30,0x10,0x27,0xFE,0x67,0xFE,0x00,0x00,
    0x00,0x00,0x10,0xC0,0x18,0x80,0x09,0xFE,0x01,0x80,0x03,0x00,0x76,0xF8,0x10,0xFC,0x10,0x18,0x10,0x30,0x10,0x60,0x10,0x40,
    0x1C,0x80,0x18,0x82,0x10,0xFE,0x00,0x00,0x10,0x40,0x10,0xC0,0x10,0xFC,0x7D,0x8C,0x19,0x08,0x10,0x00,0x11,0xDE,0x1D,0x02,
    0x71,0x02,0x11,0xDE,0x11,0x02,0x11,0x02,0x11,0x06,0x31,0xFE,0x00,0x00,0x00,0x00,0x00,0x00,0x10,0x60,0x10,0x60,0x10,0xF0,
    0x14,0x90,0x55,0x88,0x53,0xFE,0x52,0x00,0x50,0x00,0x11,0xF8,0x11,0x08,0x11,0x08,0x11,0x08,0x11,0xF8,0x11,0x08,0x00,0x00,
    0x00,0x00,0x00,0x40,0x30,0x60,0x18,0xA0,0x01,0x90,0x01,0x08,0x77,0x0E,0x14,0xF0,0x00,0x00,0x01,0xF8,0x13,0x08,0x13,0x08,
    0x33,0x08,0x23,0xF8,0x63,0x08,0x00,0x00,0x00,0x00,0x01,0x80,0x3F,0xFC,0x03,0x80,0x06,0xF8,0x38,0x0C,0x7F,0xFE,0x40,0x82,
    0x48,0x82,0x1F,0xF8,0x31,0x80,0x00,0x80,0x7F,0xFE,0x00,0x80,0x00,0x80,0x00,0x80,0x00,0x00,0x18,0x04,0x18,0x3C,0x19,0xF0,
    0x7C,0x30,0x18,0x30,0x18,0x30,0x1D,0xFE,0x1D,0xFE,0x78,0x30,0x18,0x30,0x18,0x30,0x18,0x30,0x18,0x30,0x30,0x30,0x00,0x00,
    0x00,0x00,0x10,0x04,0x10,0x3C,0x3E,0xF0,0x60,0x10,0x40,0x10,0x3C,0x10,0x18,0x30,0x18,0xFE,0x7E,0x10,0x18,0x10,0x18,0x10,
    0x1A,0x10,0x1C,0x10,0x18,0x10,0x00,0x10,0x00,0x00,0x10,0x00,0x10,0x7C,0x3C,0x4C,0x40,0xCC,0x40,0x8C,0x3C,0x8E,0x11,0x00,
    0x10,0x00,0x7E,0xFC,0x10,0x84,0x10,0x84,0x14,0x84,0x1C,0xFC,0x18,0x84,0x00,0x00,0x00,0x00,0x00,0x18,0x07,0xF0,0x3D,0x80,
    0x01,0x80,0x01,0x80,0x01,0x80,0x01,0x80,0x7F,0xFE,0x01,0x80,0x01,0x80,0x01,0x80,0x01,0x80,0x01,0x80,0x01,0x80,0x00,0x00,
    0x00,0x00,0x00,0x0C,0x23,0xF8,0x32,0x60,0x10,0x60,0x00,0x60,0x03,0xFE,0x73,0xFE,0x10,0x60,0x10,0x60,0x10,0x60,0x10,0x60,
    0x30,0x60,0x6C,0x00,0x43,0xFE,0x00,0x00,0x00,0x00,0x08,0x20,0x1F,0x7E,0x34,0x58,0x64,0x88,0x01,0x80,0x03,0xC0,0x0E,0x70,
    0x3C,0x1E,0x67,0xE2,0x00,0x10,0x09,0x10,0x09,0xB0,0x00,0x20,0x3F,0xFC,0x00,0x00,0x00,0x00,0x08,0x04,0x09,0xFC,0x19,0x60,
    0x10,0x20,0x30,0x20,0x70,0x20,0x53,0xFE,0x10,0x60,0x10,0x20,0x10,0x20,0x10,0x20,0x10,0x20,0x10,0x20,0x10,0x20,0x10,0x20,
    0x00,0x00,0x01,0x98,0x30,0x90,0x17,0xFE,0x00,0xA0,0x03,0xFC,0x70,0xB4,0x33,0xFE,0x30,0xBC,0x30,0xB4,0x33,0xFC,0x39,0xB8,
    0x3B,0xB8,0x36,0xA6,0x04,0xA2,0x00,0x80,0x00,0x00,0x08,0x20,0x08,0x20,0x7F,0x7E,0x08,0x40,0x3E,0x80,0x23,0x80,0x3E,0x78,
    0x22,0x18,0x3E,0x10,0x08,0x20,0x08,0x60,0x7F,0x42,0x08,0x46,0x08,0x7C,0x08,0x00,0x00,0x10,0x7F,0x30,0x69,0x38,0x7F,0x28,
    0x4D,0x4C,0x7F,0xC6,0x08,0x92,0x3E,0x00,0x08,0x00,0x0F,0x04,0x70,0x04,0x01,0x08,0x55,0x08,0x48,0x18,0x00,0x00,0x00,0x00,
    0x00,0x00,0x10,0x40,0x10,0x48,0x3C,0x40,0x60,0x5C,0x41,0xE0,0x3C,0x40,0x10,0x7C,0x11,0xE0,0x7C,0x24,0x10,0x28,0x10,0x30,
    0x14,0x30,0x18,0xDA,0x11,0x0E,0x00,0x00,0x00,0x00,0x10,0x84,0x10,0x84,0x3C,0x84,0x60,0x84,0x41,0xFE,0x3C,0x84,0x10,0x84,
    0x10,0x8C,0x7C,0xFC,0x10,0x84,0x10,0x84,0x14,0x84,0x1C,0xFC,0x10,0x84,0x00,0x00,0x00,0x00,0x04,0x10,0x06,0x20,0x7F,0xFE,
    0x00,0x02,0x00,0x00,0x3F,0x24,0x21,0x64,0x3F,0x64,0x33,0x64,0x21,0x64,0x3F,0x64,0x21,0x04,0x21,0x04,0x27,0x1C,0x20,0x00,
    0x00,0x00,0x01,0x08,0x33,0x18,0x13,0x18,0x03,0x18,0x47,0xBE,0x63,0x1C,0x06,0xB6,0x0C,0x22,0x03,0xFC,0x12,0x0C,0x33,0xFC,
    0x22,0x0C,0x62,0x0C,0x43,0xFC,0x02,0x00,0x00,0x00,0x00,0x40,0x23,0xF8,0x12,0x48,0x03,0xF8,0x07,0xFE,0x60,0x00,0x33,0xF8,
    0x32,0x08,0x33,0xF8,0x32,0x00,0x33,0xFC,0x33,0x0C,0x7B,0xF8,0x47,0xFE,0x00,0x00,0x00,0x90,0x30,0x98,0x08,0x80,0x00,0x9C,
    0x43,0xE0,0x30,0x80,0x00,0xDC,0x01,0xE0,0x02,0x4C,0x30,0x58,0x20,0x30,0x20,0x70,0x61,0x9A,0x42,0x0E,0x00,0x00,0x00,0x00,
    0x00,0x00,0x04,0x20,0x24,0xFC,0x20,0xB4,0x00,0xFC,0x01,0xFE,0x64,0x00,0x26,0xFC,0x22,0xC4,0x22,0xFC,0x22,0xFC,0x2A,0xC4,
    0x32,0xFC,0x37,0x00,0x09,0xFE,0x00,0x00,0x00,0x00,0x08,0x0E,0x3F,0x70,0x10,0x60,0x34,0x60,0x3F,0x7E,0x24,0x48,0x04,0x48,
    0x7E,0xC8,0x04,0x08,0x05,0x80,0x1F,0xF8,0x01,0x80,0x01,0x80,0x7F,0xFE,0x00,0x00,0x00,0x00,0x00,0x80,0x20,0x84,0x31,0x8C,
    0x1F,0xF8,0x02,0x20,0x22,0x20,0x7F,0x7E,0x32,0xC4,0x22,0x10,0x3E,0x10,0x22,0x30,0x22,0x28,0x3E,0x6C,0x22,0xC6,0x00,0x00,
    0x04,0x00,0x04,0x00,0x04,0x00,0x0F,0xFC,0x08,0x0C,0x11,0x88,0x31,0x88,0x01,0x80,0x01,0x80,0x03,0xC0,0x02,0x60,0x06,0x30,
    0x1C,0x1C,0x70,0x0E,0x00,0x00,0x00,0x00,0x00,0x00,0x12,0x10,0x12,0x30,0x7F,0xA0,0x14,0x3E,0x3F,0x66,0x15,0x44,0x7F,0xD0,
    0x1F,0x90,0x15,0x10,0x3F,0x10,0x16,0x38,0x35,0x28,0x54,0x44,0x14,0xC6,0x00,0x00,0x00,0x00,0x10,0x60,0x10,0x60,0x10,0x70,
    0x7C,0x90,0x19,0x0C,0x13,0x0E,0x31,0xF8,0x3D,0x88,0x75,0x88,0x51,0x98,0x11,0x90,0x11,0x80,0x10,0x86,0x10,0xFC,0x00,0x00,
    0x00,0x00,0x00,0x20,0x00,0x60,0x3C,0x50,0x24,0x98,0x25,0x8C,0x27,0xFE,0x24,0xF8,0x24,0x88,0x24,0x88,0x3C,0x98,0x2C,0x90,
    0x24,0x80,0x60,0x86,0x00,0xFC,0x00,0x00,0x00,0x00,0x00,0x20,0x3C,0x20,0x25,0xFE,0x25,0x02,0x25,0x02,0x3C,0x48,0x24,0x84,
    0x24,0x00,0x3C,0x00,0x24,0xFC,0x24,0x20,0x24,0x20,0x44,0x20,0x4D,0xFE,0x00,0x00,0x00,0x00,0x04,0x20,0x04,0x60,0x3F,0xFC,
    0x01,0x80,0x01,0x00,0x1F,0xF8,0x01,0x00,0x01,0x00,0x7F,0xFE,0x02,0x40,0x06,0x40,0x0C,0x40,0x18,0x46,0x70,0x7C,0x00,0x00,
    0x00,0x00,0x10,0x20,0x13,0xFC,0x10,0x60,0x11,0x2C,0x79,0x28,0x37,0xFE,0x10,0x00,0x13,0xFE,0x12,0x06,0x12,0xF6,0x3A,0xD6,
    0x62,0x76,0x03,0x06,0x03,0xFE,0x00,0x00,0x00,0x00,0x04,0x20,0x7F,0xFE,0x04,0x20,0x01,0x80,0x3F,0xFC,0x09,0x90,0x7F,0xFE,
    0x00,0x00,0x1F,0xFC,0x30,0x0C,0x37,0xEC,0x36,0x2C,0x30,0x0C,0x3F,0xFC,0x00,0x04,0x00,0xF8,0x7D,0x8C,0x0D,0x04,0x0D,0xFC,
    0x7C,0x20,0x60,0x20,0x61,0xFC,0x79,0x24,0x09,0x24,0x09,0xFC,0x08,0x20,0x08,0x24,0x08,0x7E,0x3B,0xC2,0x00,0x00,0x00,0x00,
    0x00,0x00,0x10,0x60,0x10,0x60,0x10,0xF0,0x10,0x90,0x7D,0x88,0x13,0x0E,0x10,0xFA,0x18,0x88,0x70,0x88,0x10,0x98,0x10,0x90,
    0x10,0x80,0x10,0x86,0x30,0xFC,0x00,0x00,0x10,0x18,0x11,0xC0,0x10,0x78,0x78,0x40,0x13,0xF8,0x30,0x66,0x38,0x04,0x33,0x9C,
    0x51,0x10,0x57,0xFC,0x11,0x1A,0x17,0xB8,0x11,0x12,0x11,0x8E,0x00,0x00,0x00,0x00,0x10,0x08,0x23,0x88,0x39,0x08,0x41,0x08,
    0x41,0xBA,0x3B,0xBA,0x11,0x2A,0x31,0xC8,0x7B,0x48,0x13,0x5C,0x15,0x14,0x19,0x14,0x39,0x22,0x31,0x22,0x00,0x00,0x00,0x00,
    0x00,0x00,0x08,0x10,0x7F,0x90,0x00,0x1E,0x3F,0x10,0x23,0x10,0x3F,0x7C,0x00,0x64,0x7F,0x44,0x41,0x24,0x5F,0x28,0x57,0x38,
    0x5F,0x18,0x41,0x38,0x43,0xC6,0x00,0x00,0x10,0x20,0x11,0x22,0x11,0x24,0x10,0x24,0x54,0x20,0x55,0xFE,0x51,0x06,0x11,0xFE,
    0x11,0x86,0x11,0x06,0x11,0xFE,0x11,0x06,0x11,0x06,0x11,0x0C,0x00,0x00,0x00,0x00,0x00,0x00,0x10,0x3C,0x11,0xE0,0x10,0x60,
    0x39,0xFC,0x38,0x70,0x18,0x50,0x3C,0x88,0x35,0x8E,0x73,0x4A,0x50,0xC8,0x10,0xC8,0x10,0x88,0x11,0x88,0x11,0x08,0x00,0x00,
    0x00,0x00,0x01,0xA0,0x79,0x00,0x49,0xFE,0x4B,0x30,0x7F,0x30,0x7D,0xFC,0x49,0x30,0x79,0xFC,0x79,0x30,0x49,0xFE,0x59,0x00,
    0x78,0x00,0x42,0x52,0x46,0x5A,0x00,0x00,0x00,0x00,0x00,0xF0,0x1F,0x80,0x01,0x00,0x03,0x00,0x7F,0xFE,0x02,0x60,0x04,0x30,
    0x18,0x38,0x76,0x2E,0x04,0x20,0x04,0x20,0x04,0x20,0x08,0x20,0x38,0x20,0x00,0x20,0x00,0x00,0x18,0x38,0x13,0xE0,0x10,0x40,
    0x30,0x40,0x33,0xFC,0x70,0x90,0x51,0x08,0x16,0x06,0x10,0x90,0x10,0x90,0x11,0x90,0x11,0x90,0x11,0x10,0x13,0x10,0x12,0x00,
    0x00,0x00,0x01,0xFE,0x7C,0x40,0x10,0xC0,0x10,0xC0,0x10,0xFC,0x10,0xFE,0x10,0x06,0x10,0x06,0x1E,0x04,0x7C,0x04,0x40,0x04,
    0x00,0x0C,0x00,0x38,0x00,0x00,0x00,0x00,0x00,0x00,0x34,0x10,0x36,0x92,0x7E,0x56,0x34,0x10,0x3C,0x10,0x08,0xFE,0x7E,0xC2,
    0x6A,0xC6,0x6A,0xC6,0x7E,0xC2,0x08,0xFE,0x7F,0xC6,0x08,0xC6,0x08,0xC6,0x08,0x00,0x00,0x00,0x10,0x38,0x33,0xC0,0x30,0xF8,
    0x78,0x40,0x33,0xF8,0x30,0x46,0x38,0x04,0x33,0xBC,0x71,0x10,0x37,0xBC,0x31,0x12,0x37,0xF8,0x31,0x10,0x61,0x9E,0x00,0x00,
    0x00,0x00,0x12,0xFC,0x78,0x24,0x12,0xA4,0x0C,0xAC,0x38,0x2C,0x66,0x24,0x00,0x6C,0x7E,0xB4,0x14,0x24,0x14,0x64,0x34,0x40,
    0x24,0x02,0x43,0xFC,0x00,0x00,0x00,0x00,0x00,0x00,0x10,0x10,0x11,0x92,0x10,0x96,0x54,0x14,0x54,0xFE,0x54,0xFE,0x54,0x82,
    0x54,0xFE,0x54,0x86,0x54,0x82,0x54,0xFE,0x7C,0x82,0x04,0x82,0x00,0x8E,0x00,0x80,0x00,0x00,0x08,0x20,0x1A,0x24,0x13,0x2C,
    0x31,0x20,0x30,0x60,0x73,0xFC,0x52,0x04,0x13,0xFC,0x13,0x04,0x12,0x04,0x13,0xFC,0x13,0x04,0x12,0x04,0x12,0x0C,0x00,0x08,
    0x00,0x00,0x01,0x80,0x01,0x80,0x7F,0xFE,0x62,0x22,0x1E,0x3C,0x30,0x04,0x00,0xFE,0x7E,0x60,0x18,0x40,0x18,0x7C,0x18,0x04,
    0x1A,0x04,0x7E,0x04,0x00,0x1C,0x00,0x00,0x10,0x00,0x10,0x00,0x11,0xFE,0x10,0x66,0x10,0x66,0x7E,0x66,0x10,0x46,0x10,0x44,
    0x10,0x44,0x16,0xC4,0x1C,0x84,0x19,0x84,0x03,0x0C,0x06,0x1C,0x00,0x00,0x00,0x00,0x06,0x20,0x06,0x20,0x7F,0xFE,0x06,0x20,
    0x08,0x00,0x08,0x00,0x7F,0x7C,0x19,0x64,0x19,0x64,0x11,0x64,0x11,0x64,0x31,0x64,0x23,0x7C,0x66,0x64,0x00,0x00,0x00,0x00,
    0x00,0x00,0x00,0x00,0x0F,0xF0,0x08,0x10,0x08,0x10,0x08,0x10,0x0F,0xF0,0x08,0x10,0x08,0x10,0x0F,0xF0,0x0F,0xF0,0x08,0x10,
    0x08,0x10,0x08,0x10,0x7F,0xFE,0x00,0x00,0x00,0x00,0x10,0x20,0x10,0x20,0x10,0x20,0x1D,0xFC,0x54,0x20,0x50,0x20,0x53,0xFE,
    0x53,0xFE,0x10,0x60,0x10,0x48,0x10,0x88,0x11,0x8C,0x13,0xFE,0x11,0x02,0x00,0x00,0x00,0x00,0x01,0x80,0x01,0x80,0x7F,0xFE,
    0x40,0x02,0x0E,0x38,0x30,0x0C,0x10,0x00,0x10,0xFC,0x7C,0x64,0x10,0x64,0x10,0x44,0x14,0xC4,0x18,0x84,0x13,0x1C,0x00,0x00,
    0x00,0x00,0x18,0x60,0x10,0x40,0x3E,0x40,0x20,0x7E,0x40,0xC6,0x3C,0xA4,0x18,0x30,0x10,0x30,0x7E,0x30,0x18,0x30,0x10,0x50,
    0x16,0xC8,0x1C,0x8C,0x11,0x86,0x00,0x00,0x00,0x00,0x09,0xFC,0x18,0x04,0x11,0xFC,0x30,0x04,0x33,0xFC,0x70,0x00,0x57,0xFE,
    0x14,0x02,0x13,0xF8,0x11,0x98,0x10,0x90,0x10,0x60,0x10,0xF0,0x13,0x8E,0x00,0x00,0x00,0x00,0x01,0x00,0x01,0x80,0x3F,0xFC,
    0x04,0x30,0x04,0x20,0x7F,0xFE,0x01,0x80,0x00,0x80,0x3F,0xFC,0x3F,0xFC,0x08,0x90,0x18,0x98,0x30,0x8C,0x23,0x84,0x00,0x00,
    0x00,0x00,0x01,0x80,0x3F,0xFC,0x01,0x00,0x1F,0xF8,0x03,0x00,0x3F,0xFC,0x0C,0x30,0x18,0x58,0x77,0xCE,0x01,0x80,0x1F,0xF8,
    0x07,0x80,0x0D,0xB8,0x39,0x8C,0x00,0x00,0x00,0x00,0x3E,0x7C,0x08,0x10,0x3E,0x7C,0x08,0x10,0x1E,0x7E,0x21,0x80,0x03,0xC0,
    0x0C,0x60,0x39,0x9E,0x40,0x06,0x1F,0xF0,0x00,0x60,0x00,0xC0,0x00,0x80,0x00,0x00,0x02,0x10,0x7F,0x90,0x33,0x10,0x3E,0x30,
    0x08,0x7E,0x7F,0x12,0x69,0x12,0x3F,0x12,0x3F,0x32,0x0C,0x26,0x7F,0x26,0x08,0x66,0x7F,0x46,0x40,0xCC,0x00,0x00,0x00,0x00,
    0x04,0x20,0x06,0x60,0x7F,0xFE,0x04,0x20,0x00,0x78,0x1F,0xC0,0x18,0x00,0x18,0x00,0x1F,0xFE,0x10,0x20,0x10,0x20,0x10,0x20,
    0x20,0x20,0x60,0x20,0x00,0x00,0x00,0x00,0x00,0x00,0x10,0x40,0x10,0xE0,0x11,0xD0,0x7B,0x4C,0x37,0xFE,0x10,0x50,0x12,0x74,
    0x3B,0x04,0x71,0xFC,0x10,0x60,0x12,0xD6,0x12,0xD6,0x12,0xF6,0x72,0x04,0x00,0x00,0x00,0x00,0x01,0x80,0x03,0xC0,0x0C,0x20,
    0x19,0x9C,0x67,0xE6,0x03,0xC0,0x13,0xC8,0x10,0x08,0x1F,0xF8,0x01,0x80,0x3F,0xFC,0x22,0x64,0x27,0xE4,0x20,0x0C,0x00,0x08,
    0x00,0x00,0x01,0x80,0x3F,0xFE,0x60,0x02,0x09,0xF8,0x08,0x08,0x69,0xF8,0x29,0xF8,0x08,0x00,0x1F,0xFE,0x3E,0x02,0x69,0xF8,
    0x48,0x90,0x08,0x60,0x0B,0x9E,0x0A,0x00,0x00,0x40,0x30,0x60,0x18,0x30,0x00,0x00,0x00,0x80,0x60,0x88,0x32,0x8C,0x02,0x86,
    0x16,0x82,0x14,0x80,0x14,0x80,0x30,0x84,0x20,0xC4,0x60,0x7C,0x00,0x00,0x00,0x00,0x01,0x80,0x3F,0xFC,0x01,0x80,0x1F,0xF8,
    0x01,0x80,0x7F,0xFE,0x00,0x00,0x1F,0xF8,0x10,0x08,0x1F,0xF8,0x10,0x08,0x1F,0xF8,0x10,0x08,0x10,0x18,0x00,0x00,0x00,0x00,
    0x00,0x00,0x08,0x00,0x18,0xF8,0x7E,0x18,0x10,0x10,0x10,0x38,0x2C,0x6C,0x2C,0xC6,0x7E,0x00,0x0C,0xFC,0x0C,0x10,0x3E,0x10,
    0x6C,0x10,0x0C,0x10,0x0D,0xFE,0x00,0x00,0x00,0x00,0x08,0x00,0x1F,0xFC,0x30,0x00,0x6F,0xF8,0x00,0x00,0x3F,0xF8,0x00,0x08,
    0x1F,0x88,0x03,0x08,0x3C,0xC8,0x10,0x08,0x1F,0xC8,0x02,0x0E,0x3F,0xE6,0x00,0x00,0x00,0x00,0x10,0x00,0x10,0xFE,0x14,0x10,
    0x34,0x30,0x34,0x7E,0x77,0x46,0x14,0x56,0x14,0x56,0x14,0x56,0x15,0x56,0x17,0x56,0x14,0x30,0x10,0x64,0x10,0xC6,0x10,0x80,
    0x00,0x00,0x18,0x00,0x63,0xDE,0x6A,0x52,0x6A,0xD2,0x6B,0xD2,0x6A,0x52,0x6A,0xD2,0x6B,0xD2,0x7A,0x12,0x6A,0xD2,0x12,0xDE,
    0x13,0xD0,0x32,0x10,0x60,0x10,0x00,0x10,0x00,0x40,0x23,0xFC,0x18,0x60,0x03,0xFC,0x00,0x60,0x67,0xFE,0x30,0x00,0x03,0xFC,
    0x02,0x0C,0x13,0xFC,0x12,0x0C,0x33,0xFC,0x22,0x0C,0x42,0x0C,0x00,0x00,0x00,0x00,0x00,0x00,0x0A,0x20,0x7F,0xB0,0x12,0x24,
    0x30,0x64,0x61,0x9C,0x7D,0x98,0x35,0xBC,0x01,0x62,0x1F,0xF8,0x00,0x80,0x1F,0xFC,0x01,0x80,0x00,0x80,0x01,0x80,0x01,0x00,
    0x00,0x20,0x01,0xFE,0x78,0x20,0x49,0xFC,0x48,0x20,0x4B,0xFE,0x78,0x00,0x49,0xFC,0x49,0x04,0x49,0xFC,0x79,0x04,0x49,0xFC,
    0x41,0x04,0x01,0x0C,0x01,0x00,0x00,0x00,0x00,0x00,0x08,0x00,0x1F,0xFC,0x2F,0xF8,0x00,0x00,0x1F,0xF8,0x3F,0xE8,0x06,0x08,
    0x1F,0xC8,0x7F,0xE8,0x00,0x08,0x10,0x48,0x1F,0xCC,0x1F,0xC6,0x10,0xC6,0x00,0x00,0x00,0x00,0x10,0x20,0x13,0xFE,0x10,0x20,
    0x5D,0xFC,0x54,0x20,0x53,0xFE,0x50,0x00,0x11,0xFC,0x11,0x04,0x11,0xFC,0x11,0x04,0x11,0xFC,0x11,0x04,0x11,0x0C,0x11,0x00,
    0x00,0x00,0x03,0xFE,0x20,0x20,0x20,0x20,0x21,0xFC,0x39,0x04,0x21,0x24,0x21,0x24,0x21,0x24,0x21,0x24,0x29,0x64,0x31,0x40,
    0x60,0x8C,0x07,0x06,0x02,0x00,0x00,0x00,0x00,0x20,0x33,0xFE,0x18,0x60,0x03,0xFC,0x00,0x20,0x77,0xFE,0x10,0x00,0x11,0xFC,
    0x11,0x04,0x11,0xFC,0x15,0x04,0x19,0xFC,0x31,0x04,0x01,0x0C,0x00,0x00,0x00,0x00,0x00,0x00,0x00,0x80,0x00,0xC0,0x1F,0xFE,
    0x10,0x00,0x10,0xC0,0x10,0x40,0x17,0xFC,0x30,0xC0,0x30,0xE0,0x20,0xA0,0x21,0x30,0x23,0x18,0x66,0x0C,0x4C,0x06,0x00,0x00,
    0x00,0x00,0x00,0x60,0x00,0x20,0x7F,0xFE,0x10,0x00,0x10,0x00,0x11,0xFC,0x79,0x04,0x11,0x04,0x11,0xFC,0x10,0x20,0x1D,0x20,
    0x71,0x24,0x02,0x22,0x06,0x62,0x00,0x40,0x00,0x00,0x01,0x00,0x01,0x80,0x7F,0xFE,0x60,0x06,0x46,0x22,0x1C,0x18,0x31,0x0C,
    0x01,0x00,0x3F,0xFC,0x03,0x0C,0x02,0x0C,0x06,0x0C,0x0C,0x08,0x38,0x38,0x20,0x00,0x00,0x00,0x06,0x20,0x7C,0x20,0x08,0x20,
    0x08,0x20,0x08,0xA4,0x7F,0xA4,0x19,0xAC,0x18,0x30,0x3E,0x30,0x2B,0x50,0x48,0x58,0x48,0xC8,0x09,0x8C,0x0B,0x06,0x08,0x00,
    0x00,0x00,0x00,0x08,0x03,0xF8,0x0C,0x00,0x08,0x00,0x08,0x00,0x08,0x00,0x0F,0xFC,0x08,0x20,0x08,0x20,0x08,0x20,0x08,0x20,
    0x08,0x20,0x7F,0xFE,0x7F,0xFE,0x00,0x00,0x00,0x00,0x07,0x3E,0x3C,0x26,0x20,0x24,0x20,0x24,0x3F,0x2C,0x3F,0x28,0x26,0x2C,
    0x26,0x24,0x26,0x22,0x26,0x22,0x3F,0x22,0x70,0x2C,0x00,0x20,0x00,0x20,0x00,0x20,0x00,0x00,0x00,0x28,0x00,0x28,0x7C,0x20,
    0x11,0xFE,0x10,0x20,0x11,0x20,0x79,0x26,0x10,0x7C,0x10,0x78,0x10,0xE8,0x11,0xAC,0x3F,0x26,0x60,0x22,0x00,0x60,0x00,0x40,
    0x01,0x10,0x01,0x18,0x01,0x00,0x7F,0xFE,0x01,0x80,0x11,0x88,0x19,0x88,0x09,0xD0,0x03,0x60,0x05,0x20,0x19,0x30,0x31,0x1C,
    0x61,0x06,0x03,0x00,0x00,0x00,0x00,0x00,0x00,0x00,0x20,0x04,0x21,0x04,0x21,0x84,0x21,0x04,0x21,0x04,0x21,0x84,0x23,0x64,
    0x26,0x34,0x2C,0x14,0x28,0x04,0x20,0x04,0x3F,0xFC,0x20,0x04,0x00,0x00,0x00,0x00,0x00,0x00,0x04,0x20,0x04,0x20,0x7F,0xFE,
    0x02,0x40,0x02,0x40,0x3F,0xFC,0x32,0x4C,0x36,0x4C,0x34,0x7C,0x30,0x0C,0x3F,0xFC,0x30,0x0C,0x30,0x0C,0x3F,0xFC,0x00,0x04,
    0x00,0x00,0x73,0xFE,0x1A,0x02,0x02,0x22,0x42,0x22,0x62,0x62,0x32,0x62,0x02,0x72,0x02,0xD2,0x12,0x8A,0x33,0x82,0x22,0x02,
    0x62,0x06,0x63,0xFE,0x00,0x02,0x00,0x00,0x00,0x00,0x08,0x20,0x08,0x60,0x3E,0x7C,0x08,0x88,0x08,0x88,0x08,0xFE,0x7E,0x06,
    0x08,0x06,0x2C,0x7E,0x2C,0x06,0x28,0x06,0x78,0xFE,0x4C,0x00,0x43,0xFE,0x00,0x00,0x00,0x00,0x3F,0xFC,0x20,0x00,0x20,0x18,
    0x26,0x10,0x23,0xB0,0x20,0xE0,0x20,0xE0,0x20,0xB0,0x21,0x18,0x26,0x0C,0x24,0x00,0x20,0x00,0x3F,0xFE,0x00,0x00,0x00,0x00,
    0x00,0x00,0x08,0x00,0x08,0xFC,0x08,0x84,0x7E,0x84,0x4A,0x84,0x4A,0xFC,0x4A,0x84,0x7E,0x84,0x4A,0xC4,0x08,0xFC,0x0A,0x84,
    0x1E,0x84,0x72,0x84,0x01,0xFE,0x00,0x00,0x06,0x60,0x06,0x60,0x06,0x60,0x3F,0xFC,0x66,0x66,0x66,0x66,0x66,0x66,0x7F,0xFE,
    0x66,0x66,0x66,0x66,0x66,0x66,0x66,0x66,0x7F,0xFE,0x60,0x06,0x00,0x00,0x00,0x00,0x00,0x00,0x08,0x00,0x08,0xFE,0x3E,0x80,
    0x22,0x84,0x3E,0xA4,0x22,0x94,0x22,0x98,0x3E,0x88,0x22,0x9C,0x7E,0x94,0x0A,0xA6,0x1A,0x80,0x32,0x80,0x66,0xFE,0x04,0x00,
    0x1F,0xFC,0x3F,0xFC,0x30,0x04,0x3F,0xFC,0x30,0x40,0x30,0x40,0x34,0x4C,0x34,0x4C,0x27,0xFC,0x20,0x40,0x24,0x44,0x24,0x44,
    0x64,0x44,0x47,0xFC,0x00,0x00,0x00,0x00,0x00,0x00,0x7C,0xFE,0x04,0x80,0x24,0x84,0x24,0xA4,0x24,0xBC,0x24,0x98,0x6C,0x98,
    0x3E,0x9C,0x02,0xB4,0x7A,0xA6,0x42,0x80,0x02,0x80,0x0C,0xFE,0x08,0x00,0x00,0x00,0x00,0x00,0x10,0x00,0x0B,0x00,0x23,0x00,
    0x33,0xFC,0x03,0x0C,0x0B,0xF8,0x13,0x00,0x21,0xFC,0x01,0x80,0x7F,0xFE,0x03,0xC0,0x05,0xA0,0x19,0x98,0x71,0x86,0x00,0x00,
    0x00,0x00,0x7F,0xFC,0x22,0x64,0x22,0x44,0x3E,0x64,0x32,0x24,0x22,0x24,0x3E,0x28,0x3E,0x38,0x22,0x18,0x23,0x98,0x3F,0x38,
    0x62,0x66,0x02,0xC2,0x02,0x00,0x00,0x00,0x7F,0x80,0x33,0x7C,0x3F,0x24,0x31,0x2C,0x3F,0x18,0x33,0x18,0x7B,0x66,0x02,0x00,
    0x06,0x00,0x7F,0xFE,0x0C,0x60,0x03,0xC0,0x01,0xB8,0x3E,0x06,0x00,0x00,0x00,0x00,0x08,0x04,0x28,0x78,0x2E,0x10,0x28,0x7C,
    0x28,0x56,0x7E,0x52,0x08,0x7C,0x4A,0x10,0x5A,0xFE,0x5A,0x92,0x76,0x9E,0x42,0xB6,0x4E,0x82,0x62,0x82,0x00,0x00,0x00,0x00,
    0x00,0x00,0x08,0x00,0x09,0xE0,0x3D,0x2E,0x19,0x22,0x09,0xE2,0x7D,0x38,0x09,0x2C,0x09,0xE4,0x2D,0x24,0x29,0x7A,0x29,0xEA,
    0x78,0x20,0x4C,0x00,0x47,0xFE,0x00,0x00,0x01,0x80,0x01,0x80,0x01,0x80,0x3F,0xFC,0x01,0x80,0x01,0x80,0x01,0x80,0x7F,0xFE,
    0x03,0x00,0x03,0x00,0x06,0x30,0x0C,0x10,0x18,0x78,0x3F,0x0C,0x00,0x00,0x00,0x00,0x3F,0xFC,0x20,0x06,0x25,0x26,0x25,0x66,
    0x2F,0xF6,0x23,0x06,0x2F,0xF6,0x26,0x66,0x3F,0xFE,0x26,0xC6,0x22,0x16,0x23,0xE6,0x20,0x06,0x3F,0xFE,0x00,0x00,0x00,0x00,
    0x00,0x00,0x12,0x00,0x7F,0x7C,0x12,0x10,0x3B,0x10,0x6F,0xFC,0x3F,0x44,0x14,0x54,0x3F,0x54,0x64,0x54,0x3F,0x54,0x34,0x54,
    0x34,0x30,0x3F,0x24,0x20,0x62,0x00,0x00,0x00,0x00,0x18,0x00,0x18,0x00,0x19,0xFC,0x7C,0x84,0x18,0x8C,0x18,0x8C,0x3C,0x88,
    0x3C,0xD8,0x78,0x50,0x58,0x70,0x18,0x60,0x18,0xD0,0x19,0x8C,0x1B,0x06,0x00,0x00,0x00,0x00,0x00,0x48,0x7E,0x68,0x14,0xFE,
    0x14,0x48,0x7E,0x30,0x56,0x38,0x56,0x4C,0x57,0xFE,0x77,0x10,0x42,0x10,0x7E,0x7C,0x42,0x10,0x62,0x10,0x62,0xFE,0x40,0x00,
    0x00,0x00,0x01,0x00,0x03,0x00,0x1F,0xF8,0x10,0x08,0x1F,0xF8,0x10,0x08,0x18,0x08,0x1F,0xF8,0x00,0x88,0x7E,0xD8,0x04,0xE0,
    0x08,0xB0,0x18,0x98,0x63,0x86,0x01,0x00,0x01,0x80,0x03,0x80,0x02,0x40,0x06,0x60,0x1C,0x38,0x38,0x1E,0x6F,0xF2,0x01,0x80,
    0x01,0x80,0x1F,0xF8,0x01,0x80,0x01,0x80,0x01,0x80,0x3F,0xFC,0x00,0x00,0x00,0x00,0x00,0x00,0x00,0x80,0x00,0xC0,0x1F,0xFE,
    0x50,0x60,0x50,0xF0,0x11,0x98,0x1E,0x06,0x13,0xF8,0x70,0x40,0x10,0x60,0x13,0xFC,0x30,0x40,0x20,0x40,0x67,0xFE,0x00,0x00,
    0x00,0x00,0x01,0x10,0x19,0x30,0x01,0x00,0x3F,0xFC,0x02,0x00,0x7F,0xFE,0x04,0x20,0x1D,0xF8,0x75,0x8E,0x1F,0xF0,0x01,0x80,
    0x7F,0xFE,0x01,0x80,0x03,0x80,0x00,0x00,0x00,0x00,0x01,0x00,0x01,0x30,0x01,0x18,0x01,0x00,0x01,0x80,0x7F,0xFE,0x01,0x80,
    0x03,0x80,0x02,0xC0,0x06,0x40,0x04,0x60,0x0C,0x30,0x38,0x1C,0x70,0x06,0x00,0x00,0x00,0x00,0x01,0x80,0x19,0x10,0x09,0x30,
    0x3F,0xFC,0x03,0x00,0x03,0x00,0x7F,0xFE,0x04,0x30,0x18,0x18,0x7F,0xFE,0x03,0x12,0x02,0x10,0x06,0x30,0x18,0x70,0x00,0x00,
    0x00,0x00,0x00,0x20,0x00,0x20,0x3E,0x20,0x02,0xFE,0x02,0x36,0x02,0x22,0x16,0x22,0x1C,0x22,0x0C,0x22,0x0C,0x66,0x12,0x46,
    0x32,0xC6,0x60,0x86,0x01,0x1C,0x00,0x00,0x00,0x20,0x30,0x20,0x20,0x20,0x7E,0xFC,0x48,0x24,0x08,0x24,0x7E,0x24,0x08,0x6C,
    0x0A,0xFE,0x4A,0x70,0x4A,0x50,0x4A,0x58,0x7E,0x8C,0x01,0x06,0x00,0x00,0x00,0x00,0x00,0x00,0x08,0x20,0x08,0x20,0x08,0x60,
    0x48,0xFC,0x4C,0x24,0x58,0x24,0x58,0x24,0x59,0xFE,0x18,0x70,0x18,0x60,0x14,0x50,0x30,0x98,0x21,0x8C,0x67,0x06,0x00,0x00,
    0x00,0x00,0x00,0x40,0x1F,0xFE,0x11,0x00,0x13,0xDE,0x73,0x52,0x12,0x5E,0x14,0x80,0x30,0x60,0x73,0xFE,0x12,0xD2,0x12,0xC2,
    0x12,0x62,0x22,0x9A,0x22,0x06,0x00,0x04,0x00,0x00,0x08,0x00,0x08,0x3E,0x7F,0x22,0x08,0x22,0x08,0x22,0x08,0x22,0x7F,0xA2,
    0x18,0x22,0x10,0x22,0x32,0x22,0x21,0x26,0x7F,0xAC,0x60,0xA0,0x00,0x20,0x00,0x20,0x00,0x00,0x14,0x10,0x34,0x30,0x7F,0x44,
    0x34,0x54,0x34,0x54,0x36,0x4C,0x7F,0x48,0x00,0x40,0x3E,0x7E,0x22,0x02,0x3E,0xFA,0x22,0x02,0x22,0x02,0x3E,0x0E,0x00,0x08,
    0x00,0x00,0x10,0x20,0x10,0x60,0x13,0xFE,0x7B,0x42,0x10,0x90,0x30,0xFC,0x3D,0xB0,0x33,0xB0,0x57,0xFC,0x51,0x90,0x11,0xFC,
    0x11,0x90,0x11,0xFE,0x11,0x80,0x00,0x00,0x00,0x00,0x00,0x40,0x3C,0xC0,0x18,0x98,0x11,0x10,0x11,0xFC,0x30,0xB6,0x3C,0xB2,
    0x64,0xFE,0x64,0xB2,0x24,0xB6,0x34,0xFE,0x3D,0xB2,0x25,0x32,0x23,0x36,0x00,0x04,0x01,0x00,0x0D,0x18,0x19,0x3E,0x31,0xC0,
    0x07,0x80,0x7C,0xC0,0x7F,0xFC,0x18,0xC0,0x1F,0xF8,0x18,0xC0,0x1F,0xF8,0x18,0xC0,0x1F,0xFC,0x18,0x00,0x00,0x00,0x00,0x00,
    0x00,0x00,0x08,0x00,0x0D,0xFC,0x00,0x24,0x3C,0x64,0x0D,0xFE,0x08,0x44,0x1A,0xFC,0x3C,0x40,0x7C,0x40,0x58,0xFC,0x19,0xC4,
    0x1B,0x44,0x18,0x7C,0x18,0x44,0x00,0x00,0x00,0x44,0x3E,0x64,0x12,0x08,0x1B,0xFE,0x7F,0x10,0x12,0x10,0x7E,0x7C,0x30,0x10,
    0x30,0x10,0x7E,0x10,0x52,0xFE,0x12,0x10,0x1E,0x10,0x12,0x10,0x00,0x10,0x00,0x00,0x08,0x20,0x18,0x28,0x1F,0x24,0x32,0x20,
    0x6B,0xFC,0x4E,0x70,0x34,0x70,0x1C,0x50,0x18,0x88,0x31,0x86,0x21,0x00,0x00,0x48,0x26,0x44,0x62,0x26,0x00,0x00,0x00,0x00,
    0x00,0x00,0x11,0x08,0x11,0x0C,0x11,0xCE,0x13,0x48,0x5E,0x7E,0x53,0xD8,0x50,0x98,0x51,0x94,0x11,0x24,0x13,0x62,0x38,0x40,
    0x26,0x04,0x22,0x96,0x64,0xD2,0x04,0x00,0x00,0x00,0x01,0x80,0x01,0x80,0x1F,0xF8,0x11,0x88,0x11,0x88,0x11,0x88,0x1F,0xF8,
    0x11,0x88,0x11,0x88,0x7F,0xFE,0x10,0x08,0x10,0x08,0x10,0x08,0x10,0x18,0x00,0x00,0x00,0x00,0x00,0x40,0x18,0x40,0x03,0xF8,
    0x60,0xC8,0x10,0x98,0x09,0x9A,0x33,0x1E,0x26,0x04,0x01,0x80,0x7F,0xFE,0x03,0xC0,0x05,0xB0,0x19,0x9C,0x71,0x86,0x00,0x00,
    0x08,0x04,0x7F,0x7C,0x00,0x58,0x7F,0x58,0x7F,0x58,0x36,0x58,0x7F,0x58,0x36,0x5C,0x3E,0x54,0x7F,0x54,0x12,0x74,0x36,0xBC,
    0x52,0xBE,0x19,0x8A,0x00,0x00,0x00,0x00,0x00,0x00,0x00,0x60,0x13,0xFE,0x10,0x00,0x13,0xDC,0x7B,0xDC,0x10,0x90,0x13,0xFC,
    0x10,0x90,0x13,0xFC,0x1B,0xFE,0x61,0xA4,0x03,0xBC,0x0C,0xD8,0x01,0xC6,0x00,0x00,0x00,0x00,0x10,0x60,0x17,0xFE,0x10,0x00,
    0x33,0xDC,0x32,0x54,0x10,0x90,0x13,0xFC,0x38,0x90,0x71,0xFC,0x13,0xFC,0x11,0xA0,0x13,0x98,0x16,0x98,0x31,0xC6,0x00,0x00,
    0x00,0x00,0x00,0x60,0x77,0xFE,0x50,0x00,0x53,0xDC,0x52,0xD4,0x51,0x90,0x53,0xFC,0x50,0x90,0x73,0xFC,0x53,0xFC,0x41,0xA0,
    0x43,0xBC,0x0C,0x98,0x01,0xCE,0x00,0x00,0x00,0x00,0x30,0x60,0x18,0x60,0x00,0x60,0x00,0x60,0x70,0x7E,0x10,0x60,0x10,0x60,
    0x10,0x60,0x10,0x60,0x10,0x60,0x1C,0x60,0x18,0x60,0x13,0xFE,0x00,0x00,0x00,0x00,0x00,0x00,0x10,0x80,0x20,0xC0,0x3C,0xF8,
    0x2D,0x44,0x44,0x78,0x40,0x30,0x11,0xDA,0x11,0x0E,0x11,0xFE,0x11,0xFE,0x10,0xD0,0x18,0x90,0x30,0x92,0x03,0x1E,0x02,0x00,
    0x10,0x40,0x10,0xD8,0x10,0x4C,0x10,0x40,0x7D,0xFC,0x10,0xF0,0x10,0xE0,0x1C,0xA0,0x78,0xA0,0x50,0xA0,0x11,0xA0,0x11,0x20,
    0x13,0x32,0x36,0x1E,0x20,0x00,0x00,0x00,0x10,0x80,0x10,0x9C,0x31,0xE0,0x22,0x4C,0x4C,0x78,0x78,0x60,0x13,0x96,0x10,0x0C,
    0x23,0xFE,0x78,0x90,0x00,0x90,0x05,0x90,0x71,0x12,0x06,0x1E,0x00,0x00,0x00,0x00,0x04,0x20,0x04,0x60,0x3F,0xFC,0x05,0x20,
    0x3F,0xFC,0x06,0x00,0x0F,0xF0,0x1C,0x18,0x64,0x18,0x07,0xF0,0x00,0x00,0x34,0x84,0x24,0x16,0x07,0xF0,0x00,0x00,0x00,0x00,
    0x08,0x40,0x08,0x40,0x18,0x40,0x7D,0xF8,0x08,0x48,0x1D,0xC8,0x78,0xC8,0x08,0xE8,0x09,0xAA,0x33,0x0E,0x00,0x00,0x20,0x4C,
    0x26,0x44,0x62,0x66,0x00,0x00,0x00,0x00,0x00,0x00,0x00,0x00,0x03,0xF8,0x1D,0x80,0x01,0x80,0x01,0x80,0x01,0x80,0x7F,0xFE,
    0x7F,0xFE,0x01,0x80,0x01,0x80,0x01,0x80,0x01,0x80,0x01,0x80,0x1F,0xF8,0x00,0x00,0x00,0x00,0x0C,0x00,0x08,0x00,0x18,0x00,
    0x1B,0xFC,0x18,0x00,0x38,0x00,0x78,0x00,0x58,0x00,0x18,0x00,0x18,0x00,0x18,0x00,0x1B,0xFE,0x1B,0xFE,0x18,0x00,0x00,0x00,
    0x01,0x80,0x01,0x80,0x01,0x80,0x01,0x80,0x01,0x80,0x01,0x80,0x01,0x80,0x03,0xC0,0x02,0x40,0x06,0x60,0x04,0x30,0x08,0x18,
    0x30,0x0C,0x60,0x06,0x00,0x00,0x00,0x00,0x00,0x00,0x3F,0xFC,0x01,0x8C,0x09,0x08,0x19,0x08,0x13,0x08,0x06,0x08,0x3C,0x38,
    0x01,0x80,0x24,0x88,0x24,0xC4,0x64,0x06,0x44,0x10,0x07,0xF0,0x00,0x00,0x00,0x00,0x10,0x00,0x10,0x00,0x10,0x7E,0x7E,0x12,
    0x10,0x12,0x7E,0x92,0x10,0xB2,0x10,0xB2,0x7E,0xA2,0x12,0x26,0x12,0x66,0x16,0x46,0x10,0x8C,0x11,0x8C,0x10,0x00,0x00,0x00,
    0x00,0x00,0x08,0x00,0x08,0x1C,0x1B,0xF0,0x10,0x60,0x30,0x60,0x70,0x60,0x50,0x60,0x17,0xFE,0x10,0x60,0x10,0x60,0x10,0x60,
    0x10,0x60,0x13,0xFC,0x10,0x00,0x10,0x00,0x00,0x60,0x18,0x60,0x08,0x60,0x00,0x60,0x00,0x60,0x70,0x60,0x10,0x60,0x10,0x60,
    0x10,0xF0,0x16,0x90,0x1D,0x90,0x19,0x08,0x13,0x0C,0x06,0x06,0x00,0x00,0x00,0x00,0x00,0x00,0x3F,0xFC,0x3F,0xFE,0x00,0x86,
    0x00,0x84,0x11,0x84,0x11,0x84,0x11,0x04,0x31,0x04,0x03,0x04,0x06,0x04,0x0C,0x04,0x18,0x04,0x70,0x3C,0x00,0x00,0x00,0x00,
    0x10,0x00,0x10,0x7C,0x11,0xF0,0x30,0x30,0x7C,0x30,0x24,0x30,0x24,0x30,0x25,0xFE,0x64,0x30,0x3C,0x30,0x0C,0x30,0x1E,0x30,
    0x30,0x30,0x61,0xFE,0x00,0x00,0x00,0x00,0x00,0x00,0x18,0x00,0x11,0xFE,0x30,0x26,0x24,0x26,0x6C,0x26,0x79,0x26,0x19,0x26,
    0x11,0x24,0x21,0x64,0x78,0x44,0x00,0x44,0x0C,0xC4,0x79,0x84,0x03,0x1C,0x00,0x00,0x00,0x00,0x10,0x00,0x11,0xFC,0x10,0xCC,
    0x7C,0xC8,0x18,0xC8,0x10,0x88,0x10,0x8E,0x1C,0x82,0x78,0x82,0x50,0x82,0x11,0x02,0x11,0x06,0x13,0x06,0x36,0x0C,0x00,0x00,
    0x00,0x00,0x0B,0xFC,0x08,0x8C,0x10,0x88,0x10,0x88,0x30,0x88,0x70,0x8E,0x50,0x82,0x11,0x82,0x11,0x06,0x11,0x06,0x13,0x04,
    0x12,0x04,0x14,0x1C,0x10,0x00,0x00,0x00,0x0F,0xF8,0x1F,0xF8,0x18,0x08,0x18,0x08,0x18,0x08,0x18,0x08,0x1F,0xF8,0x18,0x08,
    0x18,0x08,0x18,0x08,0x18,0x08,0x1F,0xF8,0x1F,0xF8,0x18,0x08,0x00,0x00,0x00,0x00,0x00,0x90,0x00,0x98,0x00,0x80,0x7F,0xFE,
    0x00,0x80,0x08,0x80,0x08,0xC8,0x08,0x48,0x7E,0x50,0x08,0x70,0x18,0x60,0x10,0x70,0x31,0x92,0x63,0x0E,0x00,0x00,0x00,0x00,
    0x04,0x20,0x06,0x60,0x7F,0xFE,0x04,0x20,0x3F,0xFC,0x08,0x10,0x08,0x10,0x0F,0xF0,0x08,0x10,0x0F,0xF0,0x08,0x10,0x08,0x1E,
    0x7F,0xF0,0x00,0x10,0x00,0x00,0x00,0x00,0x00,0x00,0x04,0x20,0x7F,0xFE,0x04,0x20,0x01,0x80,0x3F,0xFC,0x60,0x06,0x0D,0xB0,
    0x1B,0xC8,0x06,0x60,0x18,0x3C,0x7F,0xFE,0x08,0x10,0x08,0x10,0x0F,0xF0,0x08,0x10,0x04,0x20,0x04,0x60,0x7F,0xFE,0x04,0x20,
    0x04,0x20,0x3F,0xFC,0x20,0x04,0x01,0x80,0x3F,0xFC,0x03,0xC0,0x05,0xE0,0x0D,0xB0,0x31,0x8C,0x21,0x84,0x00,0x00,0x00,0x00,
    0x00,0x10,0x7E,0x10,0x00,0x10,0x3E,0x7C,0x22,0xD4,0x3E,0xD4,0x00,0xD4,0x7E,0xD4,0x42,0xFC,0x52,0xD0,0x5A,0x14,0x5A,0x16,
    0x4A,0x1E,0x46,0xE2,0x00,0x00,0x00,0x00,0x00,0x00,0x10,0x20,0x10,0x60,0x13,0xFE,0x12,0x02,0x5E,0x88,0x51,0xA4,0x51,0x60,
    0x50,0xD0,0x11,0x8C,0x1B,0xFE,0x39,0x08,0x25,0x08,0x21,0x88,0x41,0xF8,0x00,0x00,0x00,0x00,0x00,0x40,0x20,0x60,0x17,0xFE,
    0x04,0x06,0x45,0x18,0x73,0x4C,0x06,0xE0,0x01,0xB0,0x03,0x18,0x27,0xFE,0x23,0x08,0x22,0x08,0x63,0x08,0x43,0x08,0x02,0x08,
    0x00,0x00,0x01,0x00,0x01,0x80,0x3F,0xFC,0x20,0x04,0x24,0x20,0x19,0x98,0x31,0x80,0x02,0xC0,0x0C,0x30,0x3F,0xFE,0x4C,0x10,
    0x08,0x10,0x08,0x10,0x0F,0xF0,0x08,0x00,0x00,0x10,0x10,0x14,0x30,0x10,0x27,0xFE,0x48,0x30,0x79,0x10,0x11,0x16,0x33,0x94,
    0x79,0x9C,0x61,0x18,0x01,0x18,0x1B,0x3A,0x62,0x6E,0x00,0x46,0x00,0x00,0x00,0x00,0x00,0x00,0x3F,0xFC,0x20,0x0C,0x20,0x04,
    0x00,0x00,0x07,0xE0,0x04,0x60,0x04,0x60,0x04,0x60,0x04,0x60,0x0C,0x60,0x08,0x66,0x10,0x24,0x60,0x3C,0x00,0x00,0x00,0x00,
    0x11,0xF8,0x10,0x0C,0x10,0x50,0x78,0x70,0x13,0xFC,0x10,0xD4,0x11,0xB0,0x1B,0x20,0x70,0x20,0x13,0xFE,0x10,0xF0,0x11,0xA8,
    0x17,0x26,0x70,0x22,0x00,0x00,0x00,0x00,0x00,0x00,0x1F,0xF8,0x02,0x60,0x03,0x80,0x3F,0xFC,0x06,0xC4,0x1C,0xC0,0x71,0x80,
    0x00,0x80,0x7F,0xFE,0x03,0xC0,0x0C,0xB0,0x38,0x9E,0x20,0x84,0x00,0x00,0x00,0x00,0x00,0x80,0x01,0x80,0x01,0x80,0x3F,0xFC,
    0x21,0x84,0x23,0x64,0x26,0x34,0x20,0x84,0x21,0x04,0x23,0x84,0x26,0x64,0x2C,0x24,0x20,0x04,0x20,0x1C,0x00,0x00,0x00,0x00,
    0x04,0x20,0x06,0x20,0x7F,0xFE,0x06,0x20,0x04,0x20,0x18,0x00,0x7F,0x7C,0x13,0x44,0x32,0x44,0x22,0x44,0x3E,0x44,0x0E,0x44,
    0x1F,0x7C,0x70,0x44,0x00,0x00,0x00,0x00,0x00,0x00,0x10,0x00,0x10,0xFC,0x78,0x30,0x7F,0xFE,0x57,0xAA,0x54,0x20,0x54,0x8C,
    0x7D,0xFE,0x54,0x20,0x11,0xFC,0x15,0x5E,0x1D,0x52,0x61,0x52,0x01,0x06,0x01,0x04,0x00,0x00,0x08,0x00,0x18,0x60,0x10,0x60,
    0x34,0x66,0x35,0x5A,0x70,0x40,0x53,0x08,0x17,0xFC,0x10,0x60,0x10,0x40,0x17,0xFC,0x16,0xB4,0x16,0xB4,0x16,0x8C,0x10,0x00,
    0x00,0xFC,0x7C,0x30,0x09,0xFE,0x1B,0x36,0x13,0xAE,0x10,0x20,0x18,0x88,0x73,0xFE,0x10,0x20,0x11,0xFC,0x13,0x56,0x13,0x52,
    0x13,0x52,0x33,0x46,0x00,0x00,0x00,0x00,0x00,0x00,0x08,0x00,0x08,0x00,0x08,0x00,0x7E,0x7E,0x1B,0x46,0x13,0x46,0x12,0x46,
    0x22,0x46,0x22,0x46,0x1E,0x46,0x0E,0x66,0x0B,0x7E,0x30,0x46,0x60,0x40,0x00,0x00,0x00,0x00,0x1F,0xFC,0x17,0xF0,0x10,0x00,
    0x1F,0xFC,0x34,0x90,0x24,0xF0,0x27,0x38,0x64,0x1C,0x00,0x30,0x7F,0xFE,0x08,0x20,0x0C,0x20,0x00,0x60,0x00,0x00,0x00,0x00,
    0x01,0xA0,0x7F,0x20,0x00,0xA0,0x24,0xA0,0x25,0xA0,0x00,0x20,0x3F,0xA0,0x03,0xA0,0x06,0x20,0x07,0xA0,0x7E,0x20,0x04,0x22,
    0x04,0x32,0x0C,0x1C,0x00,0x00,0x00,0x00,0x00,0x40,0x30,0x40,0x18,0x40,0x00,0xC0,0x07,0xFE,0x67,0xFE,0x31,0x88,0x01,0x08,
    0x01,0x18,0x11,0x90,0x30,0x70,0x20,0x78,0x60,0xCC,0x63,0x86,0x02,0x00,0x00,0x00,0x04,0x00,0x06,0x00,0x03,0x00,0x01,0x80,
    0x01,0x80,0x01,0xC0,0x03,0x40,0x02,0x60,0x06,0x20,0x0C,0x30,0x08,0x18,0x18,0x1C,0x70,0x0E,0x40,0x00,0x00,0x00,0x00,0x00,
    0x11,0xFC,0x13,0x00,0x02,0x7C,0x7A,0x00,0x0B,0xFC,0x13,0xF4,0x16,0x54,0x3A,0x6C,0x5A,0xC6,0x12,0x08,0x13,0xFE,0x12,0x88,
    0x14,0x48,0x14,0x18,0x00,0x00,0x00,0x00,0x00,0x00,0x18,0x60,0x10,0x40,0x7E,0x40,0x30,0xFE,0x20,0x84,0x28,0xA4,0x68,0x20,
    0x7F,0x30,0x08,0x30,0x08,0x30,0x7F,0x70,0x48,0x48,0x08,0x8C,0x09,0x86,0x08,0x00,0x00,0x00,0x7D,0xFC,0x64,0x00,0x6C,0x00,
    0x68,0x00,0x69,0xFE,0x69,0xFE,0x64,0x50,0x64,0xD0,0x64,0x90,0x6C,0x90,0x69,0x90,0x61,0x12,0x66,0x1E,0x00,0x00,0x00,0x00,
    0x00,0x00,0x04,0x40,0x7F,0xFE,0x04,0x40,0x01,0x00,0x15,0x88,0x24,0x08,0x24,0x20,0x03,0xC0,0x08,0x10,0x0A,0x38,0x72,0xA2,
    0x50,0xA2,0x52,0xA0,0x1C,0x3C,0x00,0x00,0x00,0x20,0x7D,0x24,0x31,0x24,0x11,0xFC,0x10,0x00,0x78,0x00,0x7B,0xFE,0x10,0x20,
    0x11,0xFC,0x13,0x56,0x3F,0x52,0x63,0x52,0x03,0x52,0x03,0x06,0x00,0x00,0x00,0x00,0x00,0x00,0x10,0x84,0x30,0x88,0x3C,0x48,
    0x7C,0x18,0x41,0xFC,0x3D,0x84,0x11,0x84,0x11,0xFC,0x7C,0x50,0x10,0x50,0x10,0x90,0x14,0x90,0x19,0x92,0x13,0x1E,0x00,0x00,
    0x10,0x00,0x19,0xFE,0x00,0x06,0x00,0x06,0x27,0xF6,0x21,0x86,0x21,0x86,0x27,0xE6,0x21,0x86,0x21,0x86,0x21,0x86,0x2F,0xF6,
    0x20,0x04,0x20,0x1C,0x00,0x00,0x00,0x00,0x00,0x00,0x02,0x00,0x33,0x7E,0x11,0x02,0x04,0x02,0x45,0xFA,0x64,0x62,0x14,0x62,
    0x04,0xF2,0x04,0x62,0x14,0x62,0x35,0xFA,0x24,0x02,0x64,0x02,0x64,0x0E,0x04,0x04,0x04,0x20,0x04,0x20,0x7F,0xFE,0x04,0x20,
    0x05,0xA0,0x03,0x80,0x3F,0xFC,0x06,0x00,0x0C,0x00,0x1F,0xF8,0x7C,0x08,0x0C,0x08,0x0F,0xF8,0x0C,0x08,0x00,0x00,0x00,0x00,
    0x00,0x00,0x3E,0x7C,0x02,0x04,0x3E,0x7C,0x20,0x40,0x20,0x40,0x3E,0x7C,0x02,0x04,0x12,0x64,0x12,0x24,0x0E,0x3C,0x32,0xC4,
    0x02,0x04,0x0E,0x0C,0x00,0x00,0x00,0x00,0x00,0x00,0x32,0x88,0x32,0xC8,0x37,0xC8,0x7A,0xDE,0x32,0xD2,0x37,0xF2,0x30,0x34,
    0x3F,0xD4,0x76,0x54,0x37,0xCC,0x36,0x4C,0x37,0xCC,0x34,0x5C,0x64,0xF2,0x00,0x00,0x00,0x00,0x27,0xFE,0x10,0x90,0x00,0x90,
    0x03,0xFC,0x66,0xF6,0x36,0x92,0x06,0x92,0x16,0x92,0x17,0x9E,0x36,0x06,0x26,0x02,0x67,0xFE,0x46,0x02,0x00,0x00,0x00,0x00,
    0x00,0x00,0x04,0x60,0x7F,0xFE,0x04,0x60,0x00,0x00,0x7C,0x30,0x6C,0xFE,0x68,0x48,0x68,0x48,0x69,0xFE,0x65,0x00,0x6D,0x00,
    0x69,0x00,0x62,0x00,0x66,0x00,0x00,0x00,0x00,0x00,0x3D,0xFC,0x25,0x24,0x25,0xA4,0x2D,0xFC,0x3D,0x24,0x25,0xA4,0x25,0xFC,
    0x3C,0x00,0x3C,0x10,0x25,0x54,0x25,0x42,0x47,0x4A,0x4C,0x78,0x00,0x00,0x00,0x00,0x00,0x00,0x10,0x00,0x10,0xFC,0x34,0x94,
    0x64,0x94,0x7E,0xFC,0x2A,0x94,0x2A,0x94,0x3E,0xFC,0x2A,0x10,0x2A,0x10,0x3E,0xCC,0x00,0xC2,0x1F,0x42,0x71,0x68,0x00,0x00,
    0x00,0x00,0x01,0x80,0x3F,0xFC,0x20,0x04,0x2F,0xFC,0x06,0x60,0x0F,0xF8,0x06,0x60,0x3F,0xFC,0x06,0x60,0x0D,0xB0,0x79,0x9E,
    0x07,0xE0,0x01,0x80,0x3F,0xFC,0x00,0x00,0x00,0x00,0x00,0x80,0x3F,0xFE,0x20,0x06,0x1F,0xF8,0x04,0x60,0x1F,0xF8,0x06,0x60,
    0x3F,0xFC,0x18,0x30,0x7F,0xFE,0x09,0x10,0x09,0x10,0x03,0x60,0x1C,0x18,0x00,0x00,0x00,0x00,0x00,0x00,0x3F,0xFC,0x00,0x00,
    0x00,0x00,0x00,0x00,0x0F,0xF0,0x1F,0xF8,0x00,0x00,0x00,0x00,0x00,0x00,0x00,0x00,0x7F,0xFE,0x00,0x00,0x00,0x00,0x00,0x00,
    0x00,0x00,0x03,0x00,0x06,0x30,0x1C,0x38,0x1F,0xD8,0x02,0x00,0x7F,0xFE,0x04,0x30,0x08,0x10,0x37,0xEC,0x60,0x06,0x0F,0xF0,
    0x0F,0xE0,0x00,0x00,0x3F,0xFC,0x00,0x00,0x00,0x00,0x01,0x80,0x03,0x80,0x02,0x40,0x04,0x30,0x19,0x1C,0x71,0x86,0x09,0x90,
    0x0D,0xB0,0x05,0xA0,0x3F,0xFC,0x3F,0xFC,0x01,0x80,0x01,0x80,0x01,0x80,0x00,0x00,0x12,0x20,0x12,0x20,0x7F,0x20,0x12,0x7E,
    0x36,0x44,0x7F,0xCC,0x00,0xE8,0x3F,0x28,0x23,0x28,0x3F,0x38,0x23,0x10,0x3F,0x38,0x22,0x6C,0x26,0xC6,0x00,0x00,0x00,0x00,
    0x00,0x00,0x1F,0xF0,0x07,0x60,0x03,0xF0,0x1C,0x10,0x3E,0xFC,0x12,0x48,0x0C,0x38,0x3E,0x6C,0x21,0x80,0x7F,0xFE,0x05,0xA0,
    0x19,0x9C,0x61,0x84,0x00,0x00,0x00,0x00,0x01,0xF8,0x78,0x98,0x48,0xF0,0x48,0xF8,0x4B,0x88,0x4B,0xDC,0x4B,0x9C,0x49,0x9C,
    0x7B,0x50,0x4B,0xFE,0x40,0xF0,0x41,0xB8,0x03,0x2C,0x06,0x22,0x00,0x00,0x00,0x00,0x00,0x00,0x01,0x80,0x01,0x80,0x3F,0xFC,
    0x01,0x80,0x19,0x90,0x09,0xB0,0x01,0x80,0x7F,0xFE,0x19,0x08,0x19,0x90,0x18,0xE0,0x18,0x60,0x1E,0x1C,0x1C,0x06,0x00,0x00,
    0x10,0x00,0x13,0xFC,0x11,0x48,0x7C,0x90,0x10,0xF0,0x10,0x70,0x19,0x9E,0x3A,0x62,0x73,0xFC,0x13,0x64,0x13,0xFC,0x13,0x60,
    0x10,0x64,0x33,0xFE,0x00,0x00,0x00,0x00,0x00,0x00,0x7D,0xFC,0x0C,0xA8,0x08,0x98,0x28,0x70,0x28,0x70,0x6B,0xEE,0x7C,0x20,
    0x05,0xFC,0x1D,0x24,0x35,0xFC,0x45,0x20,0x04,0x24,0x1F,0xFE,0x00,0x02,0x00,0x00,0x18,0x00,0x19,0xFE,0x18,0x06,0x7E,0x06,
    0x18,0x06,0x18,0x06,0x1E,0xFE,0x1C,0x06,0x78,0x06,0x18,0x06,0x18,0x06,0x19,0xFE,0x19,0xFE,0x38,0x06,0x00,0x00,0x00,0x00,
    0x00,0x00,0x10,0x20,0x11,0xAE,0x11,0x26,0x7D,0x26,0x35,0xAE,0x25,0x26,0x25,0xFE,0x2C,0x20,0x69,0xFC,0x38,0x8C,0x18,0x88,
    0x14,0x70,0x20,0x70,0x43,0x9E,0x00,0x00,0x00,0x00,0x3E,0xFC,0x08,0x10,0x3E,0x7C,0x08,0x30,0x08,0x10,0x7E,0xFE,0x00,0x00,
    0x01,0x30,0x34,0x64,0x24,0xC6,0x65,0x82,0x0E,0x18,0x7F,0xF0,0x00,0x00,0x00,0x00,0x06,0x00,0x04,0x00,0x0F,0xE0,0x18,0x60,
    0x30,0x40,0x7F,0xF8,0x10,0x88,0x10,0x88,0x1F,0xF8,0x10,0x08,0x10,0x00,0x10,0x00,0x18,0x06,0x0F,0xFC,0x00,0x00,0x00,0x00,
    0x00,0x00,0x3B,0xFC,0x08,0x44,0x03,0x44,0x02,0xC4,0x30,0x84,0x11,0x1C,0x02,0x10,0x00,0x20,0x13,0x20,0x13,0x3C,0x23,0x20,
    0x63,0x20,0x4F,0xFE,0x00,0x00,0x00,0x00,0x00,0x00,0x01,0x80,0x3F,0xFC,0x07,0xE0,0x0D,0xB0,0x31,0x8C,0x01,0x00,0x08,0x20,
    0x7E,0xFE,0x18,0x70,0x1A,0x68,0x28,0xA4,0x49,0xA6,0x08,0x20,0x00,0x00,0x00,0x00,0x00,0x00,0x08,0x88,0x18,0x98,0x13,0xFE,
    0x12,0x66,0x32,0xAA,0x72,0xAA,0x53,0xFE,0x10,0x00,0x11,0xFC,0x11,0x0C,0x11,0x0C,0x11,0xFC,0x11,0x04,0x11,0xFC,0x11,0x00,
    0x04,0x60,0x06,0x60,0x7F,0xFE,0x04,0x60,0x10,0x00,0x08,0x60,0x41,0x4C,0x63,0x46,0x02,0x42,0x02,0x4C,0x10,0x58,0x30,0x30,
    0x20,0xE0,0x67,0x80,0x00,0x00,0x00,0x00,0x00,0x00,0x00,0x20,0x7E,0x20,0x10,0x20,0x10,0xA4,0x10,0xA6,0x3C,0xA2,0x35,0xA0,
    0x65,0x22,0x64,0x26,0x24,0x04,0x3C,0x08,0x34,0x18,0x20,0x70,0x01,0xC0,0x01,0x00,0x00,0x00,0x08,0x10,0x0E,0x30,0x03,0xC0,
    0x01,0xE0,0x06,0x30,0x18,0x88,0x00,0x80,0x7F,0xFE,0x01,0x80,0x00,0x90,0x0C,0x98,0x18,0x8C,0x30,0x84,0x03,0x80,0x00,0x00,
    0x00,0x00,0x01,0x06,0x33,0x06,0x1E,0x26,0x0E,0x26,0x1B,0x26,0x30,0xA6,0x04,0x26,0x7F,0xA6,0x7F,0xA6,0x04,0x26,0x25,0x26,
    0x24,0x86,0x44,0x86,0x5C,0x0C,0x08,0x00,0x00,0x40,0x30,0x40,0x18,0x48,0x03,0x4C,0x03,0x46,0x62,0x42,0x32,0x40,0x06,0x44,
    0x00,0x4C,0x10,0x08,0x30,0x10,0x20,0x70,0x60,0xC0,0x67,0x80,0x00,0x00,0x00,0x00,0x10,0x20,0x10,0x20,0x30,0x20,0x26,0xA4,
    0x6C,0xA4,0x78,0xA2,0x19,0xA0,0x11,0x20,0x7C,0x26,0x70,0x0C,0x00,0x08,0x0C,0x10,0x70,0x60,0x01,0xC0,0x01,0x00,0x00,0x00,
    0x00,0x00,0x18,0x40,0x13,0xFC,0x12,0x94,0x32,0xF4,0x32,0xF4,0x72,0x94,0x53,0xFC,0x13,0x0C,0x16,0xC6,0x11,0xF8,0x13,0x88,
    0x12,0x70,0x10,0x70,0x13,0x8E,0x02,0x00,0x00,0x00,0x00,0x60,0x00,0x60,0x78,0xD0,0x49,0x98,0x4B,0xFE,0x4A,0x20,0x48,0x20,
    0x4B,0xFE,0x48,0x20,0x78,0xF8,0x69,0x8C,0x49,0x0C,0x41,0x0C,0x01,0xFC,0x01,0x00,0x00,0x00,0x18,0x20,0x10,0x20,0x3E,0x7E,
    0x66,0x6C,0x7F,0xCC,0x03,0x68,0x01,0x28,0x3F,0x38,0x01,0x38,0x3F,0x66,0x00,0x00,0x20,0x04,0x26,0x44,0x62,0x66,0x00,0x00,
    0x00,0x00,0x18,0x20,0x1F,0x7E,0x3C,0x78,0x64,0xC8,0x00,0x00,0x25,0xFE,0x24,0x20,0x24,0xFC,0x25,0xB6,0x2D,0x26,0x2D,0x26,
    0x09,0x24,0x19,0x24,0x30,0x20,0x00,0x20,0x00,0x00,0x73,0xFE,0x78,0x50,0x48,0x50,0x4B,0xFE,0x4A,0x52,0x7A,0x52,0x4A,0x52,
    0x4A,0x92,0x4B,0x9E,0x5A,0x02,0x7A,0x02,0x43,0xFE,0x02,0x02,0x02,0x02,0x00,0x00,0x00,0x00,0x7B,0xDC,0x22,0xD4,0x22,0xD4,
    0x22,0xD4,0x7A,0xF6,0x37,0xFE,0x22,0xD4,0x22,0xD4,0x22,0xD4,0x3A,0xE4,0x64,0xE4,0x04,0xE4,0x0C,0x6C,0x00,0x00,0x00,0x00,
    0x04,0x20,0x04,0x20,0x7F,0xFE,0x04,0x20,0x01,0x00,0x01,0xFC,0x01,0xFC,0x01,0x00,0x1F,0xF8,0x30,0x08,0x30,0x08,0x30,0x08,
    0x3F,0xF8,0x3F,0xF8,0x00,0x00,0x00,0x00,0x08,0x00,0x08,0x0C,0x08,0x18,0x7E,0x30,0x18,0x60,0x18,0x04,0x1C,0x0C,0x3A,0x30,
    0x2A,0x60,0x68,0x46,0x48,0x0C,0x08,0x18,0x08,0x70,0x09,0xC0,0x00,0x00,0x00,0x00,0x00,0x00,0x01,0x80,0x01,0x80,0x01,0x80,
    0x21,0x84,0x21,0x84,0x21,0x84,0x21,0x84,0x21,0x84,0x21,0x84,0x21,0x84,0x21,0x84,0x3F,0xFC,0x00,0x04,0x00,0x00,0x00,0x00,
    0x00,0x02,0x39,0xC2,0x29,0x5A,0x29,0x5A,0x29,0x5A,0x2F,0x5A,0x7F,0xFA,0x29,0x5A,0x29,0x5A,0x29,0x5A,0x2B,0x52,0x6A,0x42,
    0x4E,0x42,0x5A,0xCE,0x00,0x00,0x00,0x00,0x00,0x00,0x10,0x20,0x10,0x20,0x11,0xFE,0x51,0x06,0x5D,0xFE,0x59,0x00,0x51,0x6C,
    0x51,0x6E,0x13,0x2A,0x1B,0xAA,0x3E,0x26,0x22,0xEE,0x62,0xA2,0x46,0x66,0x00,0x04,0x00,0x00,0x08,0x00,0x0C,0x0C,0x00,0x18,
    0x3C,0x30,0x3C,0x60,0x0C,0x04,0x1B,0x0C,0x3E,0x18,0x7E,0x60,0x5A,0x42,0x18,0x06,0x18,0x18,0x18,0x30,0x19,0xE0,0x00,0x00,
    0x10,0x00,0x19,0xFC,0x08,0x04,0x20,0x04,0x21,0x84,0x21,0x04,0x21,0x04,0x21,0x84,0x22,0x44,0x26,0x24,0x2C,0x34,0x28,0x04,
    0x20,0x04,0x20,0x0C,0x00,0x00,0x00,0x00,0x00,0x00,0x00,0x60,0x7C,0x60,0x6B,0xFC,0x68,0x60,0x79,0x6C,0x71,0x68,0x69,0x68,
    0x6F,0xFC,0x64,0x60,0x6C,0x60,0x78,0xD0,0x61,0x98,0x63,0x0C,0x6E,0x06,0x00,0x00,0x00,0x00,0x30,0x60,0x37,0xFE,0x30,0x00,
    0x7B,0xFC,0x32,0xF4,0x32,0xD4,0x32,0x74,0x3B,0xFC,0x70,0x00,0x31,0x04,0x31,0xFC,0x31,0x04,0x31,0xFC,0x73,0xFE,0x00,0x00,
    0x00,0x00,0x00,0x40,0x7C,0xF8,0x45,0x08,0x55,0xFE,0x55,0x44,0x55,0x10,0x55,0x7E,0x55,0x00,0x55,0x7C,0x55,0x7E,0x31,0x00,
    0x29,0x7E,0x2F,0x42,0x42,0x7E,0x00,0x00,0x00,0x00,0x00,0x98,0x3C,0x58,0x25,0xFE,0x24,0x20,0x3C,0xFC,0x3C,0x20,0x25,0xFE,
    0x24,0xAC,0x3F,0xFE,0x24,0x00,0x25,0xFC,0x65,0x84,0x45,0x84,0x4D,0xFC,0x00,0x00,0x00,0x00,0x04,0x20,0x04,0x60,0x3F,0xFC,
    0x01,0x80,0x1F,0xF8,0x01,0x80,0x3F,0xFC,0x09,0x90,0x7F,0xFE,0x00,0x00,0x1F,0xF8,0x10,0x08,0x10,0x08,0x1F,0xF8,0x10,0x08,
    0x00,0x20,0x20,0x20,0x18,0x20,0x02,0x20,0x02,0x26,0x62,0x26,0x32,0x26,0x02,0x26,0x02,0x26,0x1A,0x26,0x12,0x26,0x32,0x26,
    0x63,0xFE,0x60,0x06,0x00,0x00,0x00,0x00,0x00,0x00,0x00,0x80,0x00,0xC0,0x3F,0xFC,0x30,0x04,0x3F,0xFC,0x30,0x00,0x37,0xBE,
    0x30,0x86,0x24,0xB6,0x24,0x96,0x23,0x8E,0x2E,0xB6,0x68,0xA6,0x43,0x8E,0x00,0x00,0x00,0x00,0x10,0xC8,0x10,0x58,0x33,0xFE,
    0x24,0x20,0x4C,0xFC,0x78,0x20,0x11,0xFE,0x10,0xAC,0x23,0xFE,0x78,0x00,0x00,0xFC,0x05,0x84,0x79,0x84,0x41,0xFC,0x00,0x04,
    0x00,0x00,0x20,0x40,0x30,0x60,0x37,0xFE,0x31,0x18,0x78,0x90,0x33,0xFE,0x32,0x12,0x32,0x9E,0x33,0x8A,0x32,0xD2,0x3A,0x92,
    0x62,0xF2,0x02,0x02,0x02,0x0C,0x00,0x00,0x08,0x80,0x19,0x80,0x11,0x00,0x13,0xFE,0x32,0x00,0x34,0x60,0x50,0x40,0x53,0xFC,
    0x10,0x44,0x10,0x44,0x10,0x84,0x11,0x84,0x11,0x04,0x16,0x1C,0x10,0x00,0x00,0x00,0x00,0x00,0x01,0x00,0x01,0x80,0x7F,0xFE,
    0x04,0x20,0x04,0x60,0x3F,0xFC,0x20,0x04,0x22,0x64,0x2C,0x34,0x23,0xE4,0x22,0x64,0x23,0xE4,0x20,0x04,0x20,0x1C,0x00,0x10,
    0x01,0x80,0x09,0x98,0x0D,0xB0,0x3F,0xFE,0x2F,0xF6,0x08,0x10,0x08,0x10,0x0F,0xF0,0x1F,0xF8,0x18,0x08,0x11,0x08,0x11,0x08,
    0x07,0x30,0x3C,0x0C,0x20,0x00,0x00,0x00,0x00,0x00,0x00,0x60,0x78,0x60,0x49,0xFE,0x4B,0x02,0x4B,0x02,0x4B,0x7A,0x7B,0x4A,
    0x4B,0x4A,0x4B,0x4A,0x4B,0x4A,0x4B,0x7A,0x7B,0x02,0x4B,0x02,0x43,0x06,0x00,0x04,0x00,0x00,0x01,0x00,0x01,0x00,0x01,0x00,
    0x01,0x00,0x01,0x00,0x01,0xFC,0x01,0x00,0x01,0x00,0x01,0x00,0x01,0x00,0x01,0x00,0x01,0x00,0x7F,0xFE,0x7F,0xFE,0x00,0x00,
    0x00,0x00,0x21,0x8C,0x11,0x88,0x09,0x90,0x01,0x80,0x3F,0xFC,0x20,0x04,0x20,0x04,0x27,0xE4,0x24,0x24,0x24,0x24,0x27,0xE4,
    0x20,0x04,0x20,0x1C,0x00,0x00,0x00,0x00,0x00,0x00,0x09,0x98,0x0D,0x90,0x3F,0xFE,0x60,0x06,0x6F,0xF2,0x08,0x10,0x0F,0xF0,
    0x01,0x00,0x3F,0xFE,0x03,0x40,0x04,0x58,0x1C,0x30,0x65,0x18,0x06,0x0E,0x00,0x00,0x10,0x20,0x11,0x26,0x11,0x24,0x18,0x20,
    0x7C,0x30,0x11,0xFE,0x39,0x06,0x3D,0xFE,0x75,0x06,0x51,0x06,0x11,0xFE,0x11,0x06,0x11,0x06,0x11,0x0C,0x00,0x00,0x00,0x00,
    0x10,0x20,0x13,0x26,0x11,0x24,0x7C,0x24,0x7C,0x30,0x11,0xFE,0x11,0x06,0x1D,0xFE,0x71,0x06,0x11,0x06,0x11,0xFE,0x11,0x06,
    0x11,0x06,0x31,0x0E,0x01,0x08,0x00,0x00,0x00,0x00,0x04,0x30,0x7D,0xB6,0x18,0xB4,0x18,0x30,0x18,0x30,0x7C,0xFE,0x18,0x86,
    0x38,0xFE,0x3C,0x86,0x7A,0x86,0x58,0xFE,0x18,0x86,0x18,0x86,0x18,0x8E,0x00,0x08,0x00,0x00,0x10,0x80,0x10,0xFC,0x13,0xC8,
    0x10,0x4C,0x5C,0x70,0x58,0xE0,0x53,0xB6,0x50,0x1C,0x13,0xFE,0x18,0xB0,0x3C,0x90,0x24,0x90,0x61,0x12,0x47,0x1E,0x00,0x00,
    0x04,0x20,0x06,0x60,0x7F,0xFE,0x06,0x60,0x0C,0x20,0x08,0x00,0x1F,0xFC,0x20,0x0C,0x60,0x08,0x06,0x08,0x03,0x08,0x00,0x08,
    0x00,0x08,0x00,0x78,0x00,0x00,0x00,0x00,0x0C,0x00,0x08,0x00,0x0F,0xFC,0x1F,0xFC,0x10,0x04,0x20,0x04,0x64,0x04,0x06,0x04,
    0x03,0x04,0x01,0x84,0x00,0x04,0x00,0x04,0x00,0x0C,0x00,0x38,0x00,0x00,0x00,0x00,0x00,0x00,0x08,0x00,0x08,0xFE,0x7F,0x26,
    0x02,0x26,0x16,0x24,0x14,0x64,0x7F,0xCC,0x00,0x00,0x3E,0x7E,0x22,0x46,0x3E,0x46,0x22,0x46,0x3E,0x7E,0x22,0x46,0x00,0x40,
    0x01,0x00,0x01,0x80,0x01,0x80,0x09,0xB0,0x19,0x88,0x11,0x86,0x21,0x80,0x61,0x80,0x01,0x98,0x01,0x30,0x00,0x60,0x00,0xC0,
    0x07,0x00,0x3C,0x00,0x00,0x00,0x00,0x00,0x00,0x20,0x02,0x26,0x79,0x24,0x49,0x24,0x48,0x20,0x49,0xFE,0x49,0x02,0x49,0xFE,
    0x49,0x06,0x79,0x02,0x49,0xFE,0x41,0x02,0x01,0x06,0x01,0x0E,0x00,0x00,0x00,0x00,0x00,0x00,0x7F,0x3E,0x09,0x26,0x19,0x24,
    0x11,0x24,0x33,0x2C,0x66,0x2C,0x00,0x24,0x3F,0x22,0x21,0x22,0x21,0x22,0x21,0x2E,0x3F,0x20,0x21,0x20,0x00,0x00,0x00,0x00,
    0x10,0x00,0x11,0xFE,0x30,0x66,0x26,0x44,0x64,0x44,0x7C,0xC4,0x09,0x8C,0x10,0x00,0x3C,0xFC,0x78,0x86,0x00,0x86,0x04,0x86,
    0x7C,0xFE,0x00,0x86,0x00,0x80,0x00,0x00,0x00,0x00,0x01,0x00,0x3F,0xFC,0x06,0x60,0x05,0x30,0x1D,0x9C,0x63,0xE6,0x01,0x30,
    0x3F,0xFE,0x01,0x80,0x0F,0xF8,0x78,0x08,0x4F,0xF8,0x08,0x08,0x0F,0xF8,0x08,0x08,0x00,0x00,0x00,0x20,0x7C,0x30,0x44,0x78,
    0x44,0xC8,0x5C,0x86,0x5F,0xF8,0x5C,0x00,0x5C,0xDC,0x54,0x30,0x54,0x30,0x10,0xB4,0x14,0xB6,0x25,0x32,0x64,0x30,0x00,0x00,
    0x00,0x00,0x18,0x30,0x18,0x10,0x18,0xFE,0x7F,0x82,0x5B,0x82,0x5A,0x42,0x5A,0x40,0x5A,0x44,0x7E,0x58,0x5A,0x60,0x1A,0x40,
    0x1B,0x40,0x7F,0x42,0x40,0x7E,0x00,0x00,0x00,0x08,0x1F,0xF8,0x19,0x80,0x01,0x80,0x01,0x80,0x7F,0xFE,0x01,0x80,0x01,0x80,
    0x1F,0xF8,0x10,0x08,0x10,0x08,0x10,0x08,0x1F,0xF8,0x10,0x08,0x00,0x00,0x00,0x00,0x00,0x00,0x01,0x80,0x03,0x80,0x02,0x40,
    0x0C,0x30,0x18,0x1C,0x77,0xE6,0x01,0x80,0x1F,0xF8,0x01,0x80,0x01,0x80,0x1F,0xF0,0x18,0x10,0x18,0x10,0x1F,0xF0,0x00,0x00,
    0x08,0x20,0x08,0x20,0x3E,0x20,0x08,0x7E,0x08,0x4C,0x7F,0x4C,0x16,0xC8,0x16,0x28,0x37,0x28,0x55,0x38,0x55,0x10,0x14,0x38,
    0x24,0x2E,0x2C,0xC2,0x00,0x00,0x00,0x00,0x10,0x00,0x13,0xFC,0x11,0x88,0x7D,0x88,0x11,0xF8,0x11,0x88,0x1B,0xFE,0x70,0x08,
    0x57,0xFC,0x10,0xA4,0x12,0xB4,0x11,0x98,0x11,0x98,0x76,0x66,0x00,0x00,0x00,0x00,0x00,0x00,0x08,0x08,0x18,0x08,0x3F,0x08,
    0x21,0x08,0x3F,0xFE,0x21,0x08,0x3F,0x08,0x33,0x48,0x21,0x68,0x7F,0x08,0x0D,0x08,0x09,0x08,0x31,0x08,0x67,0x18,0x00,0x00,
    0x10,0x00,0x13,0xFE,0x11,0xF8,0x55,0xF8,0x55,0xF8,0x51,0x88,0x53,0xFE,0x10,0x08,0x17,0xFC,0x10,0xA4,0x17,0xA4,0x11,0x98,
    0x13,0x98,0x16,0x76,0x00,0x00,0x00,0x00,0x00,0x20,0x30,0x20,0x19,0x3C,0x01,0x20,0x41,0x20,0x63,0x60,0x37,0xFE,0x00,0x20,
    0x01,0x24,0x13,0x24,0x32,0x28,0x22,0x38,0x60,0x70,0x63,0xC0,0x02,0x00,0x00,0x00,0x00,0x00,0x08,0x20,0x08,0x20,0x00,0x20,
    0x00,0x20,0x7C,0x30,0x0D,0xFC,0x08,0x20,0x1C,0x20,0x3E,0x20,0x5A,0x20,0x18,0x20,0x18,0x20,0x1B,0xFE,0x18,0x00,0x00,0x00,
    0x20,0x00,0x31,0xF0,0x19,0x10,0x01,0x10,0x03,0x10,0x76,0x1E,0x10,0x00,0x13,0xF8,0x11,0x18,0x11,0x90,0x14,0xB0,0x1C,0x60,
    0x18,0xF0,0x13,0x1E,0x00,0x00,0x00,0x00,0x00,0x00,0x00,0x10,0x7E,0x10,0x10,0xFC,0x11,0xFE,0x11,0x92,0x3D,0xB2,0x35,0xFE,
    0x75,0x92,0x15,0x92,0x15,0xFE,0x1D,0xB2,0x14,0x10,0x10,0x10,0x00,0x10,0x00,0x10,0x00,0x00,0x01,0x80,0x01,0x80,0x3F,0xFC,
    0x3F,0xFC,0x21,0x84,0x21,0x84,0x3F,0xFC,0x21,0x84,0x21,0x84,0x3F,0xFC,0x31,0x8C,0x21,0x80,0x01,0x80,0x01,0x80,0x00,0x00,
    0x00,0x20,0x00,0x20,0x79,0xFE,0x49,0x36,0x49,0x22,0x49,0x26,0x49,0xFE,0x49,0x22,0x79,0x22,0x49,0xFE,0x41,0x22,0x00,0x20,
    0x00,0x20,0x00,0x20,0x00,0x00,0x00,0x00,0x08,0x20,0x08,0x20,0x13,0xFC,0x13,0xFE,0x32,0x26,0x32,0x26,0x53,0xFE,0x12,0x26,
    0x12,0x26,0x13,0xFE,0x12,0x26,0x10,0x20,0x10,0x20,0x10,0x20,0x00,0x00,0x00,0x00,0x00,0x00,0x03,0x00,0x0F,0xF0,0x08,0x18,
    0x08,0x18,0x0F,0xF8,0x08,0x18,0x0F,0xFE,0x08,0x1C,0x18,0x18,0x7F,0xF8,0x00,0xD8,0x03,0x98,0x0E,0x18,0x70,0x38,0x00,0x20,
    0x20,0x00,0x17,0xFE,0x04,0x06,0x04,0x90,0x41,0x08,0x32,0x4C,0x00,0x40,0x03,0xFE,0x00,0xF0,0x10,0xF0,0x11,0x58,0x33,0x4C,
    0x26,0x46,0x64,0x40,0x00,0x00,0x00,0x00,0x10,0x00,0x11,0xFE,0x11,0x00,0x31,0x00,0x7D,0x7C,0x25,0x00,0x25,0xFE,0x2D,0x50,
    0x69,0x50,0x39,0x5C,0x1B,0x58,0x1E,0x48,0x32,0x64,0x66,0x66,0x00,0x00,0x00,0x00,0x00,0x20,0x10,0x20,0x10,0x30,0x21,0xFE,
    0x6D,0x22,0x79,0x22,0x09,0xFE,0x11,0x22,0x31,0x22,0x79,0xFE,0x01,0x22,0x1C,0x20,0x60,0x20,0x00,0x20,0x00,0x00,0x00,0x00,
    0x00,0x00,0x10,0x20,0x18,0x20,0x01,0xFE,0x7D,0x36,0x0D,0x22,0x09,0x36,0x19,0xFE,0x3D,0x22,0x7D,0x22,0x51,0xFE,0x11,0x36,
    0x11,0x20,0x10,0x20,0x10,0x20,0x00,0x20,0x00,0x00,0x00,0x60,0x30,0x60,0x18,0x60,0x03,0xFE,0x02,0x62,0x62,0x42,0x32,0x40,
    0x00,0x60,0x08,0x60,0x18,0xE0,0x10,0xA0,0x31,0xA2,0x23,0x22,0x66,0x3E,0x00,0x00,0x00,0x00,0x01,0x00,0x01,0x80,0x7F,0xFE,
    0x40,0x02,0x40,0x80,0x1F,0xF8,0x11,0x88,0x11,0x88,0x1F,0xF8,0x10,0x88,0x1F,0xF8,0x11,0x88,0x00,0x80,0x00,0x80,0x00,0x80,
    0x00,0x00,0x10,0x20,0x11,0xFE,0x33,0x02,0x7F,0x22,0x2C,0x30,0x25,0xFE,0x2D,0x26,0x49,0xFE,0x69,0xB6,0x39,0x26,0x19,0xFE,
    0x3D,0x24,0x60,0x20,0x40,0x20,0x00,0x20,0x08,0x10,0x0C,0x30,0x7F,0xFC,0x08,0x10,0x0F,0xF0,0x08,0x10,0x0F,0xF0,0x08,0x10,
    0x7F,0xFE,0x19,0x00,0x13,0x30,0x16,0x18,0x10,0x00,0x1F,0xFC,0x00,0x00,0x00,0x00,0x04,0x00,0x25,0xFC,0x24,0x88,0x24,0x50,
    0x24,0x70,0x24,0xFC,0x00,0x84,0x1F,0xF8,0x10,0x08,0x1F,0xF8,0x10,0x08,0x1F,0xF8,0x10,0x08,0x10,0x38,0x00,0x00,0x00,0x00,
    0x10,0x60,0x13,0xFE,0x10,0x60,0x11,0xF8,0x5D,0x04,0x55,0xFC,0x51,0x04,0x51,0xFC,0x11,0x0C,0x11,0x0C,0x13,0xFE,0x10,0x88,
    0x11,0x8C,0x13,0x06,0x10,0x00,0x00,0x00,0x00,0x00,0x00,0x80,0x21,0x18,0x33,0xF8,0x00,0x00,0x07,0xFE,0x61,0xB0,0x21,0x10,
    0x06,0x4E,0x09,0xC2,0x33,0x30,0x20,0xE4,0x23,0x9C,0x20,0x70,0x67,0x80,0x02,0x00,0x00,0x00,0x00,0x80,0x3F,0xFE,0x01,0x80,
    0x00,0x80,0x1F,0xFC,0x00,0x00,0x1F,0xFC,0x10,0x8C,0x10,0x8C,0x1F,0xFC,0x10,0x0C,0x30,0x00,0x20,0x00,0x60,0x00,0x00,0x00,
    0x00,0x00,0x01,0x80,0x11,0x80,0x11,0x80,0x31,0x80,0x3F,0xFC,0x61,0x80,0x41,0x80,0x01,0x80,0x1F,0xF8,0x01,0x80,0x01,0x80,
    0x01,0x80,0x01,0x80,0x7F,0xFC,0x00,0x00,0x08,0x00,0x09,0xFE,0x69,0x92,0x7D,0xFE,0x7D,0xB6,0x49,0x92,0x09,0xFE,0x3E,0x00,
    0x08,0x20,0x09,0xFE,0x08,0x66,0x1E,0x44,0x70,0xC4,0x01,0x8C,0x01,0x00,0x00,0x00,0x08,0x10,0x08,0x90,0x68,0x90,0x78,0xFE,
    0x7D,0xB0,0x49,0x10,0x48,0x10,0x08,0xFC,0x1C,0xFE,0x78,0x10,0x48,0x10,0x08,0x10,0x09,0xFE,0x08,0x00,0x08,0x00,0x00,0x00,
    0x01,0x20,0x07,0xB0,0x3E,0x30,0x06,0x30,0x06,0x30,0x06,0x30,0x7F,0xFE,0x06,0x30,0x04,0x30,0x0C,0x30,0x08,0x30,0x18,0x30,
    0x30,0x30,0x60,0x30,0x00,0x00,0x00,0x00,0x11,0xF8,0x11,0x0C,0x21,0x0C,0x2D,0xFC,0x6C,0x20,0x79,0xFC,0x13,0x64,0x13,0x24,
    0x23,0xFC,0x7B,0x24,0x03,0xFC,0x03,0x60,0x78,0x22,0x60,0x3E,0x00,0x3C,0x00,0x00,0x01,0x00,0x01,0x10,0x09,0x18,0x11,0x06,
    0x21,0xF0,0x01,0x80,0x0F,0xF8,0x78,0x08,0x08,0x08,0x0F,0xF8,0x08,0x08,0x0F,0xF8,0x08,0x08,0x0F,0xF8,0x08,0x08,0x00,0x00,
    0x00,0x00,0x00,0xD0,0x00,0xC8,0x3F,0xFE,0x20,0x40,0x3E,0x4C,0x3E,0x78,0x22,0x30,0x26,0x72,0x65,0x8E,0x40,0x0C,0x1F,0xF8,
    0x12,0x48,0x12,0x48,0x7F,0xFE,0x00,0x00,0x00,0x06,0x3F,0x86,0x04,0x16,0x7F,0xD6,0x04,0x16,0x15,0x16,0x75,0xD6,0x15,0x16,
    0x75,0xD6,0x0E,0x16,0x0F,0x06,0x14,0x86,0x64,0x06,0x04,0x0C,0x00,0x00,0x00,0x00,0x00,0x20,0x3C,0xA0,0x24,0xA0,0x24,0xB0,
    0x3D,0xFC,0x25,0x20,0x27,0x20,0x24,0x30,0x3C,0xFC,0x24,0x20,0x24,0x20,0x64,0x20,0x44,0x20,0x4D,0xFE,0x00,0x00,0x00,0x00,
    0x00,0x00,0x00,0x00,0x3F,0xF0,0x04,0x30,0x06,0x20,0x03,0xC0,0x01,0xC0,0x0E,0x7E,0x79,0x04,0x01,0x80,0x1F,0xF8,0x01,0x80,
    0x01,0x80,0x01,0x80,0x7F,0xFE,0x00,0x00,0x08,0x00,0x0B,0xFE,0x68,0x20,0x68,0x20,0x69,0xFC,0x69,0x36,0x69,0x26,0x69,0x26,
    0x69,0x26,0x69,0x26,0x49,0x26,0x19,0x2C,0x30,0x20,0x60,0x20,0x00,0x00,0x00,0x00,0x00,0x00,0x01,0x80,0x19,0x80,0x19,0x80,
    0x3F,0xF8,0x21,0x80,0x21,0x00,0x3F,0xFC,0x7F,0xFC,0x01,0x80,0x02,0x40,0x04,0x30,0x18,0x1C,0x70,0x06,0x00,0x00,0x00,0x00,
    0x09,0x00,0x69,0xFE,0x35,0x18,0x35,0x18,0x55,0x7E,0x1D,0x5A,0x1D,0x5A,0x1D,0x5A,0x2D,0x5A,0x4D,0x5A,0x09,0x5A,0x19,0x5C,
    0x12,0x18,0x36,0x18,0x00,0x00,0x00,0x00,0x00,0x00,0x10,0x40,0x18,0x80,0x00,0xFE,0x7D,0x00,0x13,0x20,0x10,0x24,0x3C,0xBC,
    0x35,0xE4,0x25,0xA4,0x24,0xA4,0x24,0xA8,0x24,0x80,0x4C,0x82,0x48,0xFC,0x00,0x00,0x00,0x00,0x23,0xFC,0x12,0x04,0x03,0xFC,
    0x02,0x04,0x62,0x04,0x33,0xFC,0x00,0x00,0x04,0x92,0x14,0x92,0x22,0x94,0x22,0x9C,0x60,0x90,0x47,0xFE,0x00,0x00,0x00,0x00,
    0x00,0x00,0x00,0x40,0x30,0x60,0x13,0xFC,0x00,0x40,0x00,0x40,0x77,0xFE,0x10,0x08,0x10,0x08,0x13,0xFE,0x10,0x08,0x10,0x88,
    0x1C,0x88,0x38,0x08,0x10,0x38,0x00,0x00,0x00,0x00,0x1F,0xFC,0x10,0x04,0x10,0x04,0x10,0x04,0x1F,0xFC,0x1F,0xFC,0x10,0x00,
    0x10,0x00,0x10,0x00,0x30,0x00,0x20,0x00,0x20,0x00,0x40,0x00,0x00,0x00,0x00,0x00,0x00,0x00,0x3F,0xF0,0x00,0x10,0x1F,0x90,
    0x24,0x10,0x04,0x10,0x3F,0x90,0x24,0x90,0x24,0x90,0x3F,0x90,0x24,0x50,0x04,0xDA,0x1F,0xEE,0x70,0x0E,0x00,0x00,0x00,0x00,
    0x01,0x80,0x01,0x80,0x01,0x80,0x01,0x80,0x01,0x80,0x01,0x80,0x7F,0xFE,0x01,0x80,0x01,0x80,0x01,0x80,0x01,0x80,0x01,0x80,
    0x01,0x80,0x01,0x80,0x00,0x00,0x00,0x00,0x00,0x00,0x3F,0xFE,0x03,0x00,0x02,0x00,0x02,0x00,0x06,0x00,0x0F,0xFC,0x0C,0x0C,
    0x1C,0x0C,0x64,0x0C,0x44,0x0C,0x04,0x0C,0x07,0xFC,0x04,0x0C,0x00,0x00,0x00,0x00,0x00,0x00,0x10,0x60,0x10,0x60,0x10,0xF0,
    0x10,0x98,0x7D,0x8C,0x13,0x0E,0x12,0xFA,0x18,0x00,0x79,0xFC,0x51,0x8C,0x11,0x0C,0x11,0x0C,0x11,0xFC,0x71,0x0C,0x00,0x00,
    0x00,0x00,0x00,0x08,0x00,0x08,0x7C,0x08,0x65,0xFE,0x65,0xFE,0x64,0x08,0x7C,0x88,0x64,0xC8,0x64,0x48,0x64,0x08,0x7C,0x08,
    0x64,0x08,0x40,0x08,0x00,0x38,0x00,0x00,0x04,0x60,0x0C,0x60,0x08,0x60,0x18,0x60,0x18,0x60,0x3F,0xFE,0x78,0x60,0x58,0x60,
    0x18,0x60,0x18,0x60,0x18,0x60,0x18,0x60,0x18,0x60,0x18,0x60,0x00,0x00,0x00,0x00,0x00,0x00,0x01,0x00,0x03,0x80,0x06,0x40,
    0x0D,0x30,0x18,0x18,0x7F,0xF6,0x48,0x10,0x0F,0xF0,0x08,0x10,0x0F,0xF0,0x08,0x08,0x09,0xD8,0x0A,0x70,0x1E,0x18,0x00,0x00,
    0x00,0x20,0x10,0x20,0x30,0x20,0x3D,0xFC,0x65,0x24,0x45,0x24,0x11,0x24,0x11,0x24,0x11,0xFC,0x11,0x24,0x10,0x20,0x1C,0x24,
    0x18,0x3E,0x33,0xF6,0x00,0x00,0x00,0x00,0x00,0x00,0x01,0x00,0x01,0x80,0x3F,0xFC,0x20,0x04,0x20,0x44,0x06,0x40,0x12,0x40,
    0x18,0x40,0x00,0x40,0x7F,0xFE,0x00,0x80,0x01,0x20,0x06,0x38,0x3C,0x0C,0x20,0x00,0x00,0x00,0x30,0x00,0x19,0xFC,0x09,0x04,
    0x01,0x04,0x01,0x04,0x71,0x04,0x11,0x04,0x11,0xFC,0x10,0x00,0x10,0x00,0x1C,0x98,0x19,0x0C,0x33,0x06,0x06,0x06,0x00,0x00,
    0x00,0x00,0x01,0x80,0x01,0x80,0x1F,0xF8,0x3F,0xFC,0x31,0x8C,0x31,0x8C,0x31,0x8C,0x1F,0xF8,0x09,0x80,0x0D,0x00,0x07,0x00,
    0x07,0x00,0x0C,0xE0,0x78,0x3E,0x00,0x00,0x08,0x00,0x08,0x00,0x0F,0xF8,0x19,0x80,0x10,0x80,0x20,0x80,0x01,0x80,0x7F,0xFE,
    0x01,0x80,0x01,0xC0,0x02,0x60,0x06,0x30,0x1C,0x1C,0x30,0x0E,0x20,0x00,0x00,0x00,0x00,0x00,0x10,0x60,0x10,0x40,0x17,0xFE,
    0x30,0x40,0x33,0xFC,0x72,0x64,0x52,0x44,0x13,0xFC,0x10,0x40,0x12,0x40,0x11,0xC0,0x10,0xC0,0x11,0xE0,0x17,0x1E,0x00,0x00,
    0x00,0x00,0x3F,0xFC,0x20,0x0C,0x3F,0xFC,0x30,0xC0,0x24,0xC8,0x26,0xD8,0x20,0xC0,0x2F,0xFE,0x21,0xE0,0x23,0xF0,0x26,0xD8,
    0x6C,0xCE,0x48,0xC0,0x00,0x00,0x00,0x00,0x00,0x10,0x7C,0x10,0x04,0xFC,0x24,0xB6,0x24,0x92,0x24,0x92,0x24,0xFE,0x3E,0x30,
    0x02,0x10,0x06,0xB0,0x76,0x60,0x04,0x60,0x04,0x78,0x1D,0x8E,0x00,0x00,0x00,0x00,0x00,0x00,0x10,0x60,0x10,0x40,0x10,0x40,
    0x7C,0x88,0x35,0x84,0x25,0xFE,0x24,0x00,0x24,0x00,0x69,0xFC,0x39,0x84,0x19,0x84,0x1D,0x84,0x31,0xFC,0x61,0x84,0x00,0x04,
    0x00,0x00,0x00,0xC0,0x00,0xD8,0x00,0xC8,0x7F,0xFC,0x00,0xC0,0x00,0x40,0x00,0x40,0x3F,0x40,0x0C,0x60,0x0C,0x20,0x0C,0x20,
    0x0F,0x32,0x3C,0x1E,0x20,0x0E,0x00,0x00,0x00,0x00,0x1F,0xF8,0x00,0x00,0x00,0x00,0x00,0x00,0x7F,0xFE,0x01,0x80,0x00,0x80,
    0x08,0x90,0x18,0x98,0x10,0x88,0x30,0x84,0x20,0x84,0x03,0x80,0x02,0x00,0x00,0x00,0x00,0x00,0x01,0x80,0x01,0x80,0x01,0x80,
    0x01,0x80,0x01,0x80,0x7F,0xFE,0x7F,0xFE,0x01,0x80,0x01,0x80,0x01,0x80,0x01,0x80,0x01,0x80,0x01,0x80,0x3F,0xFC,0x00,0x00,
    0x00,0x00,0x03,0x10,0x13,0x30,0x13,0x30,0x13,0x30,0x33,0x30,0x7F,0xFE,0x13,0x30,0x13,0x30,0x13,0x30,0x13,0xF0,0x11,0xF0,
    0x10,0x00,0x10,0x00,0x1F,0xFC,0x00,0x00,0x00,0x00,0x10,0x20,0x10,0x20,0x10,0x20,0x7D,0xFE,0x38,0x20,0x10,0x30,0x39,0xFC,
    0x3D,0x24,0x75,0x24,0x51,0x24,0x11,0x24,0x11,0x24,0x11,0x20,0x10,0x20,0x00,0x00,0x01,0x80,0x7F,0xFE,0x01,0x80,0x1F,0xF8,
    0x11,0x88,0x1F,0xF8,0x01,0x80,0x3F,0xF8,0x01,0x88,0x7F,0xFE,0x01,0x88,0x3F,0xF8,0x01,0x88,0x03,0x00,0x00,0x00,0x00,0x00,
    0x00,0x00,0x10,0x20,0x10,0x24,0x10,0x20,0x13,0xFE,0x78,0x30,0x10,0x30,0x11,0xF0,0x39,0x90,0x71,0x90,0x11,0x90,0x11,0x90,
    0x11,0xCA,0x13,0xCE,0x30,0x06,0x00,0x00,0x00,0x00,0x08,0x7C,0x7E,0x80,0x08,0x80,0x7C,0xFE,0x09,0x18,0x18,0x18,0x01,0x80,
    0x7F,0xFE,0x1F,0xF8,0x00,0x00,0x1F,0xF8,0x1F,0xF8,0x10,0x08,0x1F,0xF8,0x00,0x08,0x00,0x00,0x03,0x0C,0x23,0x38,0x33,0x20,
    0x07,0xA0,0x03,0x3E,0x73,0x2C,0x33,0xA8,0x37,0x68,0x33,0x48,0x33,0x48,0x36,0xC8,0x30,0x88,0x3C,0x00,0x47,0xFE,0x00,0x00,
    0x08,0x40,0x08,0x40,0x7D,0xF8,0x08,0x48,0x1D,0xC8,0x78,0xE8,0x09,0x8A,0x3B,0x0E,0x01,0x00,0x3F,0xF8,0x03,0x08,0x02,0x08,
    0x0C,0x18,0x78,0x70,0x00,0x00,0x00,0x00,0x0F,0xF0,0x1F,0xF8,0x18,0x18,0x1F,0xF8,0x18,0x18,0x1F,0xF8,0x00,0x00,0x7F,0xFE,
    0x01,0x80,0x09,0x80,0x19,0xF8,0x1D,0x80,0x37,0x80,0x61,0xFE,0x00,0x00,0x00,0x00,0x00,0x00,0x00,0x40,0x79,0xF4,0x58,0x58,
    0x4B,0x7E,0x48,0xE0,0x49,0x98,0x4F,0xE0,0x48,0x86,0x78,0x78,0x59,0xFC,0x41,0x04,0x41,0xFC,0x01,0x04,0x01,0xFC,0x00,0x00,
    0x00,0x00,0x01,0x18,0x73,0x18,0x5B,0xDE,0x4E,0xB4,0x4C,0xA0,0x48,0x00,0x4B,0xFC,0x48,0x60,0x4B,0x68,0x7B,0x68,0x5B,0xFC,
    0x44,0xF2,0x40,0x60,0x07,0xFE,0x00,0x00,0x00,0x08,0x23,0xF8,0x30,0x40,0x10,0x40,0x07,0xFE,0x00,0x40,0x70,0x40,0x13,0xFC,
    0x12,0x0C,0x12,0x0C,0x13,0xFC,0x12,0x08,0x3C,0x00,0x63,0xFE,0x00,0x00,0x00,0x00,0x04,0x60,0x0C,0x60,0x08,0x60,0x18,0x60,
    0x30,0x60,0x37,0xFE,0x50,0x60,0x10,0x60,0x10,0x60,0x10,0x60,0x10,0x60,0x10,0x60,0x13,0xFC,0x13,0xFC,0x00,0x00,0x00,0x00,
    0x00,0x00,0x08,0x60,0x18,0x60,0x13,0xFC,0x30,0x60,0x30,0x60,0x77,0xFE,0x50,0x18,0x10,0x08,0x13,0xFE,0x10,0x18,0x11,0x08,
    0x10,0x88,0x10,0x08,0x10,0x38,0x00,0x00,0x00,0x00,0x06,0x00,0x78,0xFC,0x0A,0x48,0x6A,0x78,0x2A,0x30,0x58,0x7C,0x7F,0x86,
    0x18,0x30,0x3E,0xFC,0x2A,0x30,0x48,0x30,0x49,0xFE,0x08,0x30,0x08,0x30,0x00,0x00,0x00,0x00,0x10,0x80,0x30,0x80,0x3D,0x80,
    0x6D,0xFE,0x4B,0x20,0x42,0x20,0x11,0xFC,0x11,0xB6,0x11,0x22,0x11,0x22,0x15,0x22,0x19,0x26,0x31,0x24,0x10,0x20,0x00,0x00,
    0x00,0x08,0x3F,0xF8,0x31,0x80,0x31,0x80,0x30,0x80,0x31,0x80,0x3F,0xFC,0x30,0x80,0x30,0x80,0x30,0x40,0x30,0x40,0x3C,0x66,
    0x38,0x36,0x20,0x1C,0x00,0x00,0x00,0x00,0x00,0x00,0x01,0x00,0x01,0x80,0x7F,0xFE,0x7F,0xFE,0x01,0x80,0x01,0x80,0x3F,0xF8,
    0x31,0x88,0x31,0x88,0x31,0x88,0x31,0x88,0x31,0x98,0x31,0xB8,0x01,0x80,0x00,0x00,0x10,0x20,0x10,0x20,0x11,0xFC,0x1C,0x20,
    0x54,0x20,0x53,0xFE,0x50,0x08,0x10,0x08,0x11,0xFE,0x10,0x08,0x11,0x88,0x10,0x88,0x10,0x08,0x10,0x38,0x00,0x00,0x00,0x00,
    0x00,0x00,0x01,0x00,0x01,0x80,0x7F,0xFC,0x60,0x04,0x60,0x04,0x1F,0xF8,0x06,0x30,0x0C,0x38,0x1F,0xC8,0x01,0x80,0x1F,0xF8,
    0x01,0x80,0x01,0x80,0x7F,0xFE,0x00,0x00,0x00,0x00,0x10,0x00,0x11,0xFC,0x01,0x04,0x79,0x24,0x09,0x24,0x09,0x24,0x11,0x24,
    0x3D,0x24,0x75,0x64,0x50,0x70,0x10,0xF0,0x10,0xB2,0x11,0x92,0x13,0x1E,0x10,0x00,0x00,0x00,0x00,0x28,0x20,0x24,0x30,0x24,
    0x07,0xFC,0x00,0x30,0x70,0x20,0x33,0xA0,0x13,0xA0,0x11,0x30,0x11,0x10,0x15,0x10,0x19,0xDA,0x37,0x8A,0x00,0x0E,0x00,0x00,
    0x00,0x00,0x0C,0x40,0x0C,0x40,0x4C,0xC0,0x4C,0xFE,0x4D,0x88,0x4D,0x88,0x4F,0xC8,0x4C,0x48,0x4C,0x50,0x7C,0x70,0x0C,0x30,
    0x0C,0x70,0x0C,0xDC,0x0F,0x86,0x00,0x00,0x00,0x00,0x07,0xFC,0x1F,0x80,0x00,0x80,0x01,0x80,0x1F,0xFC,0x00,0x80,0x00,0x80,
    0x7F,0xFE,0x01,0x80,0x00,0x80,0x00,0x80,0x01,0x80,0x03,0x80,0x00,0x00,0x00,0x00,0x00,0x00,0x08,0x20,0x04,0x20,0x04,0x60,
    0x7F,0xFE,0x01,0x00,0x0F,0xF0,0x1F,0xF8,0x18,0x18,0x1F,0xF8,0x18,0x18,0x1F,0xF8,0x18,0x18,0x18,0x18,0x1F,0xF8,0x00,0x00,
    0x00,0x00,0x01,0x00,0x01,0x80,0x3F,0xFC,0x20,0x04,0x20,0x24,0x00,0x20,0x3F,0xFC,0x3F,0xFC,0x00,0x20,0x18,0x20,0x08,0x20,
    0x04,0x20,0x00,0x20,0x01,0xE0,0x00,0x80,0x00,0x00,0x01,0x00,0x01,0x00,0x3F,0xFC,0x01,0x00,0x1F,0xF8,0x02,0x00,0x7F,0xFE,
    0x06,0x30,0x0C,0x10,0x1B,0xFE,0x30,0x10,0x62,0x10,0x02,0x10,0x00,0x70,0x00,0x00,0x00,0x00,0x10,0x1C,0x13,0xE0,0x10,0x4C,
    0x79,0x68,0x31,0x08,0x13,0xFE,0x12,0x02,0x38,0x00,0x71,0xF8,0x10,0x98,0x10,0xD0,0x10,0x60,0x10,0x70,0x73,0x9E,0x00,0x00,
    0x00,0x00,0x08,0x80,0x08,0x00,0x1F,0xFC,0x18,0xC0,0x3F,0xFC,0x78,0xC0,0x1F,0xFC,0x18,0x80,0x1F,0xFE,0x00,0x00,0x1F,0xF8,
    0x10,0x08,0x10,0x08,0x1F,0xF8,0x10,0x08,0x00,0x18,0x3F,0xF8,0x01,0x18,0x19,0x98,0x08,0x30,0x3F,0xFC,0x60,0x06,0x60,0x06,
    0x0F,0xF0,0x04,0x20,0x02,0x60,0x03,0xC0,0x03,0xC0,0x3C,0x3C,0x00,0x00,0x00,0x00,0x00,0x00,0x00,0xC0,0x1F,0xFE,0x10,0x40,
    0x13,0x5C,0x76,0x44,0x17,0x5C,0x16,0x44,0x37,0xFC,0x50,0x40,0x17,0xFC,0x13,0x08,0x21,0x98,0x20,0xF0,0x67,0xFE,0x06,0x04,
    0x00,0x00,0x04,0x20,0x06,0x60,0x1F,0xF8,0x11,0x88,0x1F,0xF8,0x11,0x88,0x1F,0xF8,0x00,0x00,0x7F,0xFE,0x00,0x00,0x1F,0xF8,
    0x10,0x08,0x10,0x18,0x1F,0xF8,0x10,0x00,0x00,0x00,0x04,0x40,0x7F,0xFE,0x04,0x40,0x00,0x20,0x7D,0xFC,0x0C,0x60,0x08,0xC8,
    0x09,0xDC,0x6C,0x84,0x69,0x48,0x69,0x48,0x69,0x48,0x7D,0x4A,0x42,0x4E,0x00,0x00,0x10,0x00,0x19,0xFE,0x19,0x00,0x7D,0x04,
    0x7D,0x44,0x19,0x28,0x39,0x38,0x3D,0x18,0x7D,0x18,0x59,0x24,0x19,0x46,0x19,0x00,0x19,0x80,0x19,0xFE,0x00,0x00,0x00,0x00,
    0x00,0x00,0x10,0x40,0x10,0x60,0x13,0xFE,0x78,0xC0,0x30,0x98,0x33,0x98,0x3B,0x84,0x3C,0x00,0x75,0x48,0x51,0x48,0x11,0x48,
    0x12,0x48,0x12,0x4A,0x16,0x4E,0x00,0x00,0x00,0x20,0x7E,0x20,0x11,0xA0,0x11,0xFC,0x31,0x20,0x3F,0x20,0x24,0x20,0x45,0xFE,
    0x58,0x70,0x18,0xB8,0x19,0xA8,0x31,0x24,0x66,0x26,0x44,0x20,0x00,0x20,0x00,0x00,0x10,0x00,0x11,0xFC,0x10,0x08,0x7C,0xF0,
    0x7C,0x60,0x10,0x20,0x11,0xFE,0x1C,0x26,0x70,0x24,0x10,0x20,0x10,0x20,0x10,0x20,0x10,0x20,0x30,0xE0,0x00,0x00,0x00,0x00,
    0x00,0x00,0x10,0x60,0x30,0xE0,0x78,0x90,0x31,0x9C,0x22,0xF6,0x36,0x00,0x53,0xD4,0x7A,0x54,0x13,0xD4,0x12,0x54,0x1F,0xD4,
    0x73,0x54,0x12,0x54,0x12,0xCC,0x10,0x00,0x08,0x00,0x08,0x00,0x08,0xFC,0x0F,0x44,0x08,0x44,0x08,0x44,0x7F,0x4C,0x00,0x68,
    0x28,0x28,0x29,0x30,0x69,0x30,0x48,0x38,0x48,0xCC,0x19,0x86,0x00,0x00,0x00,0x00,0x00,0x00,0x08,0x00,0x1C,0xFC,0x13,0x08,
    0x21,0x38,0x7E,0x30,0x08,0x10,0x3E,0xFE,0x3E,0x12,0x08,0x12,0x3E,0x10,0x23,0x10,0x23,0x10,0x3F,0x10,0x23,0x70,0x00,0x20,
    0x02,0x00,0x23,0x00,0x1B,0xBE,0x03,0xA6,0x03,0x24,0x63,0x24,0x37,0xE4,0x01,0x14,0x13,0x94,0x37,0x58,0x2B,0x58,0x2B,0x18,
    0x43,0x24,0x46,0x46,0x00,0x00,0x00,0x00,0x00,0x40,0x7C,0x60,0x0B,0xFC,0x18,0x40,0x10,0x88,0x11,0x8C,0x5D,0xE6,0x58,0x00,
    0x51,0x68,0x51,0x68,0x59,0x68,0x7D,0x68,0x63,0x6A,0x02,0x6E,0x00,0x00,0x00,0x00,0x03,0x10,0x03,0x18,0x03,0x0C,0x3F,0xF0,
    0x03,0x10,0x03,0x10,0x03,0x10,0x3F,0xFC,0x7F,0xFC,0x03,0x04,0x03,0x04,0x03,0x04,0x03,0x1C,0x03,0x00,0x00,0x00,0x00,0x00,
    0x00,0x30,0x7E,0xFC,0x46,0x30,0x56,0x30,0x57,0xFE,0x56,0x06,0x56,0x50,0x56,0x90,0x56,0x90,0x51,0xFE,0x10,0x30,0x34,0x20,
    0x26,0x6C,0x41,0xC2,0x00,0x00,0x00,0x00,0x08,0x60,0x08,0x60,0x7F,0x60,0x00,0xF8,0x7E,0xE8,0x62,0x48,0x3E,0x48,0x00,0xC8,
    0x7E,0x68,0x08,0x68,0x1E,0xC8,0x78,0x88,0x09,0x8E,0x1B,0x06,0x00,0x00,0x00,0x00,0x00,0x00,0x08,0x20,0x7F,0x20,0x00,0x20,
    0x3E,0xFC,0x22,0x28,0x3E,0xE8,0x3C,0xE8,0x0C,0x78,0x0E,0x4E,0x7C,0x86,0x09,0x80,0x10,0x00,0x24,0x44,0x62,0x66,0x40,0x00,
    0x00,0x00,0x06,0x40,0x7F,0xFE,0x04,0x40,0x3F,0xFC,0x32,0x4C,0x03,0x08,0x1F,0xF8,0x01,0x30,0x7F,0xFE,0x03,0x80,0x3F,0xF8,
    0x6F,0xF8,0x08,0x08,0x0F,0xF8,0x08,0x00,0x1F,0xF8,0x10,0x18,0x1F,0xF8,0x1F,0xF8,0x01,0x00,0x1F,0xC8,0x01,0x30,0x7F,0xFE,
    0x03,0x80,0x0F,0xF8,0x38,0x08,0x6F,0xF8,0x08,0x08,0x0F,0xF8,0x00,0x00,0x00,0x00,0x01,0xFC,0x7A,0xD4,0x4A,0xD4,0x4B,0xFC,
    0x48,0x60,0x7B,0xFC,0x48,0x68,0x4B,0xFE,0x48,0x60,0x79,0xFC,0x43,0x84,0x4D,0xFC,0x01,0x84,0x01,0xFC,0x00,0x00,0x00,0x00,
    0x1F,0xF8,0x12,0x48,0x12,0x48,0x1F,0xF8,0x01,0x00,0x1F,0xE8,0x01,0x30,0x7F,0xFE,0x03,0x80,0x0F,0xF8,0x38,0x08,0x4F,0xF8,
    0x08,0x08,0x0F,0xF8,0x08,0x00,0x00,0x00,0x1F,0xFC,0x32,0x64,0x32,0x44,0x3F,0xFC,0x0C,0x00,0x1F,0xFE,0x30,0x02,0x7F,0xE6,
    0x1B,0x26,0x1F,0xE6,0x1F,0xE6,0x03,0x64,0x3F,0xE4,0x20,0x0C,0x00,0x08,0x00,0x00,0x00,0x00,0x00,0xF8,0x1F,0x80,0x01,0x80,
    0x7F,0xFE,0x07,0xA0,0x0D,0xB8,0x73,0xCC,0x06,0x70,0x19,0x9E,0x79,0xB0,0x0D,0xE0,0x07,0xE0,0x39,0x98,0x03,0x08,0x02,0x00,
    0x0C,0x00,0x20,0xF8,0x20,0x08,0x3E,0xF8,0x20,0x08,0x3F,0xF8,0x00,0x00,0x2D,0x58,0x21,0x18,0x29,0x58,0x25,0x68,0x21,0x08,
    0x39,0xCE,0x31,0x86,0x00,0x00,0x00,0x00,0x1F,0xF8,0x1F,0xFC,0x10,0x0C,0x1F,0xF8,0x10,0x78,0x17,0xC0,0x17,0xF8,0x34,0xC8,
    0x37,0xF8,0x20,0xC0,0x2F,0xFE,0x2C,0xD6,0x6F,0xFE,0x4C,0x0E,0x00,0x00,0x00,0x00,0x01,0x80,0x01,0x98,0x01,0x88,0x01,0x80,
    0x7F,0xFE,0x03,0xC0,0x07,0xC0,0x05,0xA0,0x0D,0xB0,0x19,0x98,0x31,0x8C,0x61,0x86,0x01,0x80,0x01,0x80,0x00,0x00,0x00,0x00,
    0x00,0x00,0x00,0x48,0x20,0x48,0x30,0x40,0x07,0xFE,0x00,0xC0,0x00,0xC0,0x70,0xD0,0x31,0x48,0x33,0x4C,0x36,0x44,0x34,0x40,
    0x30,0x40,0x3C,0x00,0x47,0xFE,0x00,0x00,0x10,0x04,0x10,0x04,0x13,0x84,0x78,0xFE,0x30,0x8C,0x32,0x84,0x3B,0xA4,0x39,0xB4,
    0x75,0x94,0x53,0xD4,0x12,0x44,0x16,0x04,0x14,0x04,0x10,0x1C,0x00,0x00,0x00,0x00,0x01,0x80,0x01,0x80,0x7F,0xFE,0x01,0x80,
    0x1F,0xF8,0x3F,0xFC,0x31,0x8C,0x3F,0xFC,0x03,0xC0,0x07,0xE0,0x0D,0xA0,0x19,0x98,0x71,0x8E,0x01,0x80,0x00,0x00,0x00,0x00,
    0x00,0x00,0x00,0x90,0x00,0x88,0x00,0x88,0x1F,0xFC,0x10,0x80,0x10,0x88,0x10,0xC8,0x14,0x48,0x16,0x50,0x12,0x70,0x30,0x60,
    0x20,0xF2,0x21,0x9A,0x66,0x0E,0x00,0x00,0x00,0x00,0x05,0xF8,0x25,0xFC,0x24,0x88,0x24,0x58,0x24,0x70,0x24,0xF0,0x05,0x8E,
    0x01,0x00,0x01,0x80,0x3F,0xFC,0x08,0x30,0x0C,0x30,0x04,0x20,0x7F,0xFE,0x00,0x00,0x3F,0x7C,0x2D,0x0C,0x3F,0x38,0x2D,0x10,
    0x3F,0x7E,0x0C,0x16,0x3F,0x10,0x08,0x10,0x3F,0x30,0x60,0x30,0x01,0x80,0x1F,0xF8,0x01,0x80,0x7F,0xFE,0x00,0x00,0x00,0x00,
    0x00,0x00,0x00,0x80,0x00,0xC0,0x3F,0xFE,0x30,0x00,0x31,0x10,0x33,0x18,0x37,0xFE,0x31,0x10,0x31,0x10,0x21,0xF0,0x20,0x00,
    0x24,0x24,0x6D,0xB6,0x48,0x86,0x00,0x00,0x00,0x20,0x2D,0x20,0x0C,0x60,0x7F,0xFC,0x1C,0x4C,0x3E,0x44,0x6D,0xCC,0x08,0xC8,
    0x7F,0x28,0x13,0x28,0x32,0x38,0x0E,0x30,0x0D,0x68,0x30,0xC6,0x00,0x00,0x00,0x00,0x03,0x18,0x23,0x10,0x0F,0xD8,0x03,0x1E,
    0x0F,0xB2,0x6B,0xE0,0x2B,0x48,0x0F,0xC8,0x13,0x08,0x17,0x98,0x27,0xD8,0x2F,0x14,0x5B,0x26,0x43,0x62,0x00,0x40,0x00,0x00,
    0x00,0x00,0x08,0x00,0x08,0x00,0x7F,0x7C,0x13,0x44,0x12,0x44,0x3E,0x44,0x0E,0x64,0x09,0x7C,0x30,0x00,0x21,0x80,0x34,0xCC,
    0x24,0x04,0x24,0x12,0x07,0xF0,0x00,0x00,0x00,0x02,0x3F,0x82,0x20,0x92,0x30,0x92,0x3F,0x92,0x22,0x12,0x22,0x12,0x3F,0xD2,
    0x2A,0x52,0x2A,0x52,0x6A,0x52,0x4A,0xC2,0x4A,0x82,0x02,0x0E,0x02,0x00,0x00,0x00,0x00,0x00,0x3F,0xFC,0x01,0x00,0x3F,0xFC,
    0x32,0x4C,0x32,0x4C,0x32,0x58,0x00,0x00,0x03,0x00,0x7F,0xFE,0x04,0x20,0x07,0xE0,0x01,0xF0,0x3F,0x1C,0x20,0x00,0x00,0x00,
    0x00,0x00,0x10,0x60,0x10,0x60,0x13,0xFE,0x78,0x40,0x12,0xD6,0x10,0xE4,0x18,0x60,0x3A,0xD6,0x76,0xFA,0x10,0x20,0x10,0x60,
    0x17,0xFE,0x10,0x20,0x30,0x20,0x00,0x00,0x00,0x00,0x01,0x80,0x7F,0xFE,0x00,0x00,0x0F,0xF0,0x18,0x18,0x18,0x18,0x7F,0xFE,
    0x18,0x18,0x0F,0xF8,0x02,0x88,0x0C,0x58,0x1C,0x70,0x65,0x1C,0x06,0x06,0x04,0x00,0x1F,0xF8,0x1F,0xFC,0x10,0x8C,0x10,0x8C,
    0x1F,0xFC,0x10,0x8C,0x10,0x8C,0x1F,0xFC,0x11,0x8C,0x10,0x8C,0x30,0x98,0x20,0x80,0x60,0x82,0x40,0xFE,0x00,0x00,0x00,0x00,
    0x00,0x30,0x0C,0x30,0x4C,0x30,0x4D,0xFE,0x4D,0x32,0x4D,0x32,0x4D,0x32,0x4D,0x32,0x49,0x32,0x49,0x32,0x49,0x3E,0x19,0x30,
    0x30,0x30,0x60,0x30,0x00,0x00,0x00,0x00,0x10,0x20,0x10,0x60,0x10,0xF0,0x7C,0x98,0x7D,0x0E,0x13,0x0E,0x30,0xF8,0x3C,0x20,
    0x74,0x20,0x51,0xFC,0x10,0x20,0x10,0x20,0x10,0x20,0x13,0xFE,0x00,0x00,0x00,0x00,0x00,0x00,0x10,0x60,0x10,0x60,0x10,0xF0,
    0x10,0x98,0x7D,0x0C,0x13,0x06,0x10,0xF8,0x1C,0x20,0x70,0x20,0x51,0xFC,0x10,0x20,0x10,0x20,0x10,0x20,0x33,0xFE,0x00,0x00,
    0x1F,0xFC,0x01,0x80,0x7F,0xFE,0x61,0x82,0x0D,0xB0,0x1E,0x38,0x00,0x00,0x08,0xFC,0x3E,0x84,0x18,0xFC,0x1C,0x84,0x3A,0xFC,
    0x68,0x84,0x08,0xFC,0x00,0x00,0x00,0x00,0x00,0x00,0x7E,0xFC,0x06,0xC4,0x02,0xC4,0x26,0xCC,0x36,0x48,0x1C,0x48,0x0C,0x48,
    0x0C,0x70,0x0A,0x30,0x1B,0x30,0x30,0x78,0x60,0xCC,0x03,0x06,0x00,0x00,0x00,0x00,0x00,0x00,0x01,0x80,0x01,0x80,0x7F,0xFE,
    0x01,0x08,0x3D,0x38,0x19,0x38,0x6D,0x64,0x01,0x24,0x39,0x98,0x1B,0x9C,0x62,0xE4,0x06,0x60,0x1C,0x38,0x70,0x0E,0x00,0x00,
    0x00,0x00,0x21,0xB0,0x31,0x10,0x13,0x00,0x03,0xFE,0x07,0x30,0x77,0x30,0x3F,0xFC,0x33,0x30,0x33,0x30,0x33,0xFE,0x3B,0x30,
    0x3B,0x30,0x33,0xFE,0x23,0x00,0x00,0x00,0x01,0x80,0x01,0x80,0x01,0x80,0x01,0x84,0x7D,0x8C,0x05,0x90,0x0D,0xE0,0x09,0xE0,
    0x09,0xA0,0x11,0x90,0x31,0x98,0x61,0x8E,0x01,0x80,0x03,0x00,0x02,0x00,0x00,0x00,0x00,0x00,0x7B,0xFC,0x48,0x20,0x4B,0xFE,
    0x79,0xEC,0x79,0x2C,0x49,0x2C,0x4F,0xFE,0x79,0x2C,0x49,0x2C,0x4B,0xFE,0x78,0x20,0x48,0x20,0x43,0xFC,0x00,0x00,0x00,0x00,
    0x00,0x00,0x04,0x8C,0x7C,0x88,0x18,0x98,0x19,0xFC,0x19,0x84,0x7D,0x04,0x19,0x04,0x1D,0xFC,0x3E,0x58,0x7A,0x50,0x58,0xD0,
    0x18,0x90,0x19,0x9A,0x1B,0x0E,0x00,0x00,0x00,0x40,0x00,0xC0,0x78,0x80,0x49,0x08,0x4B,0x0C,0x4B,0xFE,0x48,0x00,0x48,0x90,
    0x48,0x90,0x79,0x90,0x49,0x10,0x41,0x10,0x42,0x12,0x0C,0x1E,0x00,0x00,0x00,0x00,0x00,0x04,0x79,0xFC,0x49,0x24,0x49,0x24,
    0x7B,0xFE,0x4A,0x02,0x48,0x04,0x79,0x0C,0x4B,0xDE,0x4A,0x4C,0x7D,0xEC,0x49,0xBE,0x41,0x8C,0x03,0x0C,0x02,0x00,0x00,0x00,
    0x00,0x00,0x22,0xFE,0x2A,0x30,0x2A,0x30,0x2A,0xFC,0x2A,0x84,0x2A,0x94,0x2A,0x94,0x2A,0x94,0x2A,0xB4,0x6A,0xA4,0x4A,0x28,
    0x42,0x64,0x40,0xC6,0x00,0x80,0x00,0x00,0x00,0x18,0x3F,0xF8,0x11,0x18,0x19,0x10,0x3F,0xFC,0x68,0x06,0x68,0x10,0x1E,0x78,
    0x1E,0x78,0x32,0x90,0x1F,0xB0,0x0C,0xFC,0x08,0x10,0x30,0x10,0x00,0x00,0x00,0x00,0x00,0x00,0x21,0x08,0x31,0x18,0x18,0x90,
    0x00,0xB0,0x03,0xFC,0x73,0x04,0x13,0x04,0x13,0xFC,0x10,0xF0,0x10,0x90,0x14,0x90,0x19,0x90,0x11,0x12,0x06,0x1E,0x04,0x00,
    0x00,0x00,0x7E,0xFE,0x18,0x30,0x10,0x30,0x10,0xFC,0x3C,0x84,0x76,0xB4,0x76,0xB4,0x16,0xB4,0x16,0xA4,0x1E,0xA4,0x16,0x68,
    0x10,0x44,0x01,0x86,0x00,0x00,0x00,0x00,0x22,0x00,0x12,0x7C,0x04,0x44,0x7F,0x44,0x08,0x7C,0x09,0x64,0x29,0x44,0x29,0x44,
    0x3F,0x7C,0x19,0x44,0x08,0x44,0x10,0xC4,0x30,0x84,0x61,0x8C,0x00,0x00,0x00,0x00,0x00,0x00,0x10,0x04,0x11,0xFC,0x11,0x00,
    0x15,0x00,0x5D,0x20,0x59,0x20,0x51,0xFE,0x50,0x30,0x10,0xA0,0x18,0xAC,0x3D,0x24,0x27,0x26,0x22,0x22,0x40,0x60,0x00,0x00,
    0x02,0x00,0x33,0x7E,0x7F,0x60,0x33,0x60,0x3F,0x60,0x33,0x7E,0x33,0x7E,0x3F,0x4C,0x33,0x4C,0x7F,0xCC,0x00,0x4C,0x32,0xCC,
    0x61,0x8C,0x41,0x8C,0x00,0x00,0x00,0x00,0x22,0x80,0x22,0x9E,0x27,0xD0,0x72,0x90,0x23,0x90,0x22,0x9E,0x32,0x94,0x73,0x94,
    0x62,0x94,0x2F,0xF4,0x20,0x24,0x26,0xE4,0x2C,0x64,0x60,0x64,0x00,0x00,0x00,0x00,0x02,0x80,0x02,0x9E,0x77,0xD0,0x52,0x90,
    0x52,0x90,0x53,0x9E,0x52,0x94,0x53,0x94,0x52,0x94,0x56,0xF4,0x77,0xF4,0x50,0xA4,0x46,0xE4,0x0C,0x64,0x00,0x00,0x00,0x00,
    0x00,0x00,0x1F,0xFC,0x10,0x8C,0x11,0x8C,0x1F,0xFC,0x10,0x8C,0x11,0x8C,0x1F,0xF8,0x00,0x00,0x34,0x8C,0x24,0xC6,0x64,0x02,
    0x44,0x18,0x07,0xF0,0x00,0x00,0x00,0x00,0x02,0x00,0x7E,0x30,0x08,0x30,0x08,0x20,0x08,0x20,0x7F,0x60,0x18,0x60,0x1E,0x48,
    0x3B,0x48,0x28,0xCC,0x68,0x84,0x48,0x86,0x09,0xFE,0x08,0x00,0x08,0x00,0x00,0x00,0x00,0x00,0x3F,0xFC,0x00,0x04,0x00,0x04,
    0x7F,0xE4,0x00,0x04,0x00,0x04,0x1F,0xC4,0x10,0x44,0x10,0x44,0x1F,0xC4,0x10,0x44,0x10,0x04,0x00,0x1C,0x00,0x00,0x00,0x00,
    0x00,0x00,0x08,0x10,0x08,0x10,0x08,0x20,0x10,0x20,0x33,0x4C,0x7E,0xC8,0x24,0xF8,0x08,0x30,0x18,0x20,0x36,0x7C,0x3C,0x70,
    0x00,0x00,0x00,0x00,0x7F,0xFE,0x00,0x00,0x00,0x00,0x7F,0xFC,0x08,0x40,0x08,0x40,0x18,0x40,0x1F,0x4C,0x33,0x58,0x22,0x60,
    0x5A,0x40,0x0E,0x40,0x04,0x40,0x08,0x46,0x10,0x46,0x60,0x7C,0x00,0x00,0x00,0x00,0x00,0x20,0x3E,0x30,0x20,0xFC,0x3C,0x24,
    0x21,0xFE,0x20,0x24,0x3C,0xFC,0x20,0x30,0x7E,0x30,0x10,0xFC,0x24,0x20,0x26,0xFE,0x7E,0x30,0x00,0x20,0x00,0x00,0x00,0x00,
    0x00,0x00,0x01,0x80,0x01,0x80,0x3F,0xF8,0x01,0x80,0x01,0x80,0x7F,0xFE,0x00,0x00,0x00,0x30,0x7F,0xFE,0x00,0x30,0x08,0x30,
    0x08,0x30,0x08,0x30,0x00,0x70,0x00,0x00,0x00,0x00,0x3E,0x7E,0x22,0x02,0x26,0x7A,0x3E,0x02,0x00,0x02,0x7F,0x7A,0x55,0x4A,
    0x55,0x4A,0x7F,0x7A,0x55,0x7A,0x55,0x42,0x55,0x02,0x43,0x0E,0x00,0x00,0x00,0x00,0x00,0x00,0x3F,0xFC,0x22,0x44,0x22,0x44,
    0x22,0x44,0x22,0x44,0x26,0x44,0x24,0x44,0x28,0x74,0x28,0x04,0x20,0x04,0x20,0x04,0x3F,0xFC,0x20,0x04,0x00,0x00,0x00,0x00,
    0x00,0x00,0x08,0x00,0x1B,0xFE,0x10,0x02,0x30,0x02,0x33,0xFA,0x70,0x02,0x50,0x02,0x13,0xF2,0x12,0x12,0x12,0x12,0x13,0xF2,
    0x12,0x02,0x10,0x02,0x10,0x0E,0x00,0x08,0x10,0x00,0x10,0x88,0x10,0x48,0x32,0x68,0x32,0x08,0x72,0x08,0x72,0x08,0x12,0x08,
    0x12,0xC8,0x13,0x98,0x13,0x18,0x12,0x24,0x10,0x66,0x10,0xC2,0x00,0x00,0x00,0x00,0x10,0x00,0x11,0xFC,0x30,0x04,0x3C,0x04,
    0x65,0xF4,0x44,0x04,0x10,0x04,0x11,0xF4,0x11,0x34,0x11,0x34,0x11,0xF4,0x1D,0x34,0x18,0x04,0x10,0x0C,0x00,0x00,0x00,0x00,
    0x00,0x00,0x3F,0xF8,0x30,0x18,0x20,0x18,0x20,0x18,0x20,0x18,0x3F,0xF8,0x30,0x18,0x20,0x00,0x20,0x00,0x20,0x00,0x20,0x06,
    0x30,0x04,0x1F,0xFC,0x00,0x00,0x00,0x00,0x18,0x10,0x18,0x90,0x18,0x90,0x18,0x88,0x7D,0x8C,0x19,0x04,0x1B,0x66,0x3C,0x40,
    0x3A,0x40,0x78,0xC8,0x58,0x88,0x18,0x84,0x19,0xFC,0x19,0x86,0x00,0x00,0x00,0x00,0x08,0x20,0x08,0x60,0x1C,0x70,0x32,0xD8,
    0x61,0x8E,0x01,0x04,0x3F,0xFC,0x08,0x10,0x0F,0xF0,0x08,0x30,0x0F,0xF0,0x08,0x36,0x7F,0xF8,0x00,0x10,0x00,0x10,0x00,0x00,
    0x00,0x00,0x00,0x20,0x08,0x60,0x18,0x60,0x18,0x60,0x1C,0x70,0x36,0xD8,0x20,0x8C,0x61,0x06,0x00,0x00,0x04,0x88,0x24,0xC4,
    0x64,0x06,0x44,0x10,0x47,0xF0,0x00,0x00,0x00,0x00,0x14,0xFE,0x32,0x20,0x22,0x20,0x21,0xFC,0x48,0x84,0x18,0x94,0x10,0x94,
    0x16,0xB4,0x36,0xB4,0x26,0xA4,0x7E,0x28,0x00,0x44,0x01,0x82,0x00,0x00,0x00,0x00,0x00,0x10,0x21,0x10,0x11,0x90,0x13,0xFC,
    0x00,0x40,0x00,0x40,0x73,0xFC,0x17,0xFC,0x10,0xE0,0x10,0xB0,0x11,0x0C,0x12,0x00,0x3C,0x00,0x67,0xFE,0x00,0x00,0x00,0x00,
    0x00,0x00,0x01,0x00,0x01,0x80,0x3F,0xFC,0x3F,0xFC,0x20,0x04,0x01,0x84,0x01,0x80,0x7F,0xFE,0x03,0xC0,0x05,0xE0,0x0D,0xB0,
    0x19,0x9C,0x71,0x8E,0x01,0x80,0x00,0x00,0x00,0x00,0x00,0x90,0x30,0x90,0x11,0x98,0x01,0x08,0x01,0x0C,0x72,0x06,0x16,0x42,
    0x10,0x40,0x10,0x40,0x10,0xC0,0x14,0x88,0x1C,0x88,0x19,0xFC,0x11,0xE4,0x00,0x00,0x23,0xFC,0x30,0x1C,0x10,0xD0,0x00,0x60,
    0x03,0xFE,0x72,0x22,0x12,0x26,0x13,0xFE,0x12,0x22,0x13,0x26,0x1B,0xFE,0x1A,0x22,0x32,0x22,0x02,0x0E,0x00,0x04,0x00,0x00,
    0x00,0x00,0x10,0x20,0x13,0xAC,0x12,0x24,0x7B,0xAC,0x13,0x24,0x13,0x24,0x13,0xFC,0x38,0x20,0x73,0xFC,0x11,0x8C,0x10,0x88,
    0x10,0x50,0x10,0x70,0x73,0xDE,0x02,0x00,0x00,0x00,0x18,0x30,0x11,0xFE,0x3F,0xB2,0x23,0xB6,0x3B,0xB6,0x2B,0xB2,0x22,0xFE,
    0x7E,0x30,0x23,0xFC,0x3A,0xC4,0x6A,0x48,0x42,0x78,0x46,0x30,0x4D,0xCE,0x00,0x00,0x00,0x00,0x21,0x08,0x25,0x48,0x21,0x18,
    0x77,0xDE,0x33,0x94,0x23,0xF4,0x3D,0x34,0x71,0x14,0x27,0xD4,0x22,0xDC,0x26,0x88,0x21,0x88,0x23,0x5C,0x66,0x22,0x00,0x00,
    0x00,0x00,0x01,0x18,0x71,0x10,0x57,0xD0,0x51,0x1E,0x57,0xB6,0x55,0x60,0x55,0x48,0x57,0xC8,0x53,0x08,0x73,0x18,0x57,0x58,
    0x45,0x14,0x09,0x36,0x01,0x62,0x00,0x00,0x04,0x20,0x0C,0x20,0x7F,0xFE,0x0C,0x20,0x05,0x20,0x01,0x00,0x3F,0xF0,0x03,0x10,
    0x13,0x1C,0x32,0x14,0x26,0x32,0x44,0x30,0x0C,0x30,0x30,0xE0,0x00,0x00,0x00,0x00,0x00,0x00,0x7E,0x1C,0x3C,0xF0,0x18,0x10,
    0x3C,0x10,0x7E,0x30,0x5B,0xFE,0x7A,0x38,0x7E,0x38,0x66,0x78,0x42,0x54,0x7E,0x96,0x43,0x92,0x7E,0x10,0x40,0x10,0x00,0x10,
    0x00,0x00,0x18,0x88,0x11,0x8C,0x13,0x06,0x36,0x60,0x30,0xE0,0x70,0x90,0x71,0x18,0x13,0x0E,0x17,0xFA,0x11,0x08,0x11,0x08,
    0x11,0x08,0x11,0xF8,0x11,0x88,0x10,0x00,0x01,0x00,0x3F,0xFC,0x01,0x80,0x1F,0xF8,0x01,0x80,0x7F,0xFE,0x03,0x30,0x0F,0xF0,
    0x09,0x88,0x07,0x3C,0x1F,0x84,0x08,0x90,0x38,0x9C,0x23,0x84,0x00,0x00,0x00,0x00,0x00,0x00,0x00,0x40,0x27,0xFC,0x37,0xFC,
    0x10,0x60,0x03,0xFC,0x02,0x44,0x72,0x64,0x33,0xFC,0x30,0xF0,0x31,0x58,0x32,0x44,0x34,0x40,0x38,0x00,0x47,0xFE,0x00,0x00,
    0x7F,0xFE,0x06,0x60,0x02,0x40,0x3F,0xFC,0x22,0x44,0x32,0x44,0x3F,0xFC,0x09,0x90,0x09,0x90,0x7F,0xFE,0x07,0xC0,0x05,0xA0,
    0x19,0x9C,0x71,0x86,0x00,0x00,0x00,0x00,0x10,0x00,0x13,0xFC,0x30,0x90,0x37,0xFC,0x36,0x94,0x76,0xB4,0x53,0xFC,0x10,0x40,
    0x13,0x48,0x17,0xFE,0x10,0xF0,0x11,0xD8,0x13,0x4C,0x16,0x46,0x00,0x40,0x00,0x00,0x00,0x00,0x22,0x00,0x12,0x3E,0x7F,0x26,
    0x0C,0x3E,0x2D,0x26,0x2D,0x7E,0x3F,0x7E,0x09,0x46,0x10,0x4C,0x20,0x80,0x1F,0xF8,0x01,0x80,0x01,0x80,0x7F,0xFE,0x00,0x00,
    0x00,0x00,0x04,0xC0,0x36,0x9E,0x10,0x92,0x0F,0xD2,0x41,0x1E,0x61,0x56,0x0D,0x52,0x0D,0x52,0x0D,0x5E,0x2F,0xD6,0x23,0x32,
    0x62,0x22,0x66,0x62,0x4C,0xC6,0x00,0x00,0x00,0x00,0x01,0x80,0x01,0x80,0x7F,0xFE,0x60,0x02,0x08,0x00,0x1B,0xFC,0x10,0x40,
    0x31,0xFC,0x73,0x04,0x53,0x04,0x13,0xFC,0x13,0x04,0x13,0x04,0x13,0xFC,0x00,0x04,0x00,0x00,0x20,0x04,0x11,0xFC,0x09,0x00,
    0x01,0x00,0x01,0x00,0x31,0xFE,0x11,0x10,0x11,0x10,0x11,0x70,0x11,0x38,0x1B,0x1C,0x1A,0x12,0x32,0x10,0x06,0x10,0x04,0x10,
    0x01,0x80,0x01,0x80,0x1F,0xF8,0x01,0x88,0x7F,0xFE,0x01,0x88,0x01,0x88,0x1F,0xF8,0x01,0x84,0x15,0xC4,0x35,0xA4,0x35,0xB4,
    0x29,0x84,0x61,0x84,0x00,0x00,0x00,0x00,0x00,0x00,0x00,0x30,0x7E,0x28,0x18,0x44,0x18,0xFE,0x7E,0x00,0x5A,0x4C,0x5A,0x82,
    0x6A,0x20,0x66,0x7C,0x42,0xC4,0x7E,0xA8,0x42,0x38,0x7E,0x38,0x42,0xE6,0x00,0x82,0x04,0x20,0x06,0x60,0x7F,0xFE,0x04,0x20,
    0x3E,0x78,0x00,0x00,0x00,0x00,0x7E,0xFE,0x08,0x30,0x2A,0x30,0x2B,0xB4,0x48,0xB2,0x49,0x32,0x18,0x70,0x00,0x00,0x00,0x00,
    0x00,0x00,0x10,0x60,0x3F,0x7E,0x6C,0xD8,0x00,0x00,0x1F,0xF8,0x1F,0xF8,0x18,0x18,0x1F,0xF8,0x18,0x08,0x1F,0xF8,0x06,0x30,
    0x7F,0xFE,0x04,0x20,0x38,0x20,0x00,0x00,0x00,0x00,0x1F,0xF0,0x18,0x10,0x18,0x10,0x1F,0xF0,0x01,0x80,0x3F,0xFC,0x31,0x8C,
    0x21,0x84,0x3F,0xFC,0x31,0x88,0x01,0x88,0x01,0x9C,0x3F,0xE6,0x00,0x00,0x00,0x00,0x00,0x40,0x78,0xC0,0x4B,0xFE,0x59,0x80,
    0x53,0xFC,0x56,0x30,0x51,0xFE,0x49,0xFC,0x49,0x04,0x4D,0xFC,0x59,0x04,0x41,0xFC,0x41,0x04,0x41,0x0C,0x01,0x00,0x00,0x00,
    0x00,0x00,0x00,0x10,0x78,0x30,0x4A,0xFE,0x5B,0x60,0x50,0x40,0x50,0xFC,0x57,0x64,0x49,0x7C,0x49,0x44,0x49,0x7C,0x59,0x44,
    0x41,0x4C,0x43,0x80,0x44,0x7E,0x40,0x00,0x00,0x00,0x10,0x0C,0x13,0xF8,0x20,0x00,0x25,0x24,0x4D,0xA4,0x78,0x08,0x10,0x40,
    0x33,0xFE,0x78,0xDC,0x78,0x88,0x01,0x90,0x0C,0x70,0x78,0x7C,0x03,0x84,0x00,0x00,0x00,0x00,0x00,0x10,0x7D,0x7E,0x65,0x20,
    0x7D,0x7C,0x7C,0xC8,0x7C,0xBE,0x47,0x00,0x7D,0xBE,0x64,0xBE,0x7C,0xA6,0x64,0xBE,0x7C,0xA6,0x65,0x84,0x6F,0x7E,0x00,0x00,
    0x00,0x00,0x00,0x20,0x7C,0x30,0x11,0xFE,0x10,0x00,0x30,0x88,0x3C,0xC8,0x7C,0xFE,0x65,0x12,0x24,0x00,0x24,0x30,0x35,0xFE,
    0x3C,0x30,0x24,0x30,0x20,0x30,0x00,0x00,0x00,0x80,0x20,0x84,0x20,0x84,0x3F,0xFC,0x1F,0xFC,0x02,0x00,0x06,0x00,0x0F,0xFC,
    0x18,0x08,0x32,0x18,0x03,0x10,0x01,0xE0,0x01,0xC0,0x7E,0x00,0x00,0x00,0x00,0x00,0x00,0x00,0x08,0x20,0x73,0xFE,0x10,0x20,
    0x13,0xFC,0x7B,0x24,0x33,0xFC,0x33,0x64,0x39,0xFC,0x34,0x2C,0x73,0xF6,0x50,0x20,0x12,0xA4,0x12,0x8A,0x16,0xF8,0x10,0x00,
    0x00,0x00,0x01,0x18,0x21,0x90,0x27,0xFE,0x00,0xE0,0x00,0xC0,0x07,0x4C,0x70,0xF8,0x33,0x30,0x36,0x78,0x31,0xB6,0x37,0x30,
    0x30,0x60,0x38,0x40,0x67,0xFE,0x00,0x00,0x00,0x00,0x00,0x48,0x7A,0x48,0x4A,0xFE,0x52,0x30,0x50,0x60,0x70,0xB4,0x56,0x78,
    0x4A,0x98,0x4A,0x3C,0x4A,0x52,0x5A,0x90,0x42,0x30,0x47,0x00,0x4C,0xFE,0x00,0x00,0x00,0x00,0x01,0x80,0x11,0x8C,0x1F,0xFC,
    0x21,0x84,0x21,0x84,0x3F,0xFC,0x1F,0xF8,0x1F,0xF8,0x00,0x00,0x7F,0xFE,0x01,0x80,0x19,0x98,0x31,0x8C,0x23,0x80,0x00,0x00,
    0x00,0x20,0x7C,0x20,0x0C,0x20,0x08,0x20,0x11,0x2C,0x11,0x24,0x1D,0x24,0x39,0x24,0x73,0x26,0x12,0x22,0x12,0x22,0x12,0x22,
    0x10,0x20,0x30,0xE0,0x00,0x00,0x00,0x00,0x00,0x00,0x10,0xF8,0x11,0x8C,0x11,0x04,0x7D,0xFC,0x10,0x00,0x11,0xFC,0x15,0x04,
    0x39,0x24,0x71,0x24,0x11,0x24,0x11,0x64,0x10,0x50,0x10,0xCC,0x73,0x06,0x00,0x00,0x00,0x00,0x10,0x20,0x3F,0x7E,0x2C,0x4C,
    0x64,0xCC,0x00,0x00,0x1F,0xF8,0x03,0x08,0x7F,0xFE,0x03,0x0C,0x03,0x08,0x3F,0xF8,0x02,0x08,0x0C,0x00,0x38,0x00,0x00,0x00,
    0x00,0x00,0x04,0x20,0x7F,0xFE,0x04,0x20,0x01,0x80,0x7F,0xFE,0x1F,0xF8,0x18,0x08,0x7F,0xFE,0x18,0x08,0x1F,0xF8,0x06,0x48,
    0x1C,0x78,0x75,0x38,0x0E,0x0E,0x00,0x00,0x00,0x00,0x10,0x60,0x10,0x48,0x10,0x8C,0x7D,0xFE,0x10,0x00,0x10,0x8C,0x3D,0x06,
    0x34,0xC0,0x74,0xF8,0x51,0xC8,0x13,0x58,0x10,0x30,0x10,0x70,0x13,0x8E,0x00,0x00,0x00,0x00,0x00,0x40,0x78,0xC8,0x49,0x8C,
    0x4B,0xFE,0x48,0x00,0x49,0x8C,0x4B,0x46,0x4A,0xC0,0x49,0xFC,0x79,0x88,0x4A,0xD8,0x40,0x70,0x00,0x70,0x03,0xDE,0x02,0x00,
    0x00,0x00,0x10,0x20,0x10,0x30,0x23,0xFE,0x22,0x82,0x49,0xBE,0x79,0x18,0x13,0x10,0x27,0x3C,0x21,0x26,0x79,0x26,0x01,0x3E,
    0x01,0x26,0x79,0x26,0x41,0x3E,0x01,0x20,0x00,0x20,0x01,0x26,0x7D,0xA4,0x10,0x28,0x10,0x20,0x11,0xFC,0x7D,0x04,0x11,0x24,
    0x11,0x24,0x11,0x24,0x1D,0x64,0x70,0x48,0x00,0xCC,0x03,0x86,0x00,0x00,0x00,0x00,0x01,0x00,0x3F,0xFC,0x01,0x80,0x01,0x80,
    0x7F,0xFE,0x43,0x06,0x44,0x60,0x1F,0xC0,0x03,0x10,0x1F,0xFC,0x39,0x84,0x09,0x90,0x31,0x9C,0x63,0x84,0x00,0x00,0x00,0x00,
    0x10,0x20,0x11,0x24,0x3D,0xAC,0x20,0xA8,0x60,0x20,0x7D,0xFC,0x11,0x84,0x11,0xB4,0x7D,0xA4,0x11,0xA4,0x10,0x24,0x14,0x60,
    0x18,0x4C,0x11,0x86,0x00,0x00,0x00,0x00,0x00,0x00,0x1E,0x7C,0x30,0xC0,0x20,0xC0,0x30,0xC0,0x3E,0xFE,0x22,0xD8,0x22,0x88,
    0x36,0x88,0x3E,0x88,0x20,0x88,0x21,0x88,0x61,0x08,0x43,0x08,0x00,0x00,0x00,0x00,0x11,0xFC,0x11,0x04,0x11,0xFC,0x11,0x04,
    0x79,0xFC,0x10,0x00,0x13,0x9C,0x10,0xC6,0x12,0x52,0x13,0x52,0x38,0xC6,0x47,0xDE,0x00,0x52,0x00,0xCE,0x00,0x00,0x00,0x00,
    0x08,0x60,0x08,0x60,0x18,0x60,0x12,0x64,0x32,0x7C,0x33,0xE4,0x7F,0x64,0x52,0x64,0x12,0x6C,0x12,0x78,0x12,0x60,0x12,0x02,
    0x13,0x06,0x11,0xFC,0x00,0x00,0x00,0x00,0x00,0x00,0x01,0x00,0x01,0x80,0x3F,0xFC,0x3F,0xFC,0x20,0x04,0x2C,0x04,0x0C,0x18,
    0x0C,0xF0,0x0F,0x80,0x0C,0x00,0x0C,0x00,0x0C,0x04,0x0C,0x0C,0x07,0xF8,0x00,0x00,0x00,0x20,0x30,0x20,0x30,0x20,0x21,0x20,
    0x7D,0x3C,0x2D,0xF4,0x2F,0xA4,0x69,0x24,0x49,0x24,0x79,0x2C,0x19,0x20,0x1D,0x22,0x25,0x82,0x60,0xFC,0x00,0x00,0x00,0x00,
    0x11,0x18,0x11,0x98,0x17,0xFE,0x11,0x58,0x7C,0x60,0x30,0xB0,0x11,0x98,0x13,0xFE,0x16,0x02,0x10,0x00,0x3B,0xFC,0x63,0x0C,
    0x03,0x0C,0x03,0xFC,0x00,0x00,0x00,0x00,0x00,0x00,0x03,0x10,0x73,0x1C,0x3F,0xA4,0x63,0x68,0x63,0x3E,0x1F,0xA2,0x3F,0xAA,
    0x3F,0xAA,0x73,0x2A,0x13,0xAA,0x17,0xAA,0x1F,0x18,0x3B,0x16,0x63,0x22,0x00,0x00,0x00,0x00,0x10,0x10,0x12,0x10,0x13,0x10,
    0x30,0x18,0x78,0x7E,0x10,0x10,0x13,0x18,0x39,0x38,0x71,0x2C,0x11,0x64,0x11,0x46,0x11,0x40,0x13,0x80,0x34,0x7E,0x00,0x00,
    0x00,0xFC,0x7D,0x84,0x65,0xFC,0x65,0x84,0x7D,0xFC,0x18,0x00,0x09,0xDE,0x68,0x42,0x69,0x52,0x69,0x4A,0x68,0xCE,0x6D,0x5A,
    0x78,0x42,0x40,0xC6,0x00,0x84,0x00,0x00,0x00,0x20,0x3C,0x24,0x25,0xBC,0x24,0xB8,0x24,0xA8,0x3D,0x2C,0x0B,0x66,0x48,0x40,
    0x4E,0xFC,0x49,0x84,0x49,0xFC,0x49,0x84,0x7D,0x84,0x41,0xFC,0x00,0x04,0x00,0x00,0x00,0x00,0x00,0x20,0x3C,0x40,0x24,0x40,
    0x24,0x88,0x3C,0x84,0x27,0xFE,0x25,0xC2,0x24,0x00,0x3C,0xFC,0x24,0x84,0x24,0x84,0x24,0x84,0x44,0xFC,0x4C,0x8C,0x00,0x84,
    0x0C,0x20,0x0C,0x30,0x7F,0xFE,0x0E,0x20,0x06,0x00,0x0C,0x30,0x18,0x18,0x3F,0xFC,0x00,0x04,0x1F,0xF8,0x10,0x08,0x10,0x08,
    0x1F,0xF8,0x1F,0xF8,0x00,0x00,0x00,0x00,0x00,0x00,0x10,0x60,0x10,0x40,0x10,0x40,0x7C,0x8C,0x31,0x04,0x13,0xFE,0x10,0x00,
    0x1C,0x00,0x71,0xFC,0x11,0x04,0x11,0x04,0x11,0x04,0x11,0xFC,0x31,0x04,0x01,0x04,0x00,0x00,0x03,0x00,0x02,0x00,0x04,0x20,
    0x0C,0x10,0x18,0x18,0x3F,0xFC,0x30,0x04,0x00,0x00,0x1F,0xF8,0x10,0x08,0x10,0x08,0x10,0x08,0x1F,0xF8,0x1F,0xF8,0x00,0x00,
    0x00,0x00,0x01,0x00,0x01,0x80,0x3F,0xFC,0x03,0x00,0x1F,0xF8,0x02,0x00,0x3F,0xFE,0x0C,0x30,0x19,0x9C,0x2D,0xB6,0x05,0xA0,
    0x07,0xE0,0x1D,0x98,0x21,0x88,0x00,0x00,0x00,0x00,0x00,0x30,0x7F,0x30,0x14,0x30,0x14,0x30,0x7E,0xFE,0x56,0xFE,0x56,0x30,
    0x56,0x30,0x76,0x28,0x42,0x28,0x7E,0x48,0x42,0x44,0x7E,0xF6,0x63,0x92,0x40,0x00,0x01,0x00,0x01,0x00,0x01,0x00,0x01,0x00,
    0x7F,0xFC,0x03,0x80,0x01,0x80,0x03,0x80,0x02,0x40,0x06,0x60,0x0C,0x30,0x1E,0x18,0x33,0x0C,0x61,0x06,0x00,0x00,0x00,0x00,
    0x00,0x00,0x01,0x00,0x01,0x00,0x7F,0xFE,0x02,0x40,0x06,0x60,0x0C,0x20,0x1B,0x18,0x71,0x0E,0x20,0x00,0x00,0x88,0x24,0x8C,
    0x24,0x06,0x64,0x12,0x47,0xF0,0x00,0x00,0x00,0x40,0x30,0x40,0x18,0x40,0x00,0x40,0x07,0xFE,0x60,0xE0,0x30,0x60,0x00,0xE0,
    0x00,0xB0,0x10,0x90,0x11,0x98,0x33,0x8C,0x26,0xC6,0x2C,0x42,0x00,0x00,0x00,0x00,0x10,0x00,0x11,0xFC,0x11,0x0C,0x11,0x2C,
    0x7D,0x2C,0x11,0x2C,0x11,0x0C,0x17,0xFE,0x11,0x0C,0x15,0x0C,0x39,0x0C,0x63,0x0C,0x02,0x0C,0x06,0x18,0x00,0x00,0x00,0x00,
    0x20,0x28,0x20,0x24,0x27,0x20,0x71,0x7E,0x31,0x68,0x25,0x68,0x37,0xFE,0x72,0x68,0x62,0x68,0x27,0x7E,0x25,0x68,0x2C,0xE8,
    0x28,0x7E,0x60,0x60,0x00,0x00,0x00,0x00,0x00,0x00,0x01,0x80,0x02,0xC0,0x06,0x60,0x19,0x38,0x79,0x1E,0x4F,0xE0,0x00,0x60,
    0x1F,0xF8,0x18,0x18,0x19,0x18,0x19,0x18,0x13,0x00,0x06,0x30,0x3C,0x1C,0x00,0x00,0x00,0x00,0x00,0xC0,0x1F,0xFE,0x18,0x00,
    0x10,0x28,0x57,0x60,0x17,0x7E,0x11,0x48,0x15,0xFC,0x77,0xEC,0x52,0x48,0x13,0x7E,0x17,0x48,0x35,0xE8,0x28,0x7E,0x00,0x40,
    0x00,0x28,0x60,0x68,0x2F,0x7E,0x03,0x7E,0x0A,0xC8,0x6A,0xEC,0x27,0xFC,0x06,0x48,0x06,0x48,0x26,0x7E,0x29,0x48,0x29,0x48,
    0x48,0x7E,0x40,0x40,0x00,0x00,0x00,0x00,0x10,0x00,0x11,0xFC,0x10,0x00,0x10,0x00,0x7C,0x00,0x18,0x00,0x13,0xFE,0x10,0x60,
    0x10,0x40,0x10,0x40,0x1C,0x88,0x70,0x8C,0x41,0xFC,0x03,0xC6,0x00,0x00,0x00,0x00,0x00,0x00,0x10,0x60,0x17,0xFE,0x10,0x00,
    0x7B,0xFE,0x32,0xF2,0x32,0x92,0x3A,0x02,0x3B,0xFE,0x70,0x00,0x51,0x04,0x11,0xFC,0x11,0x04,0x10,0x00,0x17,0xFE,0x00,0x00,
    0x00,0x00,0x00,0xC0,0x00,0xC0,0x1F,0xFE,0x50,0x40,0x72,0x4C,0x32,0xC8,0x10,0xB8,0x13,0x0C,0x76,0x40,0x52,0x4C,0x12,0x68,
    0x32,0xA0,0x21,0x98,0x67,0x0E,0x04,0x00,0x0F,0xFE,0x30,0xB0,0x11,0xB0,0x05,0xB6,0x04,0x92,0x67,0xFC,0x30,0x00,0x02,0x04,
    0x03,0xFC,0x12,0x04,0x33,0xFC,0x20,0x40,0x67,0xFE,0x40,0x40,0x00,0x00,0x00,0x00,0x00,0x00,0x27,0xFE,0x30,0x90,0x07,0xFE,
    0x04,0x96,0x67,0xFE,0x30,0x00,0x33,0xFC,0x33,0xFC,0x32,0x04,0x3B,0xFC,0x38,0x20,0x37,0xFE,0x00,0x20,0x00,0x20,0x00,0x00,
    0x00,0x00,0x00,0x60,0x33,0x44,0x1A,0x4C,0x00,0x60,0x00,0x98,0x71,0x8E,0x36,0x60,0x10,0x60,0x11,0x64,0x13,0x6C,0x10,0x60,
    0x1C,0xD0,0x39,0x8C,0x13,0x06,0x02,0x00,0x00,0x00,0x30,0x00,0x31,0xFC,0x31,0x04,0x31,0x04,0x7D,0x04,0x31,0xFC,0x31,0x04,
    0x31,0x04,0x31,0x04,0x31,0xFC,0x3D,0xFC,0x60,0x00,0x00,0x00,0x03,0xFE,0x00,0x00,0x00,0x20,0x1E,0x24,0x71,0x2C,0x11,0x60,
    0x10,0x58,0x3D,0x84,0x70,0x20,0x10,0xAC,0x1D,0x28,0x78,0x70,0x10,0xCC,0x11,0x84,0x10,0x02,0x1F,0xFE,0x00,0x00,0x00,0x00,
    0x00,0x00,0x08,0x00,0x08,0xFC,0x00,0xFC,0x7C,0x84,0x0C,0x84,0x08,0xFC,0x1A,0xC4,0x1E,0x84,0x3C,0x84,0x5A,0xFC,0x18,0x00,
    0x18,0x00,0x19,0xFE,0x19,0xFE,0x00,0x00,0x00,0x00,0x01,0x24,0x7D,0x24,0x11,0x24,0x11,0xFC,0x20,0x40,0x3D,0xFE,0x25,0xFE,
    0x64,0x90,0x64,0x96,0x25,0xD4,0x3D,0x30,0x3E,0x38,0x20,0x6C,0x01,0xC6,0x00,0x00,0x00,0x00,0x10,0x00,0x13,0xFE,0x12,0x02,
    0x78,0x98,0x31,0x0C,0x12,0x24,0x10,0x60,0x3B,0xFE,0x70,0xF0,0x50,0xF0,0x11,0xF8,0x13,0x6C,0x16,0x66,0x74,0x60,0x00,0x00,
    0x00,0x00,0x7D,0xFC,0x6D,0x8C,0x64,0x8C,0x64,0x8C,0x64,0x88,0x64,0x88,0x64,0xD8,0x64,0x50,0x7C,0x70,0x64,0x60,0x60,0xF0,
    0x01,0x98,0x07,0x0E,0x04,0x00,0x00,0x00,0x00,0x00,0x00,0x80,0x30,0x84,0x31,0x84,0x3F,0xFC,0x04,0x00,0x7F,0xFE,0x0C,0x00,
    0x08,0x40,0x0A,0xC8,0x1A,0xC8,0x34,0xC8,0x61,0xA0,0x43,0x18,0x0E,0x0E,0x00,0x00,0x00,0x00,0x11,0xFC,0x08,0x18,0x00,0x30,
    0x00,0x60,0x70,0xC0,0x11,0xFE,0x00,0x92,0x01,0xB2,0x13,0x22,0x36,0x66,0x24,0x46,0x61,0x84,0x63,0x0C,0x00,0x00,0x00,0x00,
    0x00,0x00,0x00,0x20,0x30,0x20,0x33,0xFE,0x32,0x20,0x7A,0xFC,0x32,0x24,0x33,0xFE,0x32,0x34,0x32,0xFC,0x32,0x20,0x3E,0xFC,
    0x66,0x84,0x04,0xFC,0x0C,0x84,0x00,0x00,0x00,0x00,0x20,0x20,0x30,0x20,0x33,0xFE,0x7A,0x20,0x32,0xFC,0x32,0x24,0x33,0xFE,
    0x3A,0x34,0x72,0xFC,0x72,0x20,0x36,0xFC,0x35,0x84,0x35,0x84,0x79,0xFC,0x00,0x00,0x01,0x80,0x19,0x88,0x09,0x90,0x7F,0xFE,
    0x60,0x02,0x4F,0xF2,0x4F,0xF8,0x08,0x18,0x0F,0xF8,0x01,0x80,0x01,0x80,0x1F,0xF8,0x01,0x80,0x7F,0xFE,0x00,0x00,0x00,0x00,
    0x11,0x80,0x19,0x90,0x09,0x90,0x7F,0xFE,0x40,0x06,0x4F,0xF2,0x08,0x10,0x0F,0xF0,0x01,0x80,0x7F,0xFC,0x07,0xE0,0x05,0xE0,
    0x19,0x98,0x71,0x8E,0x00,0x00,0x00,0x00,0x00,0x00,0x00,0x20,0x3D,0x2C,0x24,0xA8,0x27,0xFE,0x2E,0x02,0x3E,0xF8,0x24,0x88,
    0x24,0x88,0x3C,0xF8,0x24,0x20,0x25,0xFC,0x44,0x20,0x4C,0x20,0x4B,0xFE,0x00,0x00,0x00,0x00,0x00,0x80,0x01,0x80,0x3F,0xFC,
    0x30,0x80,0x37,0xF8,0x30,0x88,0x3F,0xFE,0x20,0xC8,0x27,0xF8,0x20,0x80,0x2F,0xF8,0x2C,0x08,0x6F,0xF8,0x4F,0xF8,0x00,0x00,
    0x00,0x00,0x10,0x30,0x11,0xFE,0x55,0x10,0x55,0x30,0x11,0x7C,0x7D,0x36,0x11,0xFE,0x39,0x34,0x3D,0x7C,0x77,0x10,0x53,0xFC,
    0x52,0xC4,0x16,0xFC,0x1C,0xFC,0x10,0x00,0x08,0x40,0x1A,0x64,0x13,0x6C,0x31,0x68,0x30,0x60,0x73,0xFE,0x52,0x06,0x12,0x06,
    0x12,0xF6,0x12,0x96,0x12,0x96,0x12,0xF6,0x12,0x06,0x12,0x0C,0x00,0x00,0x00,0x00,0x00,0x00,0x10,0x10,0x11,0x92,0x3C,0x94,
    0x24,0x94,0x3C,0x10,0x25,0xFE,0x3D,0x02,0x25,0x3A,0x65,0x6A,0x1D,0x6A,0x15,0x6A,0x35,0x3A,0x65,0x02,0x4D,0x06,0x08,0x00,
    0x00,0x00,0x00,0x60,0x32,0x64,0x1A,0x6C,0x01,0x68,0x00,0x60,0x67,0xFE,0x36,0x06,0x06,0xE2,0x1E,0xF2,0x16,0x92,0x36,0x92,
    0x26,0xF2,0x66,0x02,0x46,0x0E,0x00,0x00,0x00,0x00,0x08,0x30,0x09,0xB6,0x3C,0xB4,0x18,0x30,0x08,0xFC,0x08,0x86,0x3E,0x82,
    0x08,0xFA,0x2C,0xCA,0x2E,0xFA,0x28,0x82,0x78,0x86,0x4C,0x00,0x47,0xFE,0x00,0x00,0x00,0x00,0x30,0x00,0x13,0xFC,0x00,0x60,
    0x71,0xFC,0x01,0xFE,0x09,0xA2,0x1B,0x26,0x66,0x4C,0x01,0x08,0x11,0x88,0x11,0x90,0x02,0xC0,0x06,0x30,0x78,0x1E,0x00,0x00,
    0x00,0x00,0x10,0x80,0x11,0x80,0x11,0xFE,0x33,0x02,0x7E,0x82,0x11,0xF2,0x11,0x42,0x38,0x42,0x73,0xFA,0x10,0x42,0x11,0x52,
    0x11,0x72,0x11,0x12,0x70,0x0C,0x00,0x00,0x00,0xC0,0x30,0xC0,0x17,0xFE,0x00,0x80,0x07,0xFC,0x60,0x80,0x21,0x80,0x07,0xFE,
    0x11,0x08,0x11,0xFE,0x32,0x08,0x26,0x88,0x6C,0x48,0x40,0x38,0x00,0x00,0x00,0x00,0x00,0x0E,0x27,0xFC,0x10,0x00,0x00,0x46,
    0x02,0x64,0x62,0x0C,0x30,0x80,0x03,0x9E,0x12,0x06,0x12,0x06,0x33,0x9E,0x22,0x06,0x63,0xFE,0x43,0xFE,0x02,0x00,0x00,0x00,
    0x00,0x00,0x10,0x40,0x10,0xC0,0x20,0xFC,0x29,0x88,0x4B,0x50,0x78,0x70,0x10,0xDC,0x33,0x06,0x60,0x20,0x79,0xFE,0x00,0x20,
    0x01,0xAC,0x79,0x26,0x42,0x62,0x00,0x40,0x04,0x20,0x7F,0xFE,0x16,0x60,0x18,0x00,0x3F,0xFE,0x28,0x04,0x4F,0xC4,0x13,0x04,
    0x03,0x04,0x3F,0xF4,0x03,0x04,0x13,0x24,0x1F,0xE4,0x00,0x2C,0x00,0x00,0x00,0x00,0x10,0x50,0x10,0x50,0x10,0x52,0x1B,0x56,
    0x79,0x54,0x11,0x50,0x38,0x50,0x3C,0xD8,0x33,0xDC,0x52,0xD2,0x50,0x90,0x11,0x92,0x13,0x12,0x12,0x1E,0x00,0x00,0x00,0x00,
    0x00,0xA0,0x20,0xA0,0x34,0xA4,0x16,0xAC,0x02,0xA8,0x70,0xB0,0x71,0xB8,0x17,0xA4,0x15,0xA0,0x11,0x20,0x13,0x34,0x16,0x18,
    0x3C,0x00,0x43,0xFC,0x00,0x00,0x00,0x00,0x00,0x00,0x01,0x00,0x33,0x00,0x13,0xFE,0x04,0x02,0x0D,0x02,0x63,0xF2,0x02,0xC2,
    0x00,0xC2,0x07,0xF2,0x30,0xC2,0x22,0xD2,0x22,0xD2,0x63,0xD2,0x40,0x0E,0x00,0x08,0x00,0x00,0x01,0x80,0x79,0x00,0x4B,0xFE,
    0x4A,0x06,0x5F,0x82,0x51,0xF2,0x52,0x42,0x58,0xC2,0x4B,0xF2,0x48,0x42,0x4A,0x52,0x5B,0xD2,0x41,0xF2,0x40,0x0E,0x40,0x08,
    0x00,0x00,0x30,0x08,0x10,0x08,0x10,0x08,0x00,0x18,0x03,0xFE,0x70,0x08,0x11,0x08,0x11,0x88,0x10,0x88,0x10,0x88,0x16,0x08,
    0x1C,0x08,0x18,0x08,0x10,0x38,0x00,0x00,0x00,0x00,0x01,0x00,0x03,0x00,0x7F,0xFE,0x06,0x20,0x0F,0xF0,0x1C,0x0E,0x6F,0xF2,
    0x0C,0x00,0x0F,0xF0,0x0C,0x00,0x3F,0xFE,0x06,0x30,0x0C,0x18,0x1F,0xFC,0x00,0x00,0x08,0x20,0x08,0x20,0x69,0xFC,0x48,0x20,
    0x7E,0x20,0x49,0xFE,0x48,0x08,0x08,0x08,0x1D,0xFE,0x78,0x08,0x08,0x88,0x08,0xC8,0x08,0x08,0x08,0x38,0x08,0x10,0x00,0x00,
    0x00,0x00,0x04,0x20,0x7F,0xFE,0x04,0x20,0x01,0x28,0x3C,0xA8,0x2D,0xFC,0x3C,0x40,0x2F,0xFE,0x2C,0x88,0x3F,0x26,0x2E,0xAA,
    0x6C,0x38,0x4D,0xEC,0x58,0x60,0x00,0x40,0x00,0x00,0x00,0x20,0x3D,0x68,0x24,0x60,0x25,0xFC,0x2C,0x40,0x3F,0xFE,0x24,0x88,
    0x25,0xFC,0x3F,0x12,0x2C,0x90,0x24,0xFE,0x64,0x04,0x4F,0xF4,0x58,0x0C,0x00,0x08,0x00,0x00,0x00,0xC0,0x0F,0xFE,0x1F,0xFE,
    0x59,0x80,0x79,0xF8,0x1B,0x98,0x1E,0xB0,0x38,0x60,0x79,0xF8,0x17,0x0E,0x10,0x70,0x10,0x10,0x21,0xC0,0x60,0x78,0x00,0x00,
    0x00,0x00,0x19,0x98,0x09,0xB0,0x3F,0xFC,0x03,0x00,0x7F,0xFE,0x04,0x30,0x0F,0xF8,0x70,0x0E,0x5F,0xF0,0x00,0x00,0x00,0x00,
    0x1F,0xF0,0x18,0x10,0x1F,0xF0,0x00,0x00,0x00,0x00,0x10,0x98,0x10,0x90,0x11,0xFC,0x10,0x64,0x78,0x24,0x31,0xFC,0x31,0x20,
    0x39,0x20,0x75,0xFE,0x50,0xE6,0x11,0xA6,0x13,0x26,0x16,0x2C,0x14,0x20,0x00,0x00,0x00,0x06,0x3F,0x86,0x21,0x96,0x3F,0x96,
    0x21,0x96,0x3F,0x96,0x10,0x16,0x3F,0x96,0x6B,0xD6,0x5A,0x96,0x36,0x96,0x6C,0x86,0x18,0x86,0x33,0x8C,0x00,0x00,0x00,0x00,
    0x00,0xFC,0x3C,0x84,0x24,0xFC,0x24,0xFC,0x3C,0x84,0x18,0xFC,0x08,0xC0,0x68,0xFE,0x6D,0x6A,0x68,0x5A,0x68,0x92,0x6D,0x32,
    0x7C,0x62,0x40,0xCC,0x00,0x00,0x00,0x00,0x00,0x00,0x10,0x98,0x10,0x90,0x30,0x30,0x39,0xFC,0x40,0x24,0x3D,0xFC,0x11,0x20,
    0x11,0x20,0x7D,0xFC,0x10,0x64,0x10,0xE4,0x1C,0xA4,0x19,0x2C,0x12,0x20,0x00,0x20,0x11,0xFC,0x11,0xFC,0x11,0x04,0x7D,0xFC,
    0x31,0x04,0x11,0xFC,0x10,0x00,0x1B,0xFE,0x70,0x20,0x11,0x20,0x11,0x3C,0x13,0x20,0x13,0xE0,0x76,0x7E,0x00,0x00,0x00,0x00,
    0x00,0x00,0x3E,0xFE,0x22,0x20,0x3E,0x30,0x22,0xFC,0x3E,0x84,0x00,0x94,0x7E,0x94,0x08,0x94,0x28,0xA4,0x6E,0x28,0x68,0xCC,
    0x58,0x80,0x47,0xFE,0x00,0x00,0x00,0x00,0x00,0x00,0x00,0x20,0x7C,0x30,0x45,0xFE,0x44,0x48,0x7C,0x48,0x19,0xFE,0x11,0x22,
    0x59,0x32,0x5D,0xFE,0x51,0x26,0x51,0x26,0x5D,0x2E,0x79,0x20,0x40,0x20,0x00,0x00,0x00,0x00,0x00,0x20,0x00,0x70,0x7B,0xFE,
    0x48,0x88,0x48,0x98,0x4B,0xFE,0x4A,0x22,0x48,0x20,0x4B,0xFE,0x7B,0x26,0x4B,0x26,0x43,0x26,0x03,0x2C,0x00,0x20,0x00,0x20,
    0x00,0x40,0x18,0x40,0x10,0x40,0x37,0xFE,0x30,0xF0,0x30,0xF0,0x71,0xD0,0x51,0x58,0x13,0x4C,0x16,0x46,0x1D,0xF2,0x10,0x60,
    0x10,0x40,0x10,0x40,0x00,0x00,0x00,0x00,0x08,0x20,0x08,0x30,0x3E,0xFC,0x08,0x20,0x7E,0xFE,0x1C,0x70,0x36,0xCC,0x60,0x86,
    0x0F,0xF0,0x08,0x10,0x0F,0xF0,0x08,0x10,0x08,0x10,0x0F,0xF0,0x00,0x00,0x00,0x00,0x00,0x60,0x03,0xFC,0x58,0x60,0x4F,0xFE,
    0x4B,0xF8,0x49,0x6C,0x49,0xFC,0x49,0xFC,0x48,0x00,0x7B,0xFC,0x48,0x64,0x42,0x7C,0x03,0xE0,0x04,0x7E,0x00,0x00,0x00,0x00,
    0x10,0x00,0x11,0xFC,0x11,0x04,0x5D,0xFC,0x55,0x04,0x51,0xFC,0x50,0x80,0x11,0xFE,0x13,0x4A,0x10,0xD2,0x11,0x92,0x13,0x22,
    0x10,0x46,0x11,0x9C,0x00,0x00,0x00,0x00,0x00,0x00,0x01,0x18,0x21,0x90,0x31,0xB0,0x17,0xFC,0x00,0x64,0x63,0xFC,0x37,0xFC,
    0x06,0x60,0x17,0xFE,0x10,0xE2,0x31,0xE2,0x23,0x66,0x66,0x6C,0x0C,0x60,0x00,0x00,0x00,0x00,0x13,0x04,0x12,0x04,0x06,0x24,
    0x3F,0xA4,0x05,0xA4,0x3F,0xA4,0x2C,0x24,0x24,0x24,0x3F,0xA4,0x1C,0xA4,0x1C,0xA4,0x34,0x84,0x25,0x84,0x44,0x0C,0x04,0x08,
    0x00,0x00,0x3F,0xFC,0x20,0x04,0x3F,0xFC,0x30,0x00,0x24,0x88,0x24,0x88,0x3F,0xFE,0x24,0xD8,0x24,0x88,0x24,0xF8,0x64,0x00,
    0x64,0x00,0x47,0xFE,0x00,0x00,0x00,0x00,0x00,0x00,0x1F,0xF8,0x01,0x80,0x01,0x80,0x01,0x80,0x3F,0xFE,0x3F,0xFC,0x01,0x80,
    0x03,0xC0,0x02,0x40,0x06,0x20,0x0C,0x30,0x38,0x0C,0x60,0x06,0x00,0x00,0x00,0x00,0x03,0xFC,0x30,0xC0,0x10,0xC0,0x07,0xFE,
    0x00,0xB0,0x61,0x90,0x33,0x08,0x06,0xC6,0x0C,0xC0,0x12,0xEC,0x32,0xF4,0x24,0xD6,0x64,0xD2,0x41,0xC0,0x00,0x00,0x00,0x00,
    0x00,0x00,0x00,0x60,0x13,0xFC,0x10,0x40,0x11,0xF8,0x79,0x0C,0x11,0xFC,0x11,0x0C,0x11,0xFC,0x11,0xFC,0x11,0x0C,0x3F,0xFE,
    0x60,0x08,0x01,0x0C,0x06,0x06,0x00,0x00,0x00,0x00,0x3F,0xFC,0x21,0x84,0x21,0x84,0x21,0x84,0x21,0x84,0x3F,0xFC,0x3F,0xFC,
    0x21,0x84,0x21,0x84,0x21,0x84,0x21,0x84,0x3F,0xFC,0x20,0x04,0x20,0x00,0x00,0x00,0x00,0x04,0x7E,0xC4,0x18,0xC4,0x18,0xFE,
    0x18,0xCC,0x7E,0xC4,0x18,0xC4,0x18,0xCC,0x7E,0xFC,0x62,0xC4,0x62,0xC4,0x62,0xC4,0x7E,0xFC,0x62,0xCC,0x00,0x00,0x00,0x00,
    0x10,0x0C,0x11,0xFC,0x10,0x20,0x14,0x20,0x55,0xFE,0x54,0x30,0x50,0x20,0x50,0x20,0x11,0xFC,0x11,0x04,0x11,0x04,0x11,0x04,
    0x11,0xFC,0x11,0x04,0x00,0x00,0x00,0x00,0x0C,0x00,0x79,0xFC,0x10,0x20,0x10,0x60,0x13,0xFE,0x7C,0xD0,0x10,0x8C,0x13,0x66,
    0x7C,0x60,0x45,0x74,0x45,0x7E,0x45,0x6A,0x7D,0x6A,0x44,0xC0,0x00,0x00,0x00,0x00,0x00,0x50,0x3C,0x50,0x25,0xFC,0x25,0x54,
    0x25,0x54,0x3D,0xFC,0x25,0x54,0x25,0x54,0x2D,0x54,0x3F,0xFE,0x24,0x00,0x64,0x88,0x45,0x84,0x5F,0x02,0x00,0x00,0x00,0x00,
    0x10,0x90,0x10,0x90,0x10,0x96,0x7A,0x94,0x32,0x9C,0x12,0x90,0x10,0x90,0x38,0x98,0x73,0x9C,0x12,0x90,0x10,0x90,0x11,0x92,
    0x13,0x12,0x36,0x1C,0x00,0x00,0x00,0x00,0x00,0x00,0x04,0x00,0x0F,0xF8,0x0C,0x30,0x16,0x20,0x33,0x40,0x01,0xC0,0x06,0x78,
    0x79,0x8E,0x21,0x80,0x3F,0xFC,0x01,0x80,0x0D,0xB0,0x31,0x8C,0x23,0x84,0x00,0x00,0x00,0x00,0x23,0xFC,0x10,0x84,0x10,0x84,
    0x01,0x84,0x03,0x1C,0x74,0x10,0x13,0xFC,0x13,0x04,0x13,0x04,0x13,0x0C,0x13,0xFC,0x3C,0x00,0x63,0xFE,0x00,0x00,0x00,0x00,
    0x00,0x00,0x00,0x90,0x78,0x90,0x48,0x94,0x4A,0x94,0x7A,0x9C,0x4A,0x90,0x48,0x90,0x79,0x98,0x7B,0x9C,0x48,0x94,0x49,0x90,
    0x79,0x10,0x43,0x12,0x06,0x1E,0x04,0x00,0x00,0x00,0x00,0x50,0x7C,0x50,0x64,0x56,0x65,0x54,0x65,0x5C,0x3D,0x58,0x08,0x50,
    0x68,0xD8,0x6D,0xDC,0x6B,0x54,0x68,0x90,0x6C,0x90,0x79,0x92,0x63,0x1E,0x00,0x00,0x00,0x00,0x00,0x30,0x7E,0x30,0x62,0x30,
    0x6A,0x3E,0x6A,0x30,0x6A,0x30,0x6A,0x30,0x6A,0xFE,0x72,0x86,0x72,0x86,0x10,0x86,0x34,0x86,0x26,0xFE,0x60,0x86,0x00,0x80,
    0x10,0x20,0x10,0xA0,0x3C,0xA0,0x3D,0xFC,0x41,0x20,0x7D,0x20,0x10,0x20,0x11,0xFE,0x7C,0x30,0x10,0x70,0x10,0x58,0x14,0xC8,
    0x19,0x86,0x13,0x02,0x00,0x00,0x00,0x00,0x08,0x20,0x18,0x20,0x18,0x30,0x7E,0x3E,0x5A,0x20,0x5A,0x20,0x5A,0x20,0x5A,0xFE,
    0x5A,0x86,0x5A,0x86,0x5E,0x86,0x58,0x86,0x18,0xFE,0x18,0x86,0x00,0x00,0x00,0x00,0x00,0x00,0x3F,0xFE,0x30,0x00,0x30,0x00,
    0x30,0x00,0x3F,0xFE,0x30,0x40,0x30,0x40,0x30,0x40,0x30,0x40,0x20,0x40,0x20,0x40,0x60,0x40,0x41,0xC0,0x00,0x00,0x00,0x00,
    0x00,0x04,0x7C,0xFC,0x64,0x80,0x64,0x80,0x64,0x80,0x64,0xFE,0x64,0x98,0x64,0x88,0x65,0x88,0x7D,0x88,0x65,0x08,0x03,0x08,
    0x02,0x08,0x06,0x08,0x00,0x00,0x00,0x00,0x10,0x00,0x19,0xF8,0x18,0x18,0x1A,0x30,0x5C,0x78,0x58,0xCC,0x5B,0x86,0x50,0x00,
    0x11,0xFC,0x18,0x20,0x14,0x20,0x32,0x20,0x20,0x20,0x61,0xFE,0x00,0x00,0x00,0x00,0x20,0x00,0x33,0xFE,0x18,0x30,0x00,0x30,
    0x40,0x30,0x70,0x30,0x10,0x30,0x00,0x30,0x04,0x30,0x0C,0x30,0x18,0x30,0x10,0x30,0x30,0x30,0x60,0xE0,0x00,0x40,0x00,0x00,
    0x00,0x00,0x3D,0xFC,0x08,0x20,0x08,0x20,0x10,0x20,0x31,0xFC,0x3C,0x60,0x0C,0x20,0x28,0x20,0x28,0x20,0x1B,0xFE,0x18,0x00,
    0x27,0x00,0x61,0xFE,0x00,0x00,0x00,0x00,0x00,0x00,0x18,0x60,0x17,0xFE,0x10,0x00,0x33,0xF8,0x33,0x08,0x73,0xF8,0x50,0x00,
    0x17,0xFE,0x14,0x02,0x11,0xFC,0x10,0x60,0x10,0x20,0x10,0x20,0x10,0xE0,0x00,0x00,0x00,0x00,0x01,0x00,0x3F,0xFC,0x00,0x00,
    0x0F,0xF0,0x08,0x10,0x08,0x30,0x0F,0xF0,0x7F,0xFC,0x60,0x06,0x40,0x02,0x0F,0xF8,0x01,0x80,0x01,0x80,0x03,0x00,0x02,0x00,
    0x00,0x00,0x00,0x80,0x00,0xC0,0x3F,0xFE,0x30,0x04,0x3F,0x7C,0x32,0x10,0x32,0x10,0x36,0x7C,0x37,0x10,0x21,0x10,0x2A,0xFE,
    0x26,0x7C,0x67,0x00,0x4D,0xFE,0x00,0x00,0x30,0x00,0x37,0x7C,0x31,0x18,0x79,0x18,0x32,0x18,0x32,0x3C,0x33,0xBC,0x39,0x18,
    0x71,0x18,0x35,0x18,0x37,0x7E,0x33,0x00,0x37,0x80,0x74,0x7E,0x00,0x00,0x00,0x00,0x00,0x00,0x10,0x00,0x10,0x3E,0x3D,0x88,
    0x24,0x88,0x34,0x88,0x35,0x88,0x25,0xDE,0x7C,0x48,0x24,0x48,0x36,0x88,0x35,0xBE,0x45,0x80,0x45,0xC0,0x4D,0x3E,0x00,0x00,
    0x03,0xFC,0x20,0x18,0x30,0xB0,0x00,0x60,0x07,0xFC,0x64,0x44,0x77,0xFC,0x36,0x44,0x36,0x64,0x37,0xFC,0x34,0x44,0x34,0x4C,
    0x3C,0x00,0x47,0xFE,0x00,0x00,0x00,0x00,0x10,0x00,0x11,0xFE,0x11,0x02,0x7D,0x02,0x39,0x7A,0x31,0x02,0x31,0x72,0x3D,0x5A,
    0x55,0x5A,0x51,0x5A,0x11,0x7A,0x11,0x02,0x11,0x06,0x11,0x06,0x00,0x00,0x00,0x00,0x7E,0xFE,0x18,0x82,0x18,0x82,0x7E,0xBA,
    0x7E,0x82,0x5A,0x82,0x5A,0xBA,0x7A,0xAA,0x66,0xAA,0x42,0xAA,0x7E,0xBA,0x42,0x82,0x7E,0x82,0x42,0x86,0x00,0x80,0x00,0x00,
    0x00,0x00,0x00,0x20,0x7B,0xFE,0x48,0x08,0x48,0xD8,0x5B,0xFE,0x79,0xFC,0x49,0x64,0x49,0xFC,0x79,0x24,0x49,0xFC,0x48,0x20,
    0x79,0xFC,0x48,0x20,0x43,0xFE,0x00,0x00,0x00,0x00,0x3F,0xFC,0x20,0x04,0x20,0x04,0x2F,0xF4,0x20,0x04,0x20,0x04,0x27,0xE4,
    0x24,0x24,0x24,0x24,0x27,0xE4,0x20,0x04,0x20,0x04,0x60,0x0C,0x00,0x00,0x00,0x00,0x00,0x00,0x10,0x00,0x11,0xFE,0x39,0x06,
    0x21,0x06,0x41,0x76,0x79,0x06,0x11,0x76,0x11,0x56,0x7D,0x56,0x11,0x56,0x11,0x76,0x11,0x06,0x19,0x06,0x11,0x0C,0x01,0x00,
    0x00,0x00,0x3F,0x0C,0x23,0x18,0x2B,0x30,0x2B,0x60,0x2B,0x44,0x23,0x0C,0x7F,0x98,0x23,0x30,0x23,0x60,0x23,0x06,0x23,0x08,
    0x63,0x30,0x46,0x60,0x00,0x00,0x00,0x00,0x00,0x00,0x01,0x80,0x3F,0xFC,0x04,0x30,0x04,0x20,0x7F,0xFE,0x1F,0xF8,0x11,0x8C,
    0x1F,0xFC,0x11,0x8C,0x1F,0xFC,0x01,0x80,0x3F,0xFC,0x01,0x80,0x7F,0xFE,0x00,0x00,0x10,0x00,0x13,0xFC,0x10,0x08,0x7C,0x70,
    0x31,0xFE,0x33,0x26,0x3B,0x22,0x3F,0xFE,0x73,0x22,0x53,0x26,0x13,0xFE,0x13,0x22,0x13,0x26,0x13,0x2C,0x00,0x00,0x00,0x00,
    0x00,0x00,0x10,0x00,0x13,0xFE,0x10,0x0C,0x78,0x70,0x11,0xFE,0x13,0x26,0x1B,0x22,0x3B,0xFE,0x73,0x22,0x13,0x22,0x13,0xFE,
    0x13,0x22,0x13,0x22,0x33,0x2E,0x00,0x00,0x00,0x00,0x18,0x20,0x1F,0x7E,0x3C,0x58,0x64,0xC8,0x00,0x00,0x3F,0xFC,0x30,0x04,
    0x37,0xF4,0x30,0x04,0x33,0xE4,0x32,0x24,0x33,0xE4,0x30,0x04,0x30,0x1C,0x00,0x00,0x00,0x00,0x00,0x60,0x10,0x20,0x33,0xFE,
    0x24,0x40,0x6C,0x40,0x78,0x88,0x11,0x8C,0x11,0xFE,0x34,0xD0,0x78,0xD0,0x00,0x90,0x0C,0x90,0x79,0x92,0x03,0x1E,0x02,0x00,
    0x00,0x00,0x00,0x40,0x0F,0xFE,0x0F,0xFE,0x4B,0xF8,0x6B,0xF8,0x28,0xD0,0x08,0x70,0x1B,0xFC,0x3A,0x64,0x5B,0xFC,0x12,0x24,
    0x13,0xFC,0x32,0x24,0x22,0x2C,0x00,0x00,0x00,0x00,0x18,0x40,0x18,0xE0,0x11,0xB0,0x33,0x1C,0x37,0xF6,0x7C,0x00,0x73,0xD4,
    0x32,0x54,0x33,0xD4,0x32,0x54,0x33,0xD4,0x32,0xD4,0x32,0x44,0x32,0xCC,0x00,0x00,0x10,0x00,0x10,0xF8,0x10,0x98,0x7C,0x98,
    0x7D,0x9E,0x11,0x00,0x11,0x00,0x1D,0xF8,0x70,0x88,0x10,0x98,0x10,0x50,0x10,0x60,0x10,0xF8,0x73,0x8E,0x00,0x00,0x00,0x00,
    0x00,0x40,0x08,0x40,0x06,0x40,0x02,0x40,0x30,0x40,0x18,0x40,0x08,0x40,0x00,0xC0,0x7F,0xFE,0x00,0x80,0x01,0xA0,0x03,0x30,
    0x0E,0x0C,0x38,0x06,0x20,0x00,0x00,0x00,0x00,0x08,0x23,0xF0,0x30,0x40,0x07,0xFC,0x00,0xF0,0x73,0x58,0x36,0x46,0x33,0xF0,
    0x30,0x90,0x31,0x9C,0x31,0x0C,0x32,0x18,0x3E,0x00,0x43,0xFE,0x00,0x00,0x00,0x00,0x07,0xE0,0x07,0xE0,0x04,0x20,0x04,0x20,
    0x04,0x20,0x3C,0x3C,0x60,0x06,0x60,0x06,0x60,0x06,0x60,0x06,0x60,0x06,0x60,0x06,0x7F,0xFE,0x60,0x06,0x00,0x00,0x00,0x00,
    0x00,0x00,0x00,0xF8,0x1F,0x80,0x01,0x80,0x7F,0xFE,0x07,0xC0,0x05,0xE0,0x0D,0xB0,0x31,0x0E,0x67,0xC0,0x06,0x60,0x04,0x60,
    0x04,0x60,0x0C,0x66,0x38,0x3C,0x20,0x00,0x00,0x00,0x01,0x00,0x01,0x80,0x7F,0xFE,0x40,0x02,0x0C,0x38,0x39,0x0C,0x21,0x30,
    0x01,0x10,0x7F,0xFE,0x03,0x80,0x02,0x40,0x06,0x60,0x1C,0x38,0x70,0x0E,0x00,0x00,0x00,0x00,0x3F,0xFC,0x23,0x04,0x23,0xE4,
    0x26,0x64,0x2F,0x44,0x21,0x84,0x26,0x74,0x29,0x94,0x20,0xC4,0x23,0x04,0x20,0xC4,0x20,0x04,0x3F,0xFC,0x20,0x00,0x00,0x00,
    0x08,0x20,0x18,0x20,0x33,0xFC,0x60,0x60,0x48,0x20,0x1B,0xFE,0x30,0x20,0x30,0x20,0x73,0x20,0x13,0x3C,0x13,0x20,0x13,0xE0,
    0x16,0x60,0x14,0x3E,0x00,0x00,0x00,0x00,0x00,0x00,0x00,0xC0,0x20,0xE0,0x31,0x30,0x12,0x0C,0x07,0xFE,0x00,0x40,0x70,0x40,
    0x37,0xFC,0x30,0x40,0x32,0x48,0x36,0x4C,0x34,0xC4,0x38,0x00,0x47,0xFE,0x00,0x00,0x00,0x00,0x00,0x40,0x20,0xE0,0x18,0xA0,
    0x01,0x10,0x03,0x1C,0x67,0xFE,0x34,0x40,0x00,0x40,0x07,0xFC,0x10,0x40,0x32,0x48,0x22,0x48,0x24,0x44,0x6C,0xC0,0x00,0x00,
    0x00,0x00,0x3F,0xFC,0x30,0x04,0x3F,0xFC,0x20,0x80,0x27,0xFC,0x20,0x98,0x2F,0xFE,0x20,0xC0,0x23,0xFC,0x2E,0x04,0x2B,0xFC,
    0x62,0x04,0x43,0xFC,0x02,0x00,0x00,0x00,0x00,0x00,0x00,0x00,0x01,0x80,0x01,0x80,0x01,0x80,0x01,0x80,0x3F,0xFC,0x01,0x80,
    0x01,0x80,0x01,0x80,0x01,0x80,0x01,0x80,0x01,0x80,0x7F,0xFE,0x7F,0xFE,0x00,0x00,0x00,0x00,0x00,0x20,0x00,0x20,0x7C,0x20,
    0x6C,0x20,0x44,0x20,0x45,0xFC,0x44,0x20,0x44,0x20,0x44,0x20,0x6C,0x20,0x7C,0x20,0x44,0x20,0x40,0x30,0x03,0xFE,0x00,0x00,
    0x00,0x00,0x04,0x00,0x0C,0x00,0x1F,0xE0,0x10,0x60,0x3F,0xF8,0x7F,0xFC,0x11,0x8C,0x19,0x8C,0x1F,0xF8,0x01,0xC0,0x02,0xD0,
    0x06,0xC8,0x1C,0xC2,0x70,0x7E,0x00,0x00,0x00,0x00,0x00,0x40,0x32,0x44,0x1A,0x44,0x03,0xFC,0x00,0x00,0x67,0xFE,0x30,0x40,
    0x00,0x40,0x07,0xFE,0x34,0xB6,0x24,0xB6,0x24,0xB6,0x64,0xB6,0x44,0x8E,0x00,0x00,0x3F,0xFC,0x3F,0xFC,0x20,0x44,0x20,0x44,
    0x2F,0xF4,0x21,0xC4,0x21,0xC4,0x23,0x44,0x26,0x44,0x2C,0x44,0x29,0xC4,0x20,0x04,0x3F,0xFC,0x20,0x04,0x00,0x00,0x00,0x00,
    0x00,0x00,0x10,0x90,0x10,0x90,0x11,0x80,0x79,0xFE,0x7B,0x10,0x17,0x10,0x11,0xFC,0x1D,0x10,0x71,0x10,0x51,0xFE,0x11,0x10,
    0x11,0x10,0x11,0xFE,0x71,0x00,0x00,0x00,0x00,0x00,0x7E,0xFE,0x08,0x30,0x18,0x20,0x7E,0xFC,0x1A,0xC4,0x2B,0xD4,0x48,0xD4,
    0x3C,0xD4,0x24,0xD4,0x24,0xF4,0x27,0x20,0x26,0x6C,0x60,0xC6,0x00,0x80,0x00,0x00,0x00,0x00,0x3D,0x3C,0x25,0x24,0x25,0x3C,
    0x3C,0x24,0x3C,0x24,0x27,0x3C,0x25,0x20,0x3D,0x3C,0x25,0x2C,0x25,0x36,0x65,0x62,0x45,0x80,0x4F,0x7E,0x00,0x00,0x00,0x00,
    0x00,0x00,0x10,0x88,0x10,0x48,0x10,0x58,0x7C,0xFC,0x54,0x84,0x54,0x84,0x54,0x84,0x7C,0xFC,0x5C,0x50,0x10,0x50,0x12,0x50,
    0x1F,0xD0,0x70,0x92,0x01,0x1E,0x00,0x00,0x00,0x00,0x10,0x3C,0x09,0x24,0x01,0x24,0x00,0x3C,0x38,0x24,0x1B,0x24,0x11,0x3C,
    0x3D,0x22,0x59,0x2C,0x55,0x2C,0x11,0x76,0x11,0x00,0x11,0x80,0x12,0x3E,0x10,0x00,0x23,0xF8,0x32,0x0C,0x12,0x0C,0x03,0xFC,
    0x02,0x0C,0x03,0xFC,0x72,0x00,0x12,0x4C,0x12,0x78,0x12,0x38,0x13,0xCC,0x13,0x04,0x3E,0x00,0x47,0xFE,0x00,0x00,0x00,0x00,
    0x00,0x00,0x1F,0xF8,0x01,0x00,0x01,0x00,0x7F,0xFE,0x02,0x60,0x06,0x20,0x0C,0x18,0x3F,0xFE,0x68,0x10,0x08,0x10,0x08,0x10,
    0x0F,0xF0,0x08,0x10,0x08,0x00,0x00,0x00,0x01,0x00,0x01,0x00,0x7F,0xFE,0x03,0x80,0x01,0x00,0x31,0x08,0x31,0x08,0x31,0x08,
    0x3F,0xF8,0x01,0x08,0x01,0x00,0x01,0x02,0x01,0x06,0x01,0xFE,0x00,0x00,0x00,0x00,0x00,0x00,0x3F,0xBC,0x3F,0xA4,0x25,0x42,
    0x2F,0x3C,0x2D,0x24,0x4F,0x98,0x59,0x7C,0x10,0x62,0x1F,0xF8,0x1F,0xF8,0x10,0x08,0x1F,0xF8,0x10,0x08,0x10,0x10,0x00,0x00,
    0x00,0x00,0x10,0x80,0x11,0x80,0x11,0xFE,0x7D,0x00,0x12,0x20,0x12,0x20,0x11,0x3C,0x39,0xF4,0x77,0x24,0x11,0x2C,0x11,0x28,
    0x11,0x20,0x11,0x02,0x71,0xFE,0x00,0x00,0x10,0x00,0x18,0x3C,0x19,0xE0,0x18,0x60,0x7E,0x60,0x18,0x60,0x18,0x7E,0x1F,0xF0,
    0x38,0x60,0x78,0x60,0x18,0x60,0x18,0x62,0x18,0x62,0x30,0x3E,0x00,0x00,0x00,0x00,0x00,0x00,0x00,0x88,0x3C,0x88,0x24,0xD8,
    0x24,0xFC,0x25,0x84,0x3D,0x04,0x25,0x04,0x25,0xFC,0x3C,0x50,0x24,0x50,0x24,0x50,0x64,0x90,0x44,0x92,0x4D,0x1E,0x00,0x00,
    0x00,0x00,0x10,0x20,0x10,0x30,0x7E,0xFE,0x42,0x82,0x5A,0x82,0x42,0x40,0x4C,0x40,0x40,0x58,0x7F,0x70,0x01,0x40,0x03,0x40,
    0x7B,0x40,0x03,0x66,0x06,0x3C,0x04,0x00,0x00,0x00,0x00,0x20,0x7C,0x20,0x6D,0xFE,0x6B,0x02,0x6B,0x02,0x68,0xC0,0x68,0xC0,
    0x64,0xDC,0x64,0xF0,0x64,0xC0,0x6C,0xC0,0x68,0xC2,0x60,0xC2,0x60,0x7E,0x00,0x00,0x00,0x20,0x7C,0x20,0x04,0x20,0x04,0x20,
    0x25,0xFE,0x24,0x30,0x24,0x30,0x3E,0x30,0x3E,0x30,0x02,0x58,0x7A,0x48,0x42,0xCC,0x06,0x86,0x1D,0x02,0x00,0x00,0x00,0x00,
    0x00,0x00,0x00,0x20,0x7C,0x20,0x05,0xFE,0x25,0x02,0x25,0x02,0x24,0x40,0x24,0x40,0x2C,0x5C,0x3E,0x70,0x02,0x40,0x1A,0x40,
    0x72,0x42,0x02,0x42,0x0E,0x7E,0x08,0x00,0x00,0x08,0x13,0x88,0x16,0x98,0x7E,0xBE,0x36,0x90,0x37,0x30,0x3F,0x7E,0x3E,0xA2,
    0x76,0xBE,0x56,0xA2,0x16,0xB6,0x17,0x3E,0x16,0x22,0x16,0x26,0x00,0x00,0x00,0x00,0x00,0x00,0x00,0x3C,0x3F,0xC0,0x00,0x00,
    0x19,0x8C,0x08,0x98,0x08,0x10,0x03,0x00,0x7F,0xFE,0x7F,0xFE,0x0C,0x20,0x0E,0x60,0x01,0xC0,0x07,0xF8,0x7C,0x0C,0x00,0x00,
    0x00,0x00,0x10,0x00,0x13,0xFE,0x10,0x60,0x10,0x40,0x7C,0x40,0x10,0xC0,0x10,0xFE,0x1D,0x86,0x71,0x86,0x53,0x86,0x16,0x86,
    0x10,0xC6,0x10,0xFE,0x70,0x86,0x00,0x00,0x00,0x00,0x00,0x1C,0x73,0xE0,0x58,0x20,0x4B,0xFE,0x49,0x6C,0x49,0x2C,0x49,0x2C,
    0x4B,0xFE,0x49,0x2C,0x79,0x2C,0x4F,0xFE,0x40,0x20,0x40,0x20,0x03,0xFE,0x00,0x00,0x00,0x00,0x10,0x20,0x10,0x70,0x13,0xFE,
    0x7A,0x02,0x30,0x98,0x11,0x8C,0x11,0x00,0x39,0xF8,0x70,0x18,0x10,0x30,0x10,0x60,0x10,0x80,0x11,0x82,0x71,0xFE,0x00,0x00,
    0x00,0x00,0x00,0x20,0x00,0x20,0x79,0xFC,0x48,0x60,0x48,0x20,0x48,0x60,0x4B,0xFE,0x48,0x20,0x48,0x20,0x79,0xFC,0x48,0x20,
    0x40,0x20,0x40,0x60,0x03,0xFE,0x00,0x00,0x00,0x00,0x10,0x30,0x10,0x30,0x18,0xFE,0x7C,0x30,0x54,0x30,0x57,0xFE,0x57,0xFE,
    0x7C,0x30,0x54,0x30,0x50,0xFE,0x16,0x30,0x1E,0x30,0x72,0x30,0x41,0xFE,0x00,0x00,0x00,0x20,0x30,0x60,0x1B,0xFC,0x00,0x60,
    0x00,0x60,0x70,0x60,0x17,0xFE,0x00,0x60,0x00,0x60,0x13,0xFC,0x30,0x60,0x20,0x60,0x60,0x60,0x67,0xFE,0x00,0x00,0x00,0x00,
    0x10,0x20,0x10,0x20,0x11,0xFC,0x30,0x20,0x7C,0x20,0x25,0xFE,0x25,0xFE,0x68,0x20,0x68,0x20,0x39,0xFC,0x1C,0x20,0x14,0x20,
    0x20,0x20,0x63,0xFE,0x00,0x00,0x00,0x00,0x00,0x00,0x7F,0xFC,0x0C,0x00,0x0C,0x00,0x0C,0x00,0x0F,0xF0,0x08,0x20,0x08,0x20,
    0x0B,0x20,0x09,0xA0,0x18,0x20,0x19,0x22,0x1F,0x22,0x10,0x3E,0x00,0x00,0x00,0x00,0x00,0x00,0x18,0x20,0x08,0x20,0x00,0x20,
    0x3D,0xFE,0x3C,0x20,0x08,0x20,0x19,0xFC,0x3C,0x70,0x7C,0x70,0x56,0xF8,0x10,0xA8,0x11,0x26,0x12,0x22,0x10,0x20,0x00,0x20,
    0x00,0x00,0x00,0x00,0x7F,0xFC,0x01,0x00,0x07,0x20,0x0D,0x38,0x71,0x0E,0x41,0x00,0x3F,0xFC,0x01,0x80,0x01,0x80,0x09,0xF8,
    0x09,0x80,0x09,0x80,0x7F,0xFE,0x00,0x00,0x00,0x40,0x08,0x60,0x18,0x60,0x1F,0x60,0x31,0x60,0x23,0x78,0x62,0x6C,0x5A,0x64,
    0x0E,0x66,0x04,0x60,0x08,0x60,0x18,0x60,0x70,0x60,0x40,0x60,0x00,0x00,0x00,0x00,0x00,0x00,0x00,0x20,0x7C,0x30,0x01,0x06,
    0x01,0x02,0x7D,0x00,0x45,0xFC,0x6D,0x54,0x3A,0x54,0x08,0x54,0x28,0xDC,0x28,0x90,0x0C,0x90,0x79,0x12,0x03,0x1E,0x00,0x00,
    0x01,0x80,0x7F,0xFE,0x06,0x60,0x12,0x48,0x32,0x4C,0x62,0x46,0x00,0x00,0x1F,0xF8,0x1F,0xF8,0x1F,0xF0,0x10,0x00,0x1F,0xFC,
    0x00,0x08,0x00,0x78,0x00,0x00,0x00,0x00,0x00,0x00,0x00,0x40,0x60,0xE0,0x37,0xFE,0x00,0xB0,0x04,0xB6,0x68,0x82,0x33,0xF8,
    0x00,0x08,0x03,0xF8,0x12,0x00,0x13,0xF8,0x23,0xFC,0x20,0x04,0x60,0x38,0x00,0x30,0x00,0x00,0x7D,0xFC,0x10,0x00,0x10,0x00,
    0x10,0x00,0x13,0xFE,0x78,0x90,0x10,0x90,0x10,0x90,0x10,0x90,0x1D,0x90,0x71,0x12,0x43,0x12,0x06,0x1E,0x00,0x00,0x00,0x00,
    0x00,0x00,0x7D,0xFE,0x00,0x20,0x00,0x20,0x7E,0xFC,0x2C,0x84,0x24,0xB4,0x24,0xB4,0x24,0xA4,0x24,0xA4,0x27,0xA4,0x6C,0x68,
    0x40,0x4C,0x01,0x86,0x01,0x00,0x00,0x00,0x02,0x00,0x02,0x00,0x02,0x00,0x03,0x00,0x3F,0xF0,0x02,0x30,0x02,0x30,0x0E,0x30,
    0x06,0x30,0x07,0xA0,0x0C,0x20,0x08,0x22,0x18,0x36,0x70,0x3E,0x00,0x00,0x00,0x00,0x00,0x00,0x10,0x20,0x10,0x20,0x11,0xFE,
    0x17,0x02,0x58,0x00,0x50,0xFC,0x50,0x00,0x11,0xFE,0x10,0xD8,0x1C,0xD0,0x36,0x90,0x20,0x90,0x21,0x92,0x63,0x1E,0x02,0x00,
    0x00,0x00,0x01,0x00,0x01,0x80,0x7F,0xFE,0x60,0x06,0x40,0x02,0x0F,0xF0,0x00,0x00,0x7F,0xFE,0x06,0xE0,0x04,0x40,0x04,0x40,
    0x0C,0x40,0x18,0x46,0x70,0x7C,0x00,0x00,0x00,0x00,0x00,0x20,0x7C,0x30,0x11,0xFE,0x11,0x02,0x10,0x80,0x39,0xDC,0x7D,0xD4,
    0x6F,0x54,0x2C,0x54,0x2D,0xD4,0x2C,0xD0,0x3C,0x90,0x21,0x12,0x23,0x1E,0x00,0x00,0x00,0x00,0x10,0x80,0x10,0x80,0x11,0xF8,
    0x7B,0x10,0x32,0x30,0x13,0xFC,0x13,0x24,0x3B,0x64,0x71,0xFC,0x10,0x70,0x10,0xD0,0x11,0x90,0x13,0x12,0x76,0x1E,0x00,0x00,
    0x00,0x00,0x00,0xC0,0x38,0x80,0x69,0xF8,0x4E,0x10,0x4A,0x30,0x4B,0xFC,0x7B,0x24,0x4B,0x64,0x49,0xFC,0x48,0x50,0x78,0xD0,
    0x68,0x90,0x41,0x12,0x06,0x1E,0x00,0x00,0x00,0x00,0x10,0x60,0x30,0x20,0x7B,0xFE,0x7A,0x06,0x48,0x00,0x49,0xF8,0x48,0x00,
    0x7B,0xFC,0x48,0xF0,0x48,0x90,0x48,0x90,0x78,0x90,0x41,0x92,0x43,0x1E,0x00,0x00,0x00,0x00,0x10,0x60,0x10,0x60,0x13,0xFE,
    0x1E,0x02,0x7D,0x00,0x53,0x9C,0x53,0xD4,0x12,0x54,0x14,0xD4,0x11,0x9C,0x10,0x90,0x11,0x10,0x13,0x12,0x16,0x1E,0x00,0x00,
    0x00,0x00,0x01,0x00,0x01,0x80,0x3F,0xFE,0x60,0x06,0x08,0x02,0x08,0x78,0x1F,0x48,0x12,0x48,0x22,0x48,0x6E,0x58,0x04,0x40,
    0x0C,0x40,0x18,0x46,0x30,0x7C,0x00,0x00,0x00,0x00,0x00,0x60,0x30,0x60,0x23,0xFE,0x22,0x02,0x79,0x00,0x29,0x1C,0x2B,0xD4,
    0x2A,0x54,0x4A,0x54,0x79,0xDC,0x18,0x90,0x1C,0x90,0x21,0x12,0x63,0x1E,0x00,0x00,0x00,0x00,0x3F,0xFE,0x06,0x00,0x02,0x00,
    0x02,0x00,0x07,0xF8,0x06,0x18,0x04,0x18,0x04,0x18,0x0C,0x18,0x08,0x18,0x18,0x10,0x30,0x10,0x60,0x70,0x00,0x00,0x00,0x00,
    0x00,0x00,0x00,0x20,0x3C,0x30,0x27,0xFE,0x27,0x02,0x2C,0x00,0x3D,0x9C,0x25,0xD4,0x27,0x54,0x3E,0x54,0x3C,0xD4,0x24,0xD4,
    0x64,0x90,0x45,0x92,0x5B,0x1E,0x00,0x00,0x20,0x00,0x33,0xFC,0x1B,0xFC,0x00,0x60,0x40,0x60,0x70,0x60,0x10,0x60,0x03,0xFC,
    0x00,0x60,0x18,0x60,0x10,0x60,0x30,0x60,0x20,0x60,0x67,0xFE,0x00,0x00,0x00,0x00,0x00,0x00,0x3F,0xFC,0x3F,0xFC,0x01,0x80,
    0x01,0x80,0x01,0x80,0x01,0x80,0x1F,0xF8,0x01,0x80,0x01,0x80,0x01,0x80,0x01,0x80,0x01,0x80,0x7F,0xFE,0x00,0x00,0x00,0x00,
    0x00,0x00,0x01,0x00,0x01,0x80,0x01,0x80,0x7F,0xFE,0x7F,0xFE,0x18,0x00,0x18,0x00,0x18,0x00,0x18,0x00,0x18,0x00,0x18,0x00,
    0x18,0x00,0x1F,0xFC,0x00,0x00,0x00,0x00,0x10,0x00,0x19,0xFE,0x18,0x20,0x18,0x20,0x7C,0x20,0x18,0x20,0x19,0xFC,0x3C,0x20,
    0x3E,0x20,0x58,0x20,0x58,0x20,0x18,0x20,0x1B,0xFE,0x18,0x00,0x00,0x00,0x00,0x00,0x00,0x00,0x7F,0xFE,0x60,0x06,0x61,0x16,
    0x7B,0x16,0x6A,0xD6,0x66,0x76,0x66,0x26,0x66,0x76,0x6F,0x76,0x68,0xDE,0x70,0x86,0x60,0x06,0x60,0x0C,0x00,0x00,0x00,0x00,
    0x00,0x00,0x08,0x40,0x10,0x60,0x30,0x00,0x63,0xFC,0x08,0x60,0x10,0x60,0x30,0x60,0x73,0xFC,0x50,0x60,0x10,0x60,0x10,0x60,
    0x10,0x60,0x10,0x60,0x17,0xFE,0x10,0x00,0x00,0x00,0x00,0x00,0x7D,0xFC,0x6C,0x20,0x44,0x20,0x44,0x20,0x6C,0x20,0x7D,0xFC,
    0x44,0x20,0x44,0x20,0x44,0x20,0x7C,0x20,0x6C,0x20,0x40,0x20,0x03,0xFE,0x00,0x00,0x00,0x00,0x08,0x7C,0x08,0xCC,0x7E,0xFC,
    0x30,0xCC,0x30,0xCC,0x3E,0xFC,0x11,0x84,0x01,0x0C,0x3F,0xFC,0x01,0x80,0x01,0x80,0x1F,0xFC,0x01,0x80,0x7F,0xFE,0x00,0x00,
    0x00,0x00,0x01,0x00,0x01,0x80,0x00,0x00,0x7F,0xFE,0x08,0x00,0x08,0x00,0x08,0x00,0x0F,0xF8,0x00,0x80,0x24,0x88,0x24,0xC4,
    0x24,0x16,0x64,0x10,0x07,0xF0,0x00,0x00,0x01,0x00,0x01,0x80,0x7F,0xFE,0x18,0x00,0x18,0x00,0x1F,0xFC,0x02,0x00,0x02,0x00,
    0x7F,0xFE,0x04,0x20,0x0C,0x60,0x03,0xC0,0x01,0xF0,0x3E,0x0C,0x20,0x00,0x00,0x00,0x00,0x00,0x00,0x68,0x00,0x68,0x1F,0xFC,
    0x3F,0xFC,0x20,0x20,0x2F,0xA4,0x22,0x2C,0x3F,0xA8,0x24,0xB8,0x24,0x98,0x27,0x90,0x23,0xB8,0x6E,0x6E,0x48,0xC6,0x00,0x00,
    0x00,0x00,0x01,0x84,0x31,0x84,0x3F,0xFC,0x0C,0x60,0x38,0xFC,0x7F,0xA4,0x39,0xFC,0x2F,0xA4,0x4B,0xFC,0x18,0x70,0x7E,0x5A,
    0x34,0x5E,0x0E,0x90,0x33,0x1E,0x00,0x00,0x11,0x10,0x31,0x10,0x65,0x50,0x45,0x5E,0x1F,0xF4,0x30,0x24,0x27,0xE4,0x60,0x34,
    0x27,0x94,0x24,0x98,0x24,0x98,0x24,0xD8,0x2C,0x2C,0x20,0xC6,0x00,0x00,0x00,0x00,0x00,0x00,0x06,0x00,0x0C,0x00,0x1F,0xF0,
    0x30,0x20,0x7F,0xFC,0x1F,0xFC,0x10,0x00,0x13,0xF8,0x12,0x18,0x12,0x10,0x32,0x70,0x32,0x00,0x22,0x06,0x63,0xFC,0x00,0x00,
    0x01,0x00,0x01,0x00,0x3F,0xFC,0x3F,0xFC,0x01,0x00,0x1F,0xF8,0x1F,0xF8,0x01,0x00,0x3F,0xFC,0x3F,0xFC,0x01,0x04,0x01,0x04,
    0x01,0x1C,0x01,0x00,0x00,0x00,0x00,0x00,0x00,0x00,0x00,0x40,0x20,0x40,0x37,0xFE,0x00,0x40,0x00,0x40,0x03,0xFC,0x70,0x40,
    0x37,0xFC,0x30,0x46,0x30,0x44,0x30,0x4C,0x30,0x48,0x3C,0x00,0x47,0xFE,0x00,0x00,0x00,0x00,0x10,0xC0,0x10,0xF8,0x11,0x98,
    0x31,0x10,0x79,0xFE,0x33,0x00,0x3B,0x00,0x3F,0x7C,0x73,0x44,0x52,0x4C,0x12,0x5C,0x12,0x42,0x16,0x42,0x14,0x7E,0x00,0x00,
    0x00,0x00,0x3F,0xFC,0x21,0x04,0x2F,0xF4,0x21,0x04,0x27,0xE4,0x21,0x04,0x21,0x84,0x2F,0xF4,0x21,0x14,0x21,0x74,0x21,0x04,
    0x3F,0xFC,0x20,0x04,0x00,0x00,0x00,0x00,0x00,0x00,0x00,0x90,0x39,0x90,0x79,0x90,0x49,0xFC,0x4B,0x10,0x4B,0x30,0x4F,0xFC,
    0x49,0x10,0x49,0x10,0x69,0xFE,0x79,0x10,0x49,0x10,0x41,0xFE,0x01,0x00,0x01,0x00,0x00,0x00,0x10,0x90,0x11,0x90,0x11,0x00,
    0x19,0xFE,0x57,0x10,0x53,0x10,0x57,0xFC,0x11,0x10,0x11,0x10,0x11,0xFE,0x11,0x10,0x11,0x10,0x11,0xFE,0x11,0x00,0x00,0x00,
    0x00,0x00,0x01,0x80,0x19,0x80,0x09,0x00,0x05,0x00,0x01,0x80,0x3F,0xFE,0x01,0x04,0x03,0x04,0x02,0xC4,0x06,0x74,0x0C,0x04,
    0x08,0x04,0x30,0x0C,0x60,0x38,0x00,0x00,0x00,0x00,0x04,0x28,0x64,0x68,0x14,0x7E,0x0D,0x7E,0x0F,0xC8,0x4E,0xC8,0x26,0xFE,
    0x04,0x48,0x0C,0x48,0x2E,0x7E,0x20,0x48,0x23,0x48,0x4C,0x7E,0x40,0x40,0x00,0x40,0x00,0x00,0x10,0x90,0x31,0x90,0x21,0x90,
    0x2D,0xFC,0x4B,0x30,0x7B,0x30,0x15,0xFC,0x31,0x30,0x21,0x30,0x79,0xFC,0x01,0x30,0x01,0x30,0x7D,0xFE,0x41,0x00,0x01,0x00,
    0x04,0x20,0x7F,0xFE,0x0C,0x60,0x04,0x20,0x01,0x80,0x3F,0xFC,0x01,0x80,0x1F,0xF8,0x01,0x80,0x3F,0xFC,0x01,0x84,0x01,0x84,
    0x01,0x9C,0x01,0x80,0x00,0x00,0x00,0x00,0x00,0x00,0x06,0x60,0x7F,0xFE,0x04,0x00,0x1F,0xF0,0x01,0x80,0x7F,0xFE,0x07,0xE0,
    0x1D,0xB8,0x32,0x04,0x7F,0xFE,0x04,0x30,0x0E,0x60,0x01,0xE0,0x3F,0x1C,0x20,0x00,0x00,0x78,0x1F,0xC0,0x00,0x80,0x7F,0xFC,
    0x03,0xE0,0x0C,0xB0,0x38,0x9C,0x22,0x06,0x02,0x00,0x7F,0xFE,0x04,0x20,0x07,0xC0,0x01,0xF0,0x3E,0x1C,0x20,0x00,0x00,0x00,
    0x00,0x60,0x08,0x60,0x18,0x60,0x13,0xFE,0x30,0x60,0x33,0xFC,0x50,0x60,0x10,0x60,0x17,0xFE,0x10,0x66,0x10,0x62,0x10,0x62,
    0x10,0x6E,0x10,0x60,0x00,0x00,0x00,0x00,0x08,0x60,0x1A,0x60,0x11,0x40,0x30,0x40,0x37,0xFE,0x30,0x44,0x70,0x44,0x50,0xC4,
    0x10,0xE4,0x10,0xB4,0x11,0x94,0x11,0x04,0x13,0x0C,0x16,0x1C,0x00,0x00,0x00,0x00,0x1F,0xF8,0x3F,0xFC,0x20,0x0C,0x3F,0xFC,
    0x30,0x00,0x20,0xF8,0x2F,0xC0,0x20,0x88,0x2F,0xF8,0x20,0x80,0x27,0xFC,0x2C,0x80,0x60,0x82,0x40,0xFC,0x00,0x00,0x00,0x00,
    0x10,0x20,0x30,0x20,0x21,0xFC,0x6C,0x60,0x48,0x20,0x79,0xFC,0x10,0x60,0x20,0x20,0x7B,0xFE,0x70,0x66,0x00,0x22,0x0C,0x26,
    0x70,0x24,0x00,0x20,0x00,0x00,0x00,0x00,0x00,0x00,0x01,0x00,0x01,0x00,0x01,0x80,0x3F,0xF8,0x01,0x00,0x01,0x00,0x7F,0xFE,
    0x03,0xC0,0x07,0xC0,0x0D,0x60,0x19,0x30,0x31,0x1C,0x61,0x06,0x01,0x00,0x00,0x00,0x00,0x00,0x04,0x20,0x7F,0xFE,0x04,0x20,
    0x00,0x00,0x3F,0x84,0x20,0x84,0x3F,0xFE,0x20,0x04,0x2F,0x24,0x20,0x24,0x2F,0x04,0x62,0x04,0x52,0x84,0x06,0x1C,0x00,0x00,
    0x00,0x60,0x00,0x60,0x79,0xFC,0x48,0x60,0x48,0x60,0x48,0x60,0x4B,0xFC,0x48,0xE0,0x48,0xF0,0x79,0xF8,0x49,0x68,0x43,0x6E,
    0x06,0x66,0x00,0x60,0x00,0x00,0x00,0x00,0x00,0x00,0x1F,0xF8,0x11,0x88,0x1F,0xF8,0x11,0x88,0x11,0x88,0x1F,0xF8,0x00,0x00,
    0x7F,0xFE,0x19,0x00,0x18,0x90,0x18,0xE0,0x1E,0x70,0x1C,0x1E,0x00,0x00,0x00,0x00,0x00,0x00,0x3F,0xFC,0x21,0x84,0x3F,0xFC,
    0x21,0x84,0x3F,0xFC,0x00,0x00,0x1F,0xF8,0x10,0x08,0x1F,0xF8,0x10,0x08,0x1F,0xF8,0x10,0x08,0x10,0x38,0x00,0x00,0x00,0x00,
    0x00,0x00,0x39,0xFE,0x69,0x26,0x49,0xFE,0x49,0x26,0x49,0x26,0x49,0xFC,0x48,0x00,0x4B,0xFE,0x79,0x24,0x49,0x2C,0x49,0x18,
    0x41,0xD8,0x01,0x86,0x00,0x00,0x00,0x00,0x04,0x20,0x3E,0x60,0x08,0xFC,0x3E,0x94,0x18,0xFC,0x3C,0xA4,0x6A,0xA4,0x00,0xFC,
    0x3C,0x34,0x36,0x54,0x34,0x5E,0x1C,0x90,0x1B,0x92,0x63,0x1E,0x00,0x00,0x00,0x00,0x08,0x40,0x18,0x60,0x10,0x00,0x13,0xFE,
    0x30,0x00,0x30,0x08,0x51,0x18,0x51,0x18,0x11,0x90,0x10,0x90,0x10,0x90,0x10,0x30,0x17,0xFE,0x10,0x00,0x10,0x00,0x00,0x00,
    0x03,0xFC,0x36,0x66,0x16,0x66,0x07,0xFE,0x06,0x66,0x77,0xFE,0x10,0x00,0x03,0xFC,0x02,0x04,0x13,0xFC,0x32,0x04,0x23,0xFC,
    0x22,0x04,0x42,0x0C,0x00,0x08,0x00,0x00,0x03,0xFE,0x32,0x26,0x12,0x26,0x03,0xFE,0x02,0x22,0x73,0xFE,0x10,0x00,0x11,0xFC,
    0x11,0x04,0x11,0xFC,0x15,0x04,0x1D,0xFC,0x19,0x04,0x01,0x0C,0x00,0x08,0x00,0x00,0x00,0x0C,0x3F,0x8C,0x20,0x8C,0x3F,0x8C,
    0x20,0x3E,0x20,0x0C,0x2F,0x0C,0x20,0x2C,0x3F,0xAC,0x62,0x0C,0x4A,0x8C,0x52,0x8C,0x52,0x8C,0x06,0x18,0x00,0x00,0x00,0x00,
    0x00,0x00,0x3F,0x08,0x21,0x08,0x3F,0x7E,0x30,0x0C,0x2F,0x08,0x20,0x28,0x2F,0x28,0x6A,0x08,0x56,0x98,0x04,0x10,0x01,0x08,
    0x34,0x8C,0x24,0x14,0x27,0xF0,0x00,0x00,0x00,0x00,0x3F,0xF8,0x03,0x0C,0x03,0x08,0x03,0x08,0x03,0x08,0x03,0x08,0x03,0x08,
    0x03,0x08,0x03,0x38,0x03,0x00,0x03,0x00,0x03,0x00,0x7F,0xFE,0x00,0x00,0x00,0x00,0x00,0x00,0x00,0xC0,0x1F,0xFE,0x18,0x00,
    0x13,0xF8,0x73,0xF8,0x13,0xF8,0x13,0xF8,0x13,0xF8,0x70,0x00,0x13,0xFC,0x17,0xFC,0x14,0xB4,0x24,0xB4,0x6F,0xFE,0x00,0x00,
    0x00,0x00,0x33,0xF8,0x12,0x08,0x03,0xF8,0x42,0x08,0x32,0x08,0x03,0xF8,0x00,0x00,0x17,0xFC,0x34,0xA4,0x24,0xA4,0x24,0xA4,
    0x64,0xA4,0x5F,0xFE,0x00,0x00,0x00,0x00,0x00,0x00,0x18,0x20,0x18,0x30,0x18,0x00,0x7F,0xFE,0x5A,0xC8,0x5A,0xC8,0x5A,0x48,
    0x7E,0x48,0x7E,0x58,0x5A,0x70,0x1A,0x30,0x1F,0x70,0x70,0xDC,0x03,0x86,0x00,0x00,0x00,0x00,0x03,0x00,0x01,0x00,0x01,0x00,
    0x7F,0xFE,0x0C,0x30,0x08,0x20,0x0C,0x20,0x04,0x60,0x06,0x40,0x02,0xC0,0x01,0x80,0x03,0xC0,0x0E,0x70,0x78,0x1E,0x00,0x00,
    0x10,0x00,0x1B,0xFE,0x08,0x06,0x60,0x06,0x6F,0xF6,0x64,0x26,0x67,0xE6,0x64,0x26,0x67,0xE6,0x64,0x66,0x64,0x76,0x6F,0xE6,
    0x60,0x24,0x60,0x0C,0x00,0x08,0x00,0x00,0x00,0x00,0x10,0x20,0x10,0x20,0x30,0x00,0x27,0xFE,0x6D,0x88,0x79,0x88,0x18,0x98,
    0x10,0x90,0x7C,0x90,0x60,0x70,0x00,0x60,0x7C,0xF0,0x61,0x9C,0x07,0x06,0x00,0x00,0x00,0x00,0x00,0x80,0x00,0x80,0x79,0x80,
    0x49,0xFE,0x4A,0x52,0x4A,0xD2,0x48,0x92,0x48,0x96,0x49,0x26,0x7B,0x26,0x48,0x66,0x40,0x44,0x40,0x84,0x03,0x1C,0x00,0x00,
    0x00,0x00,0x00,0xC0,0x7C,0xF8,0x11,0x98,0x13,0x10,0x13,0xFC,0x7C,0x04,0x31,0xFC,0x38,0x04,0x35,0xFC,0x50,0x20,0x50,0xA4,
    0x12,0xA6,0x12,0x8A,0x10,0xF8,0x10,0x00,0x00,0x00,0x01,0x80,0x01,0x80,0x0C,0x70,0x06,0x40,0x03,0x80,0x1E,0x7C,0x72,0x2E,
    0x0C,0x60,0x0F,0x80,0x06,0x10,0x1F,0xF8,0x08,0x80,0x18,0x98,0x23,0x8C,0x00,0x00,0x10,0x00,0x19,0xFC,0x08,0x04,0x20,0x04,
    0x20,0x04,0x27,0xE4,0x24,0x24,0x24,0x24,0x24,0x24,0x27,0xE4,0x20,0x04,0x20,0x04,0x20,0x04,0x20,0x0C,0x00,0x00,0x00,0x00,
    0x00,0x00,0x00,0x90,0x79,0x18,0x4A,0x4C,0x4E,0xC6,0x49,0x98,0x49,0xF8,0x48,0x00,0x4B,0xFC,0x78,0x84,0x5A,0x94,0x48,0x84,
    0x47,0xBC,0x04,0x84,0x01,0x8C,0x01,0x08,0x00,0x00,0x0C,0x20,0x08,0x30,0x11,0x18,0x22,0x4E,0x46,0x62,0x0F,0xF0,0x00,0x00,
    0x3E,0x7C,0x02,0x04,0x12,0x24,0x12,0x24,0x06,0x1C,0x7A,0xE4,0x06,0x0C,0x04,0x08,0x00,0x00,0x04,0x60,0x0C,0x30,0x31,0x1C,
    0x62,0x06,0x04,0x60,0x0F,0xF0,0x00,0x00,0x7F,0xFE,0x08,0x00,0x0F,0xF0,0x1A,0x30,0x1B,0xB0,0x10,0xB2,0x1E,0x3E,0x00,0x00,
    0x10,0x0C,0x12,0x0C,0x13,0x0C,0x79,0x7E,0x30,0x0C,0x13,0x0C,0x13,0x6C,0x39,0x2C,0x71,0x2C,0x11,0x0C,0x11,0x08,0x11,0x18,
    0x13,0x80,0x74,0x7E,0x00,0x00,0x00,0x00,0x00,0x00,0x10,0x00,0x10,0xFE,0x18,0x86,0x7E,0xC6,0x52,0x7C,0x52,0x10,0x52,0xFE,
    0x7E,0xB2,0x7E,0xB2,0x50,0xBA,0x14,0xEA,0x1E,0xC2,0x73,0x82,0x00,0x86,0x00,0x04,0x00,0x00,0x21,0xFC,0x1B,0x0C,0x03,0x04,
    0x03,0x0C,0x41,0xFC,0x70,0x60,0x03,0xFE,0x06,0x66,0x06,0x62,0x16,0x62,0x36,0xDA,0x27,0x82,0x66,0x02,0x46,0x0E,0x00,0x00,
    0x00,0x00,0x01,0x80,0x7F,0xFE,0x40,0x22,0x4C,0x38,0x30,0x0C,0x1F,0xF8,0x18,0x08,0x1F,0xF8,0x01,0x80,0x3F,0xFC,0x21,0x84,
    0x23,0xE4,0x2E,0x24,0x20,0x0C,0x20,0x08,0x00,0x40,0x07,0x50,0x7C,0x48,0x0C,0x44,0x0C,0x40,0x7F,0xFE,0x0C,0x40,0x0C,0x44,
    0x0F,0x4C,0x7C,0x78,0x0C,0x30,0x0C,0x70,0x0C,0xDA,0x19,0x0E,0x00,0x00,0x00,0x00,0x00,0x00,0x08,0x30,0x08,0x30,0x7F,0x28,
    0x08,0x4C,0x3E,0xC6,0x22,0x88,0x3E,0x68,0x22,0x08,0x3E,0xC8,0x08,0x0A,0x08,0xFC,0x7F,0x08,0x08,0x08,0x08,0x08,0x00,0x00,
    0x00,0x20,0x3F,0xB0,0x24,0x30,0x24,0x30,0x24,0x30,0x3F,0x3C,0x21,0x34,0x21,0x36,0x3F,0x32,0x24,0x30,0x24,0x30,0x24,0x30,
    0x3F,0xB0,0x00,0x30,0x00,0x00,0x00,0x00,0x00,0x00,0x31,0xFC,0x33,0x06,0x32,0x02,0x7B,0xFE,0x32,0x00,0x32,0xFC,0x3A,0x60,
    0x72,0x4C,0x72,0xFE,0x32,0x10,0x36,0x30,0x34,0xFC,0x34,0x10,0x6D,0xFE,0x00,0x00,0x00,0x08,0x31,0xF8,0x1B,0x40,0x00,0x40,
    0x00,0x40,0x70,0x40,0x17,0xFE,0x00,0x60,0x00,0xE0,0x18,0xB0,0x10,0x90,0x31,0x98,0x23,0x0C,0x66,0x06,0x00,0x00,0x00,0x00,
    0x00,0x00,0x00,0x00,0x3F,0xFC,0x01,0x80,0x01,0x80,0x09,0x98,0x19,0x90,0x19,0x90,0x1D,0xB8,0x37,0xA4,0x23,0xE4,0x01,0x80,
    0x01,0x80,0x01,0x80,0x7F,0xFE,0x00,0x00,0x00,0x00,0x00,0x60,0x00,0x60,0x79,0xFC,0x49,0x84,0x49,0x84,0x49,0x9C,0x49,0x90,
    0x49,0x80,0x49,0xFE,0x78,0x02,0x4B,0xF2,0x40,0x02,0x00,0x02,0x00,0x0E,0x00,0x00,0x08,0x20,0x18,0x20,0x1E,0xFC,0x20,0x84,
    0x60,0x84,0x3E,0x9C,0x10,0x98,0x10,0x80,0x7E,0xFE,0x18,0x02,0x11,0xF2,0x1C,0x02,0x18,0x06,0x10,0x0E,0x00,0x08,0x00,0x00,
    0x00,0x00,0x02,0x00,0x06,0x00,0x1F,0xF0,0x18,0x10,0x18,0x10,0x18,0x30,0x18,0xE0,0x18,0x00,0x1F,0xFE,0x00,0x04,0x00,0x04,
    0x7F,0xE4,0x00,0x0C,0x00,0x38,0x00,0x00,0x00,0x00,0x33,0xFC,0x18,0x00,0x00,0x00,0x00,0x00,0x67,0xFE,0x30,0x80,0x01,0x80,
    0x01,0xFC,0x10,0x0C,0x10,0x04,0x30,0x04,0x20,0x0C,0x20,0x3C,0x00,0x30,0x00,0x00,0x00,0x00,0x20,0x00,0x33,0xFE,0x10,0x60,
    0x00,0x60,0x01,0x6C,0x73,0x6C,0x13,0x6C,0x13,0x6C,0x16,0xEA,0x14,0xFA,0x10,0x60,0x18,0x60,0x18,0x60,0x37,0xFE,0x00,0x00,
    0x00,0x00,0x1F,0xFC,0x10,0x04,0x1F,0xFC,0x10,0x00,0x1F,0xFC,0x11,0x90,0x13,0x18,0x17,0xFC,0x30,0x40,0x27,0xFC,0x20,0xC0,
    0x60,0x40,0x4F,0xFE,0x00,0x00,0x00,0x00,0x00,0x00,0x1F,0xF8,0x01,0x00,0x01,0x00,0x01,0x00,0x01,0x00,0x7F,0xFE,0x03,0x40,
    0x02,0x40,0x02,0x40,0x06,0x40,0x0C,0x42,0x18,0x46,0x70,0x7C,0x00,0x00,0x00,0x00,0x04,0x20,0x04,0x60,0x7F,0xFE,0x04,0x60,
    0x00,0x00,0x1F,0xF8,0x01,0x00,0x01,0x00,0x7F,0xFE,0x02,0x40,0x02,0x40,0x04,0x40,0x08,0x46,0x30,0x7C,0x00,0x00,0x00,0x00,
    0x10,0x00,0x11,0xFC,0x10,0x40,0x7D,0xF8,0x38,0xC8,0x10,0x48,0x30,0xC8,0x3D,0xFE,0x74,0x00,0x51,0xFC,0x11,0x04,0x11,0x04,
    0x11,0xFC,0x11,0x84,0x00,0x00,0x00,0x00,0x00,0x00,0x3F,0xFC,0x01,0x00,0x1F,0xF0,0x03,0x18,0x02,0x10,0x07,0x18,0x7F,0xFE,
    0x00,0x00,0x1F,0xF8,0x18,0x08,0x18,0x08,0x1F,0xF8,0x18,0x18,0x00,0x00,0x00,0x00,0x00,0x00,0x1F,0xF8,0x18,0x18,0x18,0x18,
    0x1F,0xF8,0x00,0x00,0x1F,0xF8,0x01,0x80,0x01,0x80,0x7F,0xFE,0x01,0xC0,0x02,0x40,0x0C,0x30,0x38,0x1E,0x00,0x00,0x00,0x00,
    0x00,0x00,0x1F,0xF8,0x18,0x88,0x10,0x88,0x10,0x88,0x7F,0xFE,0x19,0x98,0x11,0x08,0x11,0x08,0x11,0x08,0x1F,0xFE,0x03,0x18,
    0x06,0x10,0x18,0x30,0x00,0x00,0x00,0x00,0x00,0x40,0x00,0x40,0x3F,0x4C,0x00,0x40,0x00,0x60,0x7F,0xFC,0x04,0x60,0x34,0x20,
    0x37,0xA0,0x34,0x20,0x34,0x30,0x36,0x92,0x7F,0x9A,0x60,0x0E,0x00,0x00,0x00,0x00,0x00,0x00,0x3F,0xFC,0x3F,0xFC,0x01,0x00,
    0x03,0x00,0x03,0x00,0x1F,0xF0,0x02,0x10,0x02,0x10,0x02,0x10,0x02,0x10,0x06,0x10,0x7F,0xFE,0x00,0x00,0x00,0x00,0x00,0x00,
    0x00,0x00,0x10,0x00,0x11,0xFE,0x10,0x40,0x7D,0xF8,0x11,0xFC,0x10,0x4C,0x10,0xCC,0x3B,0xFE,0x70,0x00,0x11,0xFC,0x11,0x04,
    0x11,0x04,0x11,0xFC,0x71,0x04,0x00,0x00,0x00,0x00,0x04,0x00,0x0C,0x00,0x08,0x00,0x1F,0xFC,0x10,0x80,0x20,0x80,0x00,0x80,
    0x00,0x80,0x7F,0xFE,0x00,0x80,0x00,0x80,0x00,0x80,0x00,0x80,0x00,0x80,0x00,0x00,0x00,0x00,0x08,0x00,0x18,0x00,0x3F,0xFC,
    0x6A,0x48,0x1F,0xFC,0x0A,0x48,0x0B,0x58,0x7F,0xFE,0x18,0x10,0x1F,0xFC,0x32,0x10,0x0E,0xD8,0x0C,0x18,0x38,0x10,0x00,0x00,
    0x00,0x00,0x08,0x00,0x0B,0xFE,0x18,0x40,0x10,0x40,0x30,0xC0,0x30,0xC0,0x53,0xF8,0x50,0x88,0x10,0x88,0x10,0x88,0x10,0x88,
    0x11,0x88,0x11,0x98,0x17,0xFE,0x00,0x00,0x00,0x00,0x09,0x80,0x19,0x80,0x13,0xFE,0x12,0x00,0x37,0xFC,0x73,0x0C,0x73,0x68,
    0x17,0xFE,0x13,0x0C,0x12,0x48,0x12,0x48,0x13,0xFE,0x10,0x08,0x10,0x18,0x10,0x10,0x00,0x00,0x10,0x20,0x18,0x20,0x18,0xFC,
    0x18,0x84,0x7C,0x84,0x18,0x9C,0x18,0x98,0x18,0x80,0x18,0xFE,0x1C,0x02,0x38,0x02,0x43,0xF6,0x00,0x06,0x00,0x0C,0x00,0x00,
    0x01,0x10,0x01,0x98,0x01,0x88,0x1F,0xFC,0x11,0x80,0x10,0x80,0x10,0x88,0x10,0x90,0x10,0xF0,0x30,0x60,0x30,0x60,0x21,0xA0,
    0x23,0x16,0x64,0x0C,0x00,0x00,0x00,0x00,0x1F,0xFC,0x01,0x80,0x7F,0xFE,0x60,0x82,0x00,0x82,0x1E,0xB8,0x04,0x00,0x1F,0xF0,
    0x33,0x60,0x07,0xE0,0x31,0x0C,0x1F,0xF8,0x02,0x18,0x3C,0x30,0x00,0x00,0x00,0x00,0x00,0x00,0x79,0xFC,0x48,0x40,0x49,0xFC,
    0x48,0x4C,0x78,0x44,0x68,0xCC,0x4B,0xFE,0x48,0x00,0x49,0xFC,0x79,0x84,0x4D,0x04,0x41,0xFC,0x01,0x84,0x00,0x00,0x00,0x00,
    0x00,0x00,0x08,0x40,0x08,0xC0,0x28,0xFE,0x69,0xFE,0x7F,0x6A,0x49,0x4A,0x48,0x4A,0x08,0xDA,0x1E,0x92,0x79,0x12,0x08,0x26,
    0x08,0x66,0x08,0xC6,0x09,0x9C,0x08,0x00,0x00,0x00,0x0C,0x00,0x08,0x00,0x1F,0xFE,0x33,0x26,0x22,0x24,0x46,0x64,0x04,0x44,
    0x08,0x44,0x30,0x84,0x01,0x84,0x03,0x04,0x06,0x0C,0x0C,0x38,0x00,0x00,0x00,0x00,0x00,0x00,0x06,0x00,0x06,0x00,0x0F,0xF8,
    0x1A,0x30,0x33,0x60,0x01,0xC0,0x07,0x70,0x79,0x1E,0x01,0x00,0x1F,0xF8,0x03,0x08,0x02,0x08,0x0E,0x08,0x38,0x78,0x20,0x00,
    0x10,0x00,0x11,0xFC,0x10,0x40,0x1D,0xF8,0x54,0xCC,0x54,0xC8,0x50,0xCC,0x13,0xFE,0x10,0x00,0x11,0xFC,0x11,0x04,0x11,0x04,
    0x11,0xFC,0x11,0x04,0x00,0x00,0x00,0x00,0x20,0x00,0x33,0xFC,0x12,0x0C,0x02,0x0C,0x03,0xF8,0x70,0x00,0x13,0xFC,0x10,0x40,
    0x10,0x40,0x17,0xFE,0x10,0xE0,0x18,0xB0,0x31,0x18,0x06,0x0E,0x00,0x00,0x00,0x00,0x04,0x20,0x04,0x20,0x3F,0xFC,0x04,0x20,
    0x04,0x20,0x7F,0xFE,0x00,0x00,0x00,0x00,0x0F,0xF0,0x08,0x10,0x0F,0xF0,0x08,0x10,0x08,0x10,0x0F,0xF0,0x08,0x10,0x00,0x00,
    0x7F,0x7C,0x64,0x44,0x44,0x44,0x5F,0x44,0x5B,0x7C,0x5B,0x64,0x5F,0x40,0x44,0x42,0x64,0x66,0x7F,0x3C,0x00,0x00,0x24,0x44,
    0x66,0x46,0x46,0x62,0x00,0x00,0x00,0x00,0x08,0x00,0x08,0xFC,0x08,0x80,0x7E,0x80,0x18,0x80,0x18,0xFE,0x1C,0xC8,0x3E,0x88,
    0x3A,0x88,0x48,0x88,0x49,0x88,0x09,0x88,0x0B,0x08,0x0B,0x08,0x00,0x00,0x00,0x00,0x00,0x00,0x7F,0xFE,0x02,0x40,0x02,0x40,
    0x02,0x40,0x3F,0xFC,0x32,0x4C,0x32,0x4C,0x34,0x4C,0x3C,0x7C,0x30,0x0C,0x30,0x0C,0x3F,0xFC,0x30,0x0C,0x00,0x00,0x00,0x00,
    0x00,0x00,0x7B,0xFE,0x30,0x50,0x30,0x50,0x21,0xFE,0x3D,0x52,0x65,0x52,0x65,0x52,0x25,0x52,0x25,0xDE,0x25,0x8E,0x3D,0x02,
    0x25,0xFE,0x21,0x06,0x00,0x00,0x00,0x00,0x00,0x00,0x00,0x30,0x00,0x20,0x7F,0x20,0x18,0x7E,0x10,0x42,0x10,0xC2,0x3E,0x86,
    0x72,0x64,0x52,0x3C,0x12,0x18,0x1E,0x18,0x16,0x30,0x10,0x60,0x01,0xC0,0x00,0x00,0x01,0x00,0x71,0x1E,0x59,0x30,0x49,0x30,
    0x4B,0xD0,0x59,0x1E,0x7B,0x14,0x4B,0xB4,0x4B,0x74,0x4D,0x24,0x7D,0x24,0x49,0x24,0x41,0x64,0x01,0x44,0x00,0x00,0x00,0x00,
    0x00,0x60,0x73,0xFE,0x48,0x60,0x49,0xFC,0x48,0x00,0x49,0xFC,0x49,0x04,0x48,0x98,0x78,0x90,0x4B,0xFE,0x40,0x00,0x43,0x04,
    0x02,0x04,0x03,0xFC,0x00,0x00,0x00,0x00,0x00,0x00,0x3D,0xF8,0x6C,0x88,0x64,0x88,0x64,0x98,0x64,0x9C,0x65,0xC4,0x65,0xC4,
    0x65,0x48,0x7D,0x28,0x6F,0x38,0x62,0x38,0x06,0x6C,0x0C,0xC6,0x00,0x00,0x00,0x00,0x00,0x00,0x10,0x00,0x31,0x84,0x3D,0x84,
    0x61,0xFC,0x41,0x84,0x3C,0xFC,0x10,0x80,0x10,0xFE,0x7D,0x6A,0x12,0x52,0x10,0x92,0x15,0xA2,0x18,0x66,0x10,0xCC,0x00,0x00,
    0x18,0x00,0x1B,0xFE,0x78,0x50,0x58,0x50,0x7D,0xFE,0x59,0x56,0x59,0x52,0x1D,0x52,0x79,0x52,0x59,0x9E,0x19,0x86,0x19,0x02,
    0x19,0xFE,0x19,0x06,0x00,0x00,0x00,0x00,0x00,0x00,0x0D,0x08,0x78,0xF8,0x10,0x78,0x10,0xCC,0x7D,0x60,0x10,0x60,0x13,0xFE,
    0x3C,0x80,0x35,0xFC,0x73,0xB6,0x57,0xA2,0x11,0xA2,0x11,0xA6,0x10,0x24,0x10,0x00,0x00,0x00,0x02,0x00,0x02,0x00,0x1F,0xF8,
    0x10,0x08,0x1F,0xF8,0x10,0x08,0x1F,0xF8,0x10,0x08,0x1F,0xF8,0x00,0x00,0x24,0x8C,0x24,0x86,0x44,0x12,0x07,0xF0,0x00,0x00,
    0x00,0x00,0x08,0x30,0x07,0xE0,0x03,0xC0,0x1E,0x38,0x13,0x08,0x7F,0xFE,0x7F,0xFE,0x0C,0x80,0x1F,0xF8,0x38,0x8C,0x48,0x8C,
    0x08,0x8C,0x08,0x98,0x08,0x90,0x00,0x80,0x00,0x38,0x3F,0xF8,0x01,0x80,0x09,0xB0,0x3F,0xFC,0x3F,0xFC,0x0D,0xA0,0x19,0x98,
    0x70,0x0E,0x00,0x80,0x24,0x88,0x24,0x04,0x24,0x16,0x67,0xF0,0x00,0x00,0x00,0x00,0x00,0x20,0x3C,0x20,0x25,0xFC,0x24,0xE8,
    0x25,0xA4,0x3D,0x60,0x24,0xF0,0x25,0x8E,0x3D,0x20,0x2C,0xA8,0x24,0x38,0x64,0xB8,0x45,0x24,0x48,0x60,0x00,0x00,0x00,0x00,
    0x00,0x00,0x02,0x00,0x02,0x00,0x06,0x00,0x07,0xFC,0x08,0x04,0x18,0x0C,0x30,0x08,0x23,0x18,0x01,0x90,0x00,0x70,0x00,0x60,
    0x01,0x80,0x07,0x00,0x3C,0x00,0x00,0x00,0x10,0xC8,0x10,0xC8,0x11,0xFE,0x18,0xC8,0x54,0xC8,0x53,0xFE,0x50,0x00,0x10,0x00,
    0x11,0xFC,0x11,0x04,0x11,0xFC,0x11,0x04,0x11,0xFC,0x11,0x84,0x00,0x00,0x00,0x00,0x00,0x00,0x10,0x40,0x11,0xF8,0x11,0x0C,
    0x11,0xFC,0x5D,0x0C,0x59,0xFC,0x51,0x0C,0x51,0xFC,0x10,0x00,0x18,0x20,0x3E,0xB4,0x22,0x82,0x22,0x8A,0x42,0xF8,0x00,0x00,
    0x00,0x00,0x18,0x8C,0x18,0x78,0x18,0x38,0x7E,0xCC,0x5D,0x00,0x58,0x60,0x53,0xFE,0x10,0xA0,0x11,0xB0,0x1B,0xFC,0x3C,0xB4,
    0x24,0xB4,0x60,0xB4,0x40,0x3C,0x00,0x00,0x00,0x00,0x00,0x3C,0x37,0xC0,0x12,0x4C,0x03,0x08,0x00,0xC0,0x63,0x98,0x13,0xE0,
    0x01,0x8C,0x07,0xFC,0x20,0x40,0x2F,0xFE,0x20,0xE0,0x60,0x90,0x47,0x0E,0x04,0x00,0x00,0x40,0x38,0xC0,0x18,0xC0,0x00,0xFE,
    0x01,0x86,0x71,0x06,0x13,0x04,0x02,0xE4,0x00,0x3C,0x10,0x18,0x30,0x10,0x30,0x30,0x20,0xC0,0x67,0x80,0x02,0x00,0x00,0x00,
    0x1F,0xFC,0x30,0x04,0x3F,0xFC,0x34,0xC4,0x36,0x4C,0x30,0x40,0x37,0x58,0x22,0x44,0x22,0x40,0x27,0xFC,0x24,0x40,0x6F,0xFE,
    0x40,0x40,0x40,0x40,0x00,0x40,0x00,0x00,0x11,0x00,0x11,0x08,0x13,0xD0,0x32,0x5E,0x7B,0xD6,0x32,0xE4,0x33,0xF4,0x39,0x14,
    0x77,0xD4,0x52,0x1C,0x13,0xD8,0x12,0x48,0x12,0x9C,0x15,0xA6,0x00,0x00,0x00,0x00,0x00,0x00,0x02,0x20,0x02,0x30,0x3F,0xFC,
    0x04,0xD8,0x0C,0xF0,0x19,0xC6,0x72,0x7C,0x01,0x00,0x7F,0xFE,0x03,0x00,0x06,0x98,0x1C,0x70,0x75,0x38,0x06,0x0E,0x00,0x00,
    0x00,0x00,0x00,0x80,0x3F,0xFE,0x30,0x00,0x23,0x10,0x2F,0xFE,0x23,0x18,0x23,0x10,0x21,0xF0,0x20,0x40,0x27,0xFC,0x24,0x44,
    0x64,0x44,0x64,0x4C,0x44,0x48,0x00,0x40,0x00,0x00,0x1F,0xFC,0x00,0x0C,0x00,0x0C,0x0C,0x0C,0x07,0x0C,0x01,0x08,0x00,0x08,
    0x00,0x68,0x03,0xC8,0x0E,0x08,0x18,0x08,0x00,0x08,0x00,0x78,0x00,0x00,0x00,0x00,0x00,0x00,0x00,0x60,0x10,0x60,0x31,0xFC,
    0x31,0x84,0x7D,0xFC,0x25,0x84,0x25,0xFC,0x29,0x84,0x28,0xFC,0x38,0x20,0x19,0xF4,0x1F,0xC2,0x32,0xCA,0x62,0x78,0x00,0x00,
    0x00,0x00,0x01,0x80,0x7F,0xFE,0x01,0x80,0x3F,0xF8,0x00,0x00,0x1F,0xF8,0x18,0x08,0x1F,0xF8,0x04,0x20,0x7F,0xFE,0x00,0x00,
    0x1F,0xF8,0x10,0x08,0x1F,0xF8,0x00,0x00,0x10,0x20,0x30,0x20,0x21,0xA0,0x7D,0xFC,0x41,0x20,0x3D,0x20,0x30,0x20,0x11,0xFE,
    0x7C,0x50,0x10,0xD0,0x10,0x90,0x14,0x90,0x19,0x92,0x13,0x1E,0x00,0x00,0x00,0x00,0x00,0x20,0x23,0x20,0x1B,0x20,0x03,0xFC,
    0x06,0x20,0x60,0x20,0x37,0xFE,0x01,0xB0,0x00,0x90,0x11,0x90,0x31,0x10,0x21,0x10,0x23,0x12,0x66,0x1E,0x00,0x00,0x00,0x00,
    0x00,0x1C,0x3F,0xE0,0x03,0x00,0x02,0x10,0x0C,0x60,0x1F,0xC0,0x03,0x10,0x0C,0x0C,0x3F,0xFE,0x00,0x80,0x08,0x90,0x18,0x8C,
    0x20,0x86,0x03,0x80,0x00,0x00,0x00,0x00,0x00,0x20,0x7D,0xA4,0x69,0x26,0x6A,0x22,0x78,0x20,0x79,0xFC,0x69,0x04,0x6D,0xFC,
    0x65,0x04,0x6D,0xFC,0x79,0x20,0x63,0x2C,0x66,0x26,0x60,0x62,0x00,0x00,0x00,0x00,0x00,0xC0,0x00,0xD8,0x7C,0xC8,0x04,0xC0,
    0x04,0x5E,0x25,0xF0,0x2C,0x48,0x18,0x48,0x18,0x58,0x1C,0x30,0x14,0x30,0x36,0x70,0x60,0xDA,0x41,0x8E,0x00,0x04,0x00,0x00,
    0x00,0x00,0x10,0x00,0x11,0xFE,0x25,0x22,0x65,0x22,0x79,0x22,0x09,0x36,0x11,0xFE,0x21,0x22,0x7D,0x22,0x01,0x22,0x01,0x22,
    0x7D,0xFE,0x41,0x02,0x00,0x00,0x00,0x00,0x00,0x00,0x00,0x60,0x78,0x20,0x4B,0xFE,0x4A,0x22,0x68,0xFC,0x78,0x20,0x49,0xFC,
    0x48,0x20,0x7B,0xFE,0x48,0x20,0x49,0xFC,0x79,0x04,0x49,0x84,0x41,0xFC,0x01,0x00,0x00,0x00,0x18,0x00,0x19,0xFE,0x18,0x20,
    0x7E,0x20,0x5A,0x20,0x5A,0x28,0x5A,0x2C,0x7E,0x24,0x7E,0x26,0x18,0x22,0x1A,0x20,0x1F,0x20,0x79,0x20,0x00,0x20,0x00,0x00,
    0x3F,0xFC,0x20,0x00,0x20,0x00,0x2F,0xF8,0x28,0x88,0x2F,0xF8,0x2F,0xF8,0x28,0x88,0x2F,0xF8,0x20,0x80,0x20,0x80,0x20,0x80,
    0x20,0x80,0x3F,0xFE,0x00,0x00,0x00,0x00,0x3F,0xFC,0x01,0x80,0x7F,0xFE,0x41,0x82,0x01,0x82,0x1C,0x78,0x00,0x00,0x3E,0x7C,
    0x22,0x7C,0x3E,0x00,0x3E,0xFC,0x20,0x48,0x3E,0x30,0x21,0xFE,0x00,0x00,0x00,0x00,0x00,0x00,0x10,0x20,0x10,0x20,0x7B,0xFE,
    0x7B,0x22,0x20,0xFC,0x28,0x20,0x68,0xFC,0x7C,0x30,0x09,0xFE,0x08,0x20,0x1C,0xFC,0x78,0x84,0x08,0x84,0x08,0x84,0x00,0x00,
    0x00,0x00,0x7B,0xDC,0x4A,0x44,0x4A,0x44,0x4B,0xDC,0x6A,0x00,0x7B,0x00,0x4B,0xFE,0x4A,0x14,0x4B,0xD4,0x7B,0x9C,0x6A,0x08,
    0x42,0x1C,0x02,0x66,0x00,0x00,0x00,0x00,0x00,0x00,0x00,0x20,0x10,0x20,0x11,0xFC,0x54,0x20,0x54,0xA4,0x54,0xAC,0x54,0xA8,
    0x56,0x30,0x57,0xFE,0x54,0x70,0x5C,0x50,0x7C,0xC8,0x01,0x8C,0x07,0x06,0x00,0x00,0x10,0x40,0x18,0x40,0x13,0xFC,0x30,0x40,
    0x32,0x48,0x72,0x48,0x53,0x48,0x10,0x60,0x17,0xFE,0x10,0x60,0x10,0x90,0x11,0x98,0x13,0x0C,0x16,0x06,0x00,0x00,0x00,0x00,
    0x00,0x00,0x00,0x20,0x2C,0x20,0x3B,0xFC,0x30,0x20,0x79,0x24,0x49,0x28,0x09,0x28,0x18,0x60,0x2F,0xFE,0x68,0x70,0x08,0x50,
    0x08,0xC8,0x19,0x8C,0x33,0x06,0x00,0x00,0x00,0x00,0x7F,0xFE,0x03,0x80,0x01,0x00,0x01,0x00,0x01,0x00,0x01,0x60,0x01,0x30,
    0x01,0x18,0x01,0x0C,0x01,0x00,0x01,0x00,0x01,0x00,0x01,0x00,0x00,0x00,0x00,0x00,0x3F,0xFE,0x20,0x00,0x2F,0xFC,0x20,0x80,
    0x27,0xFC,0x27,0xFC,0x24,0x0C,0x27,0xFC,0x27,0xFC,0x23,0x00,0x23,0xF8,0x2F,0x10,0x49,0xE0,0x4F,0xFE,0x0C,0x0E,0x00,0x00,
    0x7F,0xFE,0x01,0x00,0x1F,0xF8,0x10,0x08,0x1F,0xF8,0x18,0x08,0x1F,0xF8,0x1F,0xF8,0x04,0x00,0x0F,0xF0,0x3C,0x30,0x23,0x60,
    0x03,0xC0,0x7E,0x7E,0x20,0x00,0x00,0x00,0x00,0x00,0x7F,0xFE,0x4C,0x60,0x4C,0x60,0x4C,0x60,0x4C,0x68,0x4C,0x68,0x4C,0x6C,
    0x4C,0x66,0x7C,0x62,0x4C,0x60,0x40,0x60,0x00,0x60,0x00,0x60,0x00,0x00,0x00,0x00,0x30,0x10,0x33,0x90,0x36,0x10,0x36,0x3E,
    0x7E,0x26,0x37,0xC0,0x3E,0x90,0x76,0x90,0x76,0x98,0x34,0x98,0x34,0x98,0x34,0xAC,0x3C,0xE4,0x68,0x42,0x00,0x00,0x00,0x00,
    0x20,0x10,0x21,0xD0,0x22,0x10,0x7A,0x1E,0x42,0x24,0x3B,0xE4,0x12,0x98,0x12,0x98,0x7A,0x98,0x12,0x98,0x12,0x98,0x1E,0xB4,
    0x1C,0xE6,0x34,0x42,0x00,0x00,0x00,0x00,0x00,0x80,0x09,0x80,0x19,0x80,0x1F,0xF8,0x31,0x80,0x21,0x80,0x01,0x80,0x7F,0xFE,
    0x06,0x40,0x04,0x40,0x04,0x40,0x0C,0x40,0x18,0x66,0x70,0x7C,0x00,0x00,0x00,0x00,0x00,0x00,0x08,0x60,0x08,0x60,0x18,0x60,
    0x10,0x60,0x12,0x64,0x32,0x64,0x72,0x64,0x52,0x64,0x12,0x64,0x12,0x64,0x12,0x64,0x12,0x64,0x13,0xFC,0x10,0x04,0x00,0x00,
    0x00,0x00,0x10,0x08,0x30,0x48,0x3C,0x48,0x64,0xFE,0x7E,0x30,0x2A,0x30,0x2A,0x30,0x3E,0xFC,0x2A,0x30,0x2A,0x30,0x3E,0xFE,
    0x00,0x30,0x3E,0x30,0x20,0x30,0x00,0x10,0x10,0x00,0x10,0x3C,0x11,0xF0,0x26,0x10,0x64,0x10,0x7C,0x10,0x08,0x30,0x11,0xFE,
    0x20,0x10,0x7C,0x10,0x00,0x10,0x02,0x10,0x7C,0x10,0x40,0x10,0x00,0x10,0x00,0x00,0x00,0x00,0x00,0x48,0x00,0x4C,0x00,0x64,
    0x3F,0xFE,0x20,0x60,0x2F,0x20,0x20,0x24,0x20,0x2C,0x2F,0x28,0x2D,0x38,0x2D,0x30,0x2F,0x30,0x60,0x4A,0x41,0x8E,0x00,0x00,
    0x04,0xF8,0x24,0x8C,0x24,0xC8,0x24,0x70,0x24,0x70,0x04,0xDC,0x01,0x04,0x1F,0xF8,0x10,0x18,0x11,0x18,0x11,0x18,0x03,0x60,
    0x06,0x38,0x78,0x0C,0x00,0x00,0x00,0x00,0x00,0x00,0x11,0x00,0x33,0x1E,0x23,0xC0,0x44,0x00,0x10,0x00,0x13,0xDE,0x31,0x04,
    0x71,0x04,0x77,0xE4,0x31,0x04,0x31,0x44,0x31,0xC4,0x31,0x84,0x31,0x0C,0x00,0x08,0x10,0x20,0x18,0x30,0x3E,0x30,0x22,0xFE,
    0x2A,0x20,0x2A,0x60,0x22,0x4C,0x7E,0xD8,0x22,0xD8,0x3A,0x10,0x2A,0x24,0x62,0x44,0x42,0xFE,0x46,0x82,0x00,0x00,0x00,0x00,
    0x00,0x00,0x10,0x00,0x1B,0xFC,0x00,0x04,0x61,0x84,0x21,0x84,0x2F,0xF4,0x21,0x84,0x23,0x84,0x23,0xA4,0x25,0xB4,0x2D,0x94,
    0x29,0x84,0x21,0x84,0x60,0x1C,0x00,0x00,0x00,0x00,0x20,0x00,0x37,0x3C,0x03,0x58,0x02,0x18,0x42,0x58,0x34,0x58,0x0F,0x5C,
    0x01,0x58,0x01,0x58,0x2E,0x58,0x26,0x7E,0x26,0x00,0x67,0x00,0x4C,0xFE,0x00,0x00,0x00,0x00,0x00,0x20,0x7C,0x20,0x0B,0xFE,
    0x08,0x40,0x38,0x40,0x60,0x80,0x40,0x88,0x41,0x18,0x79,0xF0,0x08,0x20,0x08,0x44,0x08,0x84,0x09,0xFE,0x39,0x82,0x00,0x00,
    0x00,0x00,0x00,0x10,0x20,0x90,0x23,0xFE,0x20,0xA0,0x7B,0xFC,0x28,0xB4,0x2B,0xFE,0x28,0xB4,0x49,0xFC,0x79,0xB8,0x19,0xB8,
    0x12,0xAC,0x26,0xA6,0x64,0xA0,0x00,0x00,0x00,0x00,0x1F,0xF8,0x10,0x08,0x1F,0xF8,0x1F,0xF8,0x10,0x08,0x1F,0xF8,0x02,0x40,
    0x26,0x40,0x36,0x4C,0x16,0x48,0x1E,0x58,0x06,0x40,0x7F,0xFE,0x00,0x00,0x00,0x00,0x00,0x00,0x00,0x60,0x7C,0x60,0x68,0xB0,
    0x69,0x98,0x6B,0x0C,0x77,0xFE,0x7C,0x00,0x68,0x48,0x6B,0x48,0x6D,0x48,0x79,0x68,0x61,0x10,0x60,0x10,0x67,0xFE,0x00,0x00,
    0x00,0x00,0x7D,0xFC,0x7D,0x04,0x11,0x24,0x11,0x24,0x11,0x24,0x7D,0x24,0x11,0x24,0x11,0x24,0x10,0x70,0x14,0x50,0x7C,0xD0,
    0x61,0x92,0x03,0x1E,0x00,0x00,0x00,0x00,0x00,0x00,0x04,0x10,0x04,0x14,0x7F,0x96,0x0C,0x10,0x0C,0x10,0x7F,0xBE,0x42,0x98,
    0x44,0x98,0x7E,0x98,0x4C,0x98,0x7E,0xAC,0x4C,0xA4,0x4C,0xA6,0x41,0xC2,0x00,0x00,0x00,0x00,0x0F,0xF8,0x08,0x18,0x08,0x18,
    0x0F,0xF8,0x08,0x18,0x0F,0xF8,0x08,0x18,0x08,0x18,0x7F,0xFE,0x06,0x00,0x04,0x30,0x18,0x18,0x1F,0xFC,0x00,0x00,0x00,0x00,
    0x00,0x00,0x00,0x20,0x3C,0x60,0x24,0xFC,0x24,0x84,0x24,0xFC,0x3C,0x84,0x24,0xFC,0x24,0x20,0x3D,0xB4,0x24,0xB8,0x24,0xB8,
    0x25,0xAC,0x47,0x26,0x4C,0x60,0x00,0x00,0x00,0x40,0x30,0xC0,0x20,0xFC,0x3C,0x8C,0x45,0x08,0x44,0x00,0x10,0xC0,0x11,0x9E,
    0x11,0x02,0x11,0x86,0x11,0xCE,0x19,0x02,0x31,0x02,0x01,0xFE,0x01,0x00,0x00,0x00,0x00,0x00,0x04,0x20,0x04,0x40,0x3F,0xFC,
    0x01,0x80,0x1F,0xF8,0x01,0x80,0x7F,0xFE,0x00,0x80,0x21,0xF8,0x13,0x4C,0x02,0x48,0x08,0xE0,0x71,0x98,0x06,0x0E,0x04,0x00,
    0x01,0x00,0x01,0x80,0x7F,0xFC,0x60,0x04,0x49,0x80,0x1F,0xF0,0x11,0x80,0x01,0x80,0x7F,0xFE,0x02,0x40,0x06,0x40,0x04,0x46,
    0x0C,0x46,0x30,0x7C,0x00,0x00,0x00,0x00,0x00,0x00,0x00,0x40,0x7C,0xC0,0x4C,0xFC,0x49,0x8C,0x4B,0x08,0x58,0x00,0x58,0xCE,
    0x49,0x02,0x49,0x02,0x4D,0xCE,0x4D,0x02,0x59,0x02,0x41,0xFE,0x41,0xFE,0x41,0x00,0x00,0x00,0x3D,0xFC,0x2D,0x84,0x29,0xFC,
    0x29,0x84,0x29,0x84,0x29,0xFC,0x25,0xA0,0x25,0xA4,0x25,0x98,0x29,0x90,0x21,0x88,0x21,0xCE,0x21,0x86,0x00,0x00,0x00,0x00,
    0x10,0x40,0x10,0x58,0x30,0x48,0x24,0x4C,0x4D,0xF8,0x79,0x40,0x10,0x5E,0x11,0xF0,0x20,0x4C,0x7C,0x78,0x00,0x30,0x1C,0x70,
    0x70,0xDA,0x03,0x0E,0x00,0x00,0x00,0x00,0x18,0x00,0x18,0xFE,0x18,0x86,0x7E,0x86,0x7E,0x86,0x18,0xFE,0x1C,0x86,0x3E,0x86,
    0x3B,0xFE,0x78,0x86,0x58,0x86,0x18,0x86,0x18,0xFE,0x18,0x86,0x00,0x00,0x00,0x00,0x00,0x00,0x3F,0xFE,0x22,0x00,0x26,0x7C,
    0x26,0x44,0x2F,0x44,0x26,0x7C,0x26,0x44,0x2F,0x44,0x2F,0x7C,0x7E,0x44,0x66,0x44,0x46,0x7C,0x46,0x44,0x00,0x00,0x00,0x00,
    0x00,0x00,0x10,0x20,0x11,0xFE,0x30,0x00,0x39,0xDE,0x41,0xDE,0x7C,0xD8,0x11,0xFC,0x11,0xFC,0x7C,0xD8,0x11,0xFE,0x14,0xE0,
    0x1D,0x9C,0x1A,0x98,0x00,0xCE,0x00,0x00,0x00,0x00,0x00,0x70,0x1F,0xC0,0x01,0x00,0x3F,0xFC,0x07,0xC0,0x0D,0x20,0x19,0x18,
    0x61,0x9E,0x1F,0xF0,0x18,0x10,0x1F,0xF0,0x18,0x10,0x18,0x10,0x1F,0xF0,0x00,0x00,0x00,0x00,0x18,0x20,0x1F,0x7E,0x34,0x48,
    0x64,0xC8,0x08,0x88,0x08,0xFC,0x7C,0x84,0x18,0xFC,0x1C,0x84,0x3E,0xFC,0x3A,0x84,0x68,0x84,0x48,0xFC,0x08,0x84,0x00,0x00,
    0x00,0x00,0x01,0x80,0x7F,0xFE,0x00,0x00,0x3E,0x78,0x32,0x48,0x1E,0x78,0x3F,0xFC,0x06,0x20,0x3F,0xFC,0x7F,0xFE,0x06,0x08,
    0x0C,0xD8,0x75,0x70,0x07,0x1E,0x00,0x00,0x00,0x00,0x02,0x00,0x22,0x3E,0x12,0x22,0x03,0x22,0x47,0xA6,0x62,0x3E,0x27,0x22,
    0x07,0xA2,0x26,0xBE,0x2A,0x22,0x2A,0x22,0x62,0x22,0x42,0x3E,0x42,0x22,0x02,0x20,0x00,0x00,0x03,0x00,0x02,0x00,0x06,0x10,
    0x0C,0x30,0x18,0x60,0x1F,0xC0,0x01,0x00,0x02,0x0C,0x0C,0x38,0x1F,0xF0,0x00,0x20,0x00,0xC0,0x07,0x80,0x3C,0x00,0x20,0x00,
    0x00,0x00,0x0C,0x00,0x29,0xDE,0x08,0x42,0x7C,0x42,0x11,0x52,0x11,0x52,0x7D,0x42,0x10,0x46,0x10,0xCE,0x7D,0xF2,0x11,0x42,
    0x30,0x42,0x20,0x42,0x60,0xCE,0x40,0x00,0x00,0x00,0x18,0x88,0x08,0xC8,0x00,0x18,0x7D,0xFE,0x0C,0x20,0x08,0x20,0x18,0x30,
    0x1C,0xFC,0x3C,0x20,0x78,0x20,0x19,0xFE,0x18,0x20,0x18,0x20,0x18,0x20,0x00,0x20,0x00,0x00,0x01,0x88,0x30,0x98,0x10,0x90,
    0x03,0xFE,0x00,0x20,0x70,0x20,0x11,0xFC,0x11,0xFC,0x10,0x20,0x10,0x20,0x13,0xFE,0x18,0x20,0x30,0x20,0x20,0x20,0x00,0x20,
    0x00,0x00,0x08,0x00,0x08,0xFC,0x7E,0x84,0x18,0xFC,0x18,0x84,0x3E,0xFC,0x6A,0x84,0x48,0x84,0x08,0xFC,0x00,0x00,0x14,0x8C,
    0x34,0x44,0x24,0x12,0x27,0xF0,0x00,0x00,0x00,0x00,0x00,0x40,0x00,0x40,0x7B,0xFE,0x4A,0x06,0x4A,0x06,0x4A,0x76,0x4A,0x56,
    0x4A,0x56,0x4A,0x56,0x7A,0x56,0x6A,0x76,0x42,0x06,0x02,0x06,0x02,0x0C,0x00,0x00,0x00,0x00,0x01,0x80,0x3F,0xFC,0x00,0x00,
    0x0F,0xF0,0x08,0x18,0x0F,0xF8,0x00,0x00,0x1F,0xF8,0x00,0x78,0x00,0xC0,0x7F,0xFE,0x00,0x80,0x00,0x80,0x03,0x80,0x00,0x00,
    0x00,0x00,0x03,0xFE,0x78,0x20,0x10,0x60,0x11,0xFC,0x11,0x04,0x11,0x24,0x11,0x24,0x11,0x24,0x39,0x24,0x61,0x44,0x00,0x58,
    0x01,0x8C,0x07,0x06,0x00,0x00,0x00,0x00,0x04,0x60,0x06,0x60,0x3F,0xFC,0x06,0x60,0x06,0x60,0x7F,0xFE,0x04,0x20,0x0C,0x30,
    0x1F,0xFE,0x6C,0x26,0x0F,0xE0,0x0C,0x00,0x0C,0x0C,0x0F,0xF8,0x00,0x00,0x00,0x00,0x00,0x00,0x10,0xC0,0x10,0xF8,0x11,0x10,
    0x7B,0xFC,0x33,0x26,0x31,0x22,0x39,0xFE,0x34,0xC4,0x53,0x6C,0x50,0xB8,0x13,0x74,0x12,0xD4,0x13,0x92,0x12,0x60,0x10,0x00,
    0x00,0x00,0x18,0x80,0x19,0x80,0x13,0x30,0x37,0xFC,0x36,0x64,0x72,0x44,0x53,0xFC,0x11,0xC8,0x16,0xF8,0x11,0xB8,0x16,0x68,
    0x10,0xA4,0x13,0x22,0x10,0x60,0x00,0x40,0x02,0x00,0x06,0x00,0x06,0x00,0x3F,0xFE,0x20,0x06,0x20,0x06,0x27,0xE6,0x24,0x26,
    0x24,0x26,0x26,0x26,0x27,0xE6,0x20,0x06,0x20,0x06,0x20,0x1C,0x00,0x00,0x00,0x00,0x00,0x00,0x04,0x00,0x0F,0xE0,0x18,0x60,
    0x7F,0xF8,0x31,0x88,0x11,0x08,0x1F,0xF8,0x07,0x10,0x3B,0x30,0x06,0xE0,0x19,0xD0,0x23,0xD8,0x1C,0xCE,0x33,0x80,0x00,0x00,
    0x04,0x20,0x7F,0xFE,0x04,0x20,0x01,0x80,0x1F,0xF8,0x01,0x88,0x7F,0xFE,0x01,0x88,0x1F,0xF8,0x01,0x88,0x15,0xE8,0x35,0xA8,
    0x25,0x88,0x61,0x88,0x00,0x00,0x00,0x00,0x00,0x00,0x00,0x10,0x7F,0x92,0x18,0x96,0x18,0x14,0x10,0x30,0x1C,0xFE,0x3E,0x86,
    0x76,0xFE,0x56,0x86,0x16,0x86,0x1E,0xFE,0x16,0x86,0x10,0x86,0x10,0x8E,0x00,0x80,0x3F,0xF8,0x01,0x80,0x7F,0xFE,0x4D,0xB2,
    0x41,0x82,0x1C,0x38,0x09,0x90,0x0D,0xB0,0x1F,0xF8,0x10,0x08,0x1F,0xF8,0x1F,0xF8,0x10,0x08,0x10,0x18,0x10,0x10,0x00,0x00,
    0x00,0x00,0x4C,0x84,0x2D,0x24,0x2D,0x24,0x0C,0x24,0x3F,0x24,0x21,0x24,0x3F,0x24,0x21,0x24,0x21,0x24,0x3F,0x24,0x21,0x04,
    0x21,0x04,0x23,0x0C,0x00,0x00,0x00,0x00,0x00,0x20,0x00,0x64,0x79,0xFC,0x48,0x68,0x4B,0xFE,0x48,0x30,0x48,0x60,0x48,0xFC,
    0x49,0xB0,0x7A,0x20,0x4B,0xFE,0x40,0x20,0x00,0x20,0x00,0x60,0x00,0x00,0x00,0x00,0x1E,0x7C,0x33,0x44,0x3F,0x7C,0x00,0x00,
    0x7F,0xFE,0x01,0x00,0x1F,0xF8,0x11,0x08,0x17,0x78,0x7C,0x1E,0x78,0x00,0x33,0x4C,0x33,0x44,0x3F,0x7C,0x00,0x00,0x00,0x00,
    0x10,0x00,0x11,0x32,0x3D,0xB6,0x7C,0xB4,0x40,0x30,0x3C,0xFE,0x10,0x86,0x10,0xFE,0x7C,0x86,0x10,0x86,0x10,0xFE,0x1C,0x86,
    0x18,0x84,0x10,0x8C,0x00,0x00,0x00,0x00,0x00,0x00,0x00,0x20,0x32,0x26,0x13,0x24,0x01,0x24,0x00,0x60,0x63,0xFE,0x32,0x06,
    0x03,0xFE,0x03,0xFE,0x12,0x06,0x33,0xFE,0x23,0x06,0x22,0x06,0x62,0x0E,0x00,0x00,0x00,0x00,0x01,0x00,0x01,0x80,0x7F,0xFE,
    0x60,0x06,0x19,0x90,0x05,0xB0,0x1F,0xF8,0x10,0x08,0x10,0x08,0x1F,0xF8,0x10,0x08,0x1F,0xF8,0x10,0x08,0x10,0x38,0x10,0x00,
    0x00,0x00,0x01,0x08,0x31,0xF0,0x18,0xF8,0x03,0x8C,0x02,0x40,0x67,0xFE,0x31,0x80,0x01,0xFC,0x03,0x04,0x37,0xFC,0x25,0x04,
    0x21,0xFC,0x61,0x0C,0x41,0x0C,0x01,0x08,0x00,0x00,0x00,0x80,0x00,0xDE,0x7F,0xE0,0x4C,0x4C,0x4C,0x78,0x4C,0x72,0x7D,0x9E,
    0x4C,0x0C,0x4F,0xFE,0x4C,0x90,0x7C,0x90,0x40,0x90,0x41,0x92,0x07,0x1E,0x00,0x00,0x01,0x80,0x01,0x80,0x01,0x80,0x01,0x80,
    0x09,0x90,0x19,0x98,0x11,0x88,0x11,0x8C,0x31,0x84,0x21,0x84,0x21,0x80,0x01,0x80,0x01,0x80,0x03,0x00,0x00,0x00,0x00,0x00,
    0x00,0x00,0x01,0x00,0x01,0x0C,0x1F,0xF8,0x01,0x30,0x7F,0xFE,0x01,0xC0,0x03,0x00,0x07,0xF8,0x18,0x70,0x60,0xC0,0x1F,0xFC,
    0x00,0x80,0x00,0x80,0x03,0x80,0x00,0x00,0x00,0x00,0x10,0x20,0x10,0x20,0x13,0xFE,0x7C,0x00,0x38,0x88,0x10,0x8C,0x39,0x06,
    0x3C,0x08,0x74,0x88,0x50,0xD8,0x50,0x70,0x10,0x70,0x10,0xD8,0x13,0x8E,0x00,0x00,0x01,0x80,0x11,0x88,0x09,0x98,0x09,0x90,
    0x1F,0xF8,0x10,0x0C,0x10,0x0C,0x1F,0xFC,0x10,0x0C,0x10,0x0C,0x1F,0xFC,0x10,0x0C,0x10,0x0C,0x10,0x18,0x00,0x00,0x00,0x00,
    0x00,0x20,0x00,0x60,0x79,0xFC,0x48,0x24,0x4B,0xFE,0x48,0x24,0x49,0xFC,0x48,0x60,0x4A,0x22,0x7A,0xAA,0x4A,0xAA,0x43,0xAA,
    0x04,0x22,0x0C,0x22,0x00,0x00,0x00,0x00,0x10,0x40,0x10,0x60,0x3F,0x7C,0x24,0x88,0x44,0x88,0x00,0x10,0x1F,0xF0,0x01,0x00,
    0x01,0x80,0x3F,0xFC,0x03,0xC0,0x02,0x60,0x0E,0x38,0x38,0x0C,0x00,0x00,0x00,0x00,0x00,0x00,0x08,0x30,0x08,0x20,0x7F,0x20,
    0x00,0x7E,0x12,0x4C,0x22,0xCC,0x63,0xC8,0x44,0x68,0x34,0x28,0x0C,0x38,0x0C,0x30,0x1A,0x30,0x30,0x6C,0x41,0x86,0x01,0x00,
    0x10,0x80,0x10,0x9E,0x11,0xCA,0x10,0x8A,0x7D,0xDA,0x10,0x92,0x3B,0xD2,0x3C,0xA6,0x50,0x20,0x53,0xFE,0x10,0x70,0x10,0x50,
    0x10,0x88,0x13,0x06,0x00,0x00,0x00,0x00,0x00,0x00,0x04,0x40,0x04,0x40,0x04,0x44,0x27,0x58,0x24,0x60,0x24,0x40,0x24,0x40,
    0x3F,0x66,0x70,0x3C,0x00,0x00,0x1F,0xF8,0x00,0x00,0x00,0x00,0x7F,0xFE,0x00,0x00,0x00,0x20,0x3F,0x20,0x21,0x20,0x3F,0x7E,
    0x21,0x42,0x3F,0xD6,0x10,0x10,0x3F,0x10,0x6D,0x90,0x6D,0x38,0x3F,0x38,0x21,0x28,0x3D,0x44,0x03,0xC2,0x00,0x00,0x00,0x00,
    0x00,0x00,0x10,0x84,0x10,0x84,0x7C,0xFC,0x54,0x84,0x54,0xFC,0x54,0x40,0x7C,0xFE,0x7D,0x92,0x10,0xB2,0x12,0xEA,0x1E,0xC2,
    0x7A,0xF2,0x00,0x0C,0x00,0x00,0x00,0x00,0x00,0x10,0x36,0x10,0x7F,0x7C,0x36,0x10,0x3E,0x10,0x08,0x10,0x7E,0x7E,0x4B,0x10,
    0x7B,0x10,0x18,0xFE,0x08,0x10,0x7F,0x10,0x08,0x10,0x08,0xFE,0x08,0x00,0x00,0x00,0x10,0x40,0x10,0x40,0x10,0x40,0x11,0xF8,
    0x7C,0xC8,0x30,0x48,0x10,0xC8,0x12,0xCA,0x16,0x8A,0x14,0x88,0x11,0x88,0x11,0x18,0x13,0x18,0x16,0x30,0x00,0x00,0x00,0x00,
    0x00,0x00,0x10,0x20,0x10,0x20,0x13,0xFE,0x78,0x60,0x11,0x24,0x11,0x28,0x10,0x28,0x38,0x60,0x73,0xFE,0x10,0x70,0x10,0xD0,
    0x10,0x98,0x11,0x8C,0x76,0x06,0x00,0x00,0x00,0x00,0x10,0x10,0x11,0x10,0x11,0xFE,0x13,0x10,0x7B,0xFE,0x15,0x10,0x11,0xFC,
    0x1D,0xFE,0x71,0x00,0x11,0xF8,0x10,0x4C,0x10,0xCE,0x10,0x82,0x33,0x0E,0x00,0x08,0x00,0x00,0x3F,0x3E,0x02,0x24,0x12,0x24,
    0x12,0x24,0x32,0x28,0x3F,0xA8,0x0E,0x24,0x0A,0x26,0x0A,0x22,0x12,0x26,0x22,0x2C,0x42,0x20,0x06,0x20,0x00,0x00,0x00,0x00,
    0x00,0x00,0x08,0x08,0x0C,0x08,0x12,0x68,0x31,0x28,0x7E,0x08,0x4C,0x08,0x08,0x48,0x7F,0x28,0x0C,0x0C,0x28,0x7E,0x2B,0x48,
    0x69,0x08,0x48,0x08,0x18,0x08,0x00,0x00,0x00,0x00,0x3C,0x60,0x24,0x60,0x24,0x60,0x2D,0xF8,0x3C,0x48,0x25,0x4E,0x25,0x4A,
    0x3D,0x4A,0x26,0x4A,0x24,0xC8,0x44,0x88,0x45,0x88,0x5F,0x38,0x00,0x00,0x00,0x00,0x00,0x00,0x02,0x30,0x32,0x16,0x13,0xD8,
    0x02,0x10,0x02,0x12,0x73,0x9E,0x10,0x00,0x10,0xC0,0x13,0xFC,0x13,0x04,0x13,0xFC,0x1F,0x04,0x33,0x04,0x23,0xFC,0x00,0x04,
    0x00,0x00,0x7F,0xFE,0x60,0x06,0x6C,0x02,0x0C,0x00,0x0F,0xF8,0x08,0x00,0x08,0x00,0x0F,0xFC,0x00,0x0C,0x00,0x0C,0x3F,0xCC,
    0x00,0x08,0x00,0x38,0x00,0x00,0x00,0x00,0x00,0x00,0x10,0x30,0x10,0x24,0x10,0x30,0x7B,0xFE,0x30,0x20,0x32,0xA4,0x32,0x94,
    0x7F,0xF4,0x72,0x98,0x52,0x98,0x12,0x98,0x12,0x9A,0x14,0x2E,0x10,0x46,0x00,0x00,0x00,0x00,0x10,0x00,0x10,0x00,0x3F,0x3E,
    0x24,0x26,0x44,0x26,0x7F,0xA6,0x04,0x26,0x04,0x26,0x27,0x26,0x24,0x26,0x24,0x26,0x27,0xAC,0x7C,0x20,0x00,0x20,0x00,0x20,
    0x00,0x00,0x18,0x00,0x3E,0x7E,0x24,0x22,0x7F,0x6C,0x3D,0x08,0x3D,0x7E,0x3F,0x48,0x25,0x7E,0x41,0x08,0x1F,0xF8,0x11,0x88,
    0x1F,0xF8,0x11,0x98,0x3F,0xFC,0x20,0x04,0x00,0x00,0x11,0x00,0x13,0x3E,0x13,0x9A,0x1C,0x92,0x7B,0xD6,0x55,0x44,0x55,0x54,
    0x17,0xDC,0x15,0x7C,0x15,0x44,0x17,0xDE,0x15,0x4C,0x14,0x44,0x18,0xC4,0x00,0x00,0x00,0x08,0x22,0x48,0x1A,0x48,0x02,0x48,
    0x03,0x6C,0x67,0xFE,0x12,0x48,0x02,0x48,0x02,0x48,0x1A,0x68,0x12,0x78,0x32,0x00,0x23,0x00,0x63,0xFE,0x00,0x00,0x00,0x00,
    0x00,0x00,0x37,0xFE,0x1E,0x02,0x05,0x02,0x41,0x80,0x61,0xFC,0x11,0x00,0x01,0x80,0x01,0xFE,0x10,0x04,0x17,0xF4,0x20,0x04,
    0x20,0x04,0x40,0x1C,0x00,0x00,0x00,0x00,0x01,0x04,0x21,0x04,0x17,0xC4,0x04,0x44,0x07,0xDE,0x66,0x44,0x27,0xC4,0x26,0x74,
    0x26,0x54,0x2F,0xC4,0x39,0x44,0x33,0x44,0x26,0x44,0x0C,0xCC,0x00,0x08,0x00,0x00,0x00,0x00,0x1F,0xFC,0x10,0x04,0x1F,0xFC,
    0x10,0x40,0x16,0x48,0x12,0x50,0x17,0xFC,0x14,0x04,0x37,0xFC,0x24,0x04,0x27,0xFC,0x64,0x04,0x44,0x0C,0x00,0x08,0x00,0x00,
    0x04,0x20,0x7F,0xFE,0x04,0x60,0x08,0x00,0x0C,0x7E,0x12,0x60,0x12,0x60,0x7F,0x7E,0x0C,0x6C,0x3F,0x48,0x0C,0x48,0x35,0x48,
    0x65,0xC8,0x1C,0x88,0x00,0x00,0x00,0x00,0x00,0x00,0x04,0x20,0x04,0x20,0x7F,0xFE,0x04,0x20,0x04,0x20,0x00,0x00,0x01,0x80,
    0x24,0xC8,0x24,0x4C,0x24,0x04,0x24,0x06,0x64,0x10,0x04,0x10,0x07,0xF0,0x00,0x00,0x00,0x00,0x10,0x20,0x30,0x30,0x3C,0xFE,
    0x20,0x00,0x40,0xC8,0x7C,0x48,0x08,0x18,0x08,0xFE,0x7E,0x30,0x08,0x30,0x09,0xFE,0x0E,0x30,0x1C,0x30,0x18,0x30,0x00,0x10,
    0x00,0x00,0x3E,0x60,0x20,0x40,0x20,0x7E,0x20,0xC4,0x3E,0x84,0x24,0xA0,0x24,0x20,0x24,0x30,0x24,0x30,0x24,0x70,0x64,0xD8,
    0x44,0x8C,0x43,0x06,0x00,0x00,0x00,0x00,0x00,0x00,0x01,0x00,0x01,0x80,0x3F,0xFC,0x00,0x00,0x0C,0x30,0x04,0x20,0x7F,0xFE,
    0x7F,0xFE,0x01,0x80,0x01,0x80,0x3F,0xFC,0x01,0x80,0x01,0x80,0x01,0x80,0x00,0x00,0x00,0x00,0x08,0x0E,0x0C,0x78,0x7F,0x60,
    0x02,0x60,0x12,0x60,0x7F,0x7E,0x7F,0x64,0x08,0x64,0x7F,0x64,0x0C,0x44,0x3A,0x44,0x69,0x44,0x48,0xC4,0x18,0x84,0x00,0x84,
    0x10,0x00,0x10,0xFC,0x10,0x80,0x54,0x80,0x56,0x80,0x52,0xFE,0x50,0x88,0x10,0x88,0x10,0x88,0x11,0x88,0x11,0x08,0x11,0x08,
    0x13,0x08,0x12,0x08,0x00,0x00,0x00,0x00,0x00,0x00,0x01,0x00,0x01,0x80,0x00,0x80,0x00,0x80,0x00,0x00,0x26,0x08,0x26,0x0C,
    0x26,0x06,0x66,0x06,0x66,0x00,0x46,0x00,0x06,0x08,0x06,0x18,0x03,0xF0,0x00,0x00,0x08,0x40,0x18,0x60,0x17,0xFE,0x10,0x00,
    0x31,0xFC,0x30,0x00,0x50,0x00,0x13,0xFC,0x10,0x00,0x13,0xFC,0x13,0x04,0x13,0x04,0x13,0xFC,0x13,0x04,0x10,0x00,0x00,0x00,
    0x00,0x00,0x10,0x10,0x10,0x10,0x10,0xD2,0x7F,0x54,0x55,0x54,0x55,0x10,0x55,0x7E,0x55,0x10,0x55,0x10,0x55,0x10,0x55,0xFE,
    0x57,0x10,0x78,0x10,0x00,0x10,0x00,0x10,0x00,0x00,0x1F,0xF8,0x10,0x08,0x1F,0xF8,0x10,0x08,0x1F,0xF8,0x00,0x00,0x19,0x80,
    0x3F,0xFC,0x61,0x80,0x41,0x80,0x1F,0xF8,0x01,0x80,0x7F,0xFE,0x7F,0xFE,0x00,0x00,0x00,0x00,0x3C,0xFC,0x24,0x84,0x24,0xFC,
    0x3C,0x84,0x24,0xFC,0x24,0x90,0x24,0xB0,0x3D,0xFC,0x25,0x10,0x24,0xFC,0x24,0x30,0x44,0x10,0x4D,0xFE,0x00,0x00,0x00,0x00,
    0x00,0x00,0x05,0xFC,0x2D,0x04,0x19,0xFC,0x39,0xFC,0x69,0x04,0x09,0xFC,0x08,0x20,0x19,0x20,0x3B,0xFC,0x6E,0x20,0x09,0xFC,
    0x08,0x30,0x18,0x20,0x33,0xFE,0x00,0x00,0x10,0x00,0x11,0xFC,0x11,0x04,0x11,0xFC,0x55,0x04,0x55,0xFC,0x50,0x00,0x11,0x20,
    0x13,0xFC,0x12,0x20,0x10,0xFC,0x10,0x30,0x10,0x20,0x13,0xFE,0x00,0x00,0x00,0x00,0x01,0x00,0x01,0x08,0x21,0x08,0x11,0x18,
    0x19,0x90,0x08,0x30,0x00,0x20,0x7F,0xFE,0x00,0x00,0x04,0x40,0x0C,0x60,0x18,0x38,0x30,0x0C,0x60,0x04,0x00,0x00,0x00,0x00,
    0x00,0x02,0x3F,0x82,0x13,0x32,0x13,0x32,0x13,0x32,0x13,0x32,0x7F,0xB2,0x1B,0x32,0x13,0x32,0x13,0x32,0x13,0x32,0x33,0x02,
    0x23,0x02,0x63,0x0E,0x00,0x08,0x00,0x00,0x00,0x04,0x3F,0xA4,0x09,0x24,0x09,0x24,0x7F,0xA4,0x7F,0xA4,0x11,0x24,0x31,0x04,
    0x61,0x0C,0x01,0x80,0x1F,0xFC,0x01,0x80,0x01,0x80,0x7F,0xFE,0x00,0x00,0x00,0x00,0x00,0x00,0x3F,0x8C,0x12,0x18,0x12,0x30,
    0x12,0x60,0x12,0x04,0x7F,0x8C,0x13,0x18,0x12,0x30,0x12,0x42,0x12,0x04,0x22,0x18,0x22,0x30,0x62,0x60,0x00,0x00,0x00,0x00,
    0x3F,0xBE,0x3F,0xBE,0x12,0x26,0x12,0x24,0x12,0x24,0x12,0x2C,0x7F,0xAC,0x13,0x24,0x12,0x22,0x12,0x22,0x32,0x26,0x22,0x2C,
    0x22,0x20,0x62,0x20,0x00,0x20,0x00,0x00,0x00,0x00,0x18,0x00,0x11,0xFC,0x30,0x00,0x60,0x00,0x48,0x00,0x19,0xFE,0x10,0x18,
    0x30,0x10,0x70,0x10,0x10,0x10,0x10,0x10,0x10,0x10,0x10,0x10,0x10,0x30,0x10,0x20,0x00,0x7E,0x7E,0x42,0x14,0x46,0x3C,0x7E,
    0x7E,0x42,0x5E,0x7E,0x5E,0x10,0x7E,0x50,0x66,0xFE,0x43,0x90,0x7E,0x7C,0x42,0x18,0x7E,0x10,0x42,0xFE,0x40,0x00,0x00,0x00,
    0x01,0x80,0x01,0x80,0x1F,0xFC,0x01,0x80,0x01,0x80,0x7F,0xFE,0x04,0x20,0x04,0x60,0x1F,0xFC,0x01,0x80,0x01,0x80,0x7F,0xFE,
    0x01,0x80,0x01,0x80,0x00,0x80,0x00,0x00,0x01,0x80,0x01,0x80,0x7F,0xFE,0x03,0xC0,0x07,0xE0,0x0D,0xB0,0x19,0x9C,0x60,0x06,
    0x1F,0xF8,0x18,0x08,0x10,0x08,0x18,0x08,0x1F,0xF8,0x18,0x08,0x00,0x00,0x00,0x00,0x10,0x20,0x10,0x20,0x11,0x20,0x1D,0xB0,
    0x55,0xFC,0x57,0x20,0x52,0x20,0x10,0x20,0x11,0xFC,0x10,0x20,0x10,0x20,0x10,0x20,0x10,0x20,0x13,0xFE,0x10,0x00,0x00,0x00,
    0x00,0x00,0x18,0x30,0x10,0xB0,0x10,0xB0,0x11,0xFE,0x7D,0x30,0x35,0x30,0x24,0x30,0x24,0xFC,0x2C,0xFC,0x38,0x30,0x18,0x30,
    0x1C,0x30,0x30,0x30,0x63,0xFE,0x00,0x00,0x00,0x00,0x1F,0xF8,0x18,0x18,0x18,0x18,0x18,0x18,0x18,0x18,0x1F,0xF8,0x06,0x40,
    0x06,0x40,0x04,0x40,0x0C,0x40,0x18,0x42,0x30,0x46,0x60,0x7E,0x00,0x00,0x00,0x00,0x00,0x00,0x00,0x00,0x08,0x30,0x0C,0x60,
    0x26,0x46,0x23,0xC6,0x21,0x86,0x21,0xC6,0x23,0x66,0x26,0x36,0x2C,0x16,0x28,0x06,0x20,0x06,0x3F,0xFE,0x00,0x06,0x00,0x00,
    0x00,0x00,0x00,0xC0,0x3C,0x80,0x24,0xFE,0x25,0x02,0x3D,0x12,0x26,0xE2,0x25,0x6A,0x25,0x6A,0x3D,0x6A,0x25,0xBA,0x25,0x0A,
    0x45,0xFA,0x44,0x02,0x5C,0x0E,0x00,0x08,0x00,0x00,0x0C,0x00,0x18,0x00,0x1F,0xFE,0x30,0x06,0x64,0x86,0x05,0x86,0x33,0x26,
    0x33,0x26,0x33,0xA6,0x34,0xA6,0x30,0x26,0x30,0xE6,0x3F,0x26,0x00,0x1C,0x00,0x00,0x00,0x00,0x31,0x18,0x19,0x90,0x00,0x90,
    0x06,0xF6,0x36,0x66,0x16,0x66,0x06,0x66,0x06,0x56,0x36,0x9E,0x27,0x8E,0x26,0x06,0x67,0xFE,0x43,0x86,0x00,0x00,0x00,0x00,
    0x18,0x40,0x10,0xC8,0x10,0x80,0x7F,0xFE,0x31,0x98,0x23,0x98,0x28,0xFE,0x68,0x98,0x58,0x98,0x54,0xFE,0x36,0x98,0x26,0x98,
    0x7E,0xFE,0x00,0x80,0x00,0x80,0x00,0x00,0x00,0x00,0x18,0x40,0x12,0x44,0x23,0x78,0x7F,0xC2,0x00,0x7E,0x3F,0x00,0x3F,0x44,
    0x23,0x7C,0x3F,0x60,0x23,0x62,0x27,0x7E,0x00,0x00,0x64,0x44,0x46,0x66,0x00,0x00,0x18,0x40,0x18,0x40,0x10,0x40,0x30,0x40,
    0x37,0xFE,0x70,0xE0,0x50,0xF0,0x11,0xF0,0x11,0x58,0x13,0x48,0x12,0x4C,0x16,0x46,0x10,0x40,0x10,0x40,0x00,0x00,0x00,0x00,
    0x00,0x00,0x18,0x40,0x10,0xC0,0x10,0xF8,0x35,0xC8,0x35,0x30,0x74,0x78,0x57,0x86,0x14,0x30,0x14,0xC8,0x14,0x18,0x14,0x60,
    0x11,0xCE,0x10,0x38,0x11,0xE0,0x01,0x00,0x00,0x00,0x04,0x20,0x04,0x60,0x3F,0xFC,0x01,0x00,0x3F,0xF8,0x02,0x00,0x7F,0xFE,
    0x06,0x00,0x07,0xF8,0x08,0x88,0x19,0x88,0x27,0xF8,0x01,0x08,0x1F,0xFE,0x00,0x00,0x08,0x00,0x09,0xFE,0x08,0x60,0x7E,0x40,
    0x18,0x40,0x18,0x40,0x18,0xFC,0x3E,0x04,0x2A,0x04,0x68,0x04,0x48,0x04,0x08,0x04,0x08,0x0C,0x08,0x18,0x00,0x00,0x00,0x00,
    0x00,0x00,0x00,0x40,0x00,0x40,0x69,0x0C,0x49,0xFC,0x49,0x04,0x49,0xFC,0x49,0x04,0x49,0xFC,0x48,0x48,0x78,0x68,0x4B,0xFE,
    0x40,0x70,0x00,0x98,0x07,0x0E,0x00,0x00,0x00,0x00,0x10,0x1C,0x11,0xE0,0x30,0x20,0x3D,0xFE,0x40,0xF8,0x7C,0xA8,0x11,0x26,
    0x12,0x22,0x7C,0xF8,0x10,0x58,0x10,0x4C,0x14,0x84,0x19,0x84,0x13,0x1C,0x00,0x00,0x00,0x30,0x1F,0xF0,0x01,0x80,0x3F,0xFC,
    0x07,0xC0,0x05,0xE0,0x0D,0xB0,0x79,0x8E,0x2F,0xE0,0x02,0x20,0x06,0x7C,0x04,0x0C,0x0C,0x08,0x38,0x38,0x20,0x00,0x00,0x00,
    0x00,0x00,0x08,0x30,0x08,0x30,0x00,0x30,0x00,0xFE,0x7D,0xB6,0x09,0xB2,0x1B,0xB2,0x3D,0xFE,0x3F,0xB6,0x59,0xB2,0x19,0xB2,
    0x19,0xFE,0x19,0xFE,0x19,0x82,0x00,0x00,0x00,0x0C,0x11,0xFC,0x30,0x20,0x20,0x60,0x6C,0xF0,0x78,0xF8,0x51,0xAC,0x13,0x26,
    0x21,0xF8,0x78,0xD8,0x00,0x9C,0x00,0x84,0x7D,0x84,0x03,0x1C,0x02,0x00,0x00,0x00,0x30,0x40,0x30,0x7C,0x30,0x40,0x33,0xFE,
    0x7A,0x42,0x33,0xF8,0x32,0x46,0x32,0x7C,0x32,0x40,0x37,0x5A,0x35,0x5E,0x65,0x5C,0x0C,0x58,0x0B,0xFE,0x00,0x00,0x00,0x00,
    0x00,0x00,0x00,0x98,0x00,0x88,0x00,0x80,0x1F,0xFE,0x10,0x80,0x10,0xC8,0x10,0xC8,0x1F,0x58,0x1F,0x50,0x30,0x70,0x20,0x60,
    0x20,0xF0,0x61,0x9A,0x43,0x0E,0x00,0x00,0x1F,0xFC,0x01,0x80,0x7F,0xFE,0x61,0x82,0x5D,0xB2,0x01,0x80,0x1D,0xB0,0x00,0x00,
    0x7F,0xFE,0x01,0x00,0x3F,0xFC,0x22,0x44,0x22,0x44,0x22,0x4C,0x00,0x00,0x00,0x00,0x00,0x00,0x01,0x00,0x01,0xFC,0x01,0x00,
    0x3F,0xFE,0x31,0x06,0x3F,0xF0,0x31,0x0C,0x31,0xF8,0x20,0x00,0x21,0x20,0x2D,0x24,0x25,0x2C,0x61,0x20,0x4F,0xFE,0x00,0x00,
    0x00,0x00,0x00,0x40,0x00,0x7C,0x78,0x40,0x4B,0xFE,0x4A,0x42,0x4A,0xF8,0x4A,0xE0,0x4A,0x7C,0x4A,0x00,0x7A,0x58,0x4B,0x5A,
    0x44,0xDC,0x04,0x58,0x0D,0xFE,0x00,0x00,0x00,0x00,0x1B,0xFE,0x10,0x20,0x20,0x60,0x41,0xFC,0x09,0x04,0x19,0x24,0x31,0x24,
    0x61,0x24,0x0D,0x24,0x19,0x64,0x30,0x58,0x61,0x8C,0x47,0x06,0x00,0x00,0x00,0x00,0x08,0x60,0x10,0x60,0x30,0xD0,0x20,0x98,
    0x09,0x0C,0x1B,0xFE,0x10,0x20,0x30,0x60,0x73,0xFE,0x50,0x20,0x11,0x28,0x13,0x24,0x16,0x26,0x10,0xE0,0x10,0x00,0x00,0x00,
    0x00,0x00,0x10,0x80,0x10,0x80,0x19,0xFC,0x01,0xFC,0x73,0x30,0x72,0x30,0x10,0x30,0x10,0x30,0x13,0xFE,0x10,0x30,0x14,0x30,
    0x1C,0x30,0x18,0x30,0x10,0x30,0x00,0x20,0x00,0x00,0x04,0x20,0x7F,0xFE,0x04,0x20,0x7F,0xFE,0x03,0x20,0x0F,0xF0,0x03,0x80,
    0x0F,0x18,0x3C,0x04,0x1F,0xF8,0x11,0x88,0x1F,0xF8,0x11,0x88,0x1F,0xF8,0x10,0x08,0x7F,0x04,0x1C,0x24,0x14,0x24,0x7F,0x6A,
    0x55,0x5A,0x55,0x5A,0x55,0x5A,0x55,0x5A,0x77,0x5A,0x41,0x66,0x7F,0x66,0x41,0x42,0x7F,0x7E,0x41,0x02,0x40,0x00,0x00,0x00,
    0x00,0x00,0x0C,0x00,0x0C,0x00,0x13,0x7C,0x31,0xC4,0x7E,0x44,0x4C,0x64,0x04,0x28,0x7F,0x28,0x0C,0x28,0x25,0x38,0x25,0x30,
    0x64,0x38,0x4C,0x6C,0x19,0xC6,0x00,0x00,0x00,0x00,0x18,0x00,0x18,0x00,0x10,0x7C,0x7E,0x44,0x7E,0x44,0x12,0x44,0x12,0x7C,
    0x12,0x44,0x12,0x44,0x12,0x44,0x32,0x7C,0x22,0x00,0x63,0x02,0x43,0xFE,0x00,0x00,0x00,0x00,0x00,0x80,0x00,0xC0,0x3F,0xFE,
    0x20,0x00,0x27,0xF8,0x20,0x30,0x20,0xE0,0x20,0x60,0x2F,0xFE,0x20,0x44,0x20,0x40,0x60,0x40,0x60,0x40,0x41,0xC0,0x00,0x00,
    0x00,0x00,0x01,0x80,0x01,0xC0,0x7F,0xFE,0x06,0x20,0x1D,0xE0,0x13,0x90,0x0E,0x1C,0x3F,0xF6,0x00,0x00,0x1F,0xFC,0x10,0x8C,
    0x1F,0xFC,0x10,0x8C,0x1F,0xFC,0x10,0x08,0x10,0x40,0x10,0x40,0x10,0xC0,0x13,0xFC,0x5E,0x54,0x56,0x54,0x52,0x54,0x12,0x54,
    0x12,0x54,0x12,0x54,0x12,0x54,0x12,0x54,0x13,0xD4,0x17,0xFE,0x00,0x00,0x00,0x00,0x08,0x00,0x08,0x3C,0x7F,0x26,0x11,0x26,
    0x0F,0x26,0x1D,0xBC,0x73,0x30,0x0E,0x60,0x09,0x90,0x06,0x18,0x1F,0xCC,0x00,0x80,0x1C,0x98,0x33,0x86,0x00,0x00,0x00,0x00,
    0x10,0x00,0x11,0xFC,0x10,0x20,0x7D,0xB8,0x35,0xA0,0x27,0x7E,0x26,0x06,0x2D,0xFC,0x69,0x04,0x39,0xFC,0x19,0x04,0x35,0xFC,
    0x61,0x0C,0x41,0x0C,0x00,0x08,0x00,0x00,0x00,0x40,0x10,0x44,0x31,0xF4,0x24,0x48,0x64,0x58,0x7B,0xFE,0x18,0x20,0x10,0xFC,
    0x31,0x8C,0x7F,0x84,0x03,0xFC,0x05,0x84,0x7D,0xFC,0x01,0xFC,0x00,0x00,0x00,0x00,0x10,0x20,0x30,0x20,0x21,0xFE,0x2C,0x20,
    0x49,0xFE,0x78,0x04,0x10,0xF0,0x31,0x30,0x21,0xB0,0x78,0x30,0x01,0xFE,0x08,0x60,0x78,0xCC,0x03,0x86,0x00,0x00,0x00,0x00,
    0x00,0x00,0x18,0x00,0x10,0xFE,0x7E,0x10,0x30,0x10,0x20,0x10,0x28,0x10,0x6C,0x10,0x7E,0xFE,0x08,0x10,0x0D,0x10,0x7E,0x10,
    0x08,0x10,0x08,0x10,0x08,0x10,0x00,0x10,0x00,0x00,0x00,0x20,0x3B,0xFC,0x7B,0xFE,0x4A,0x02,0x49,0xFC,0x48,0x00,0x49,0xFC,
    0x49,0x04,0x49,0xFC,0x79,0xFC,0x69,0x04,0x49,0xFC,0x40,0x00,0x03,0xFE,0x00,0x00,0x00,0x00,0x01,0x80,0x01,0x80,0x7F,0xFE,
    0x40,0x02,0x4F,0xF0,0x00,0x00,0x1F,0xF8,0x18,0x18,0x1F,0xF8,0x1F,0xF8,0x18,0x18,0x1F,0xF8,0x00,0x00,0x7F,0xFE,0x00,0x00,
    0x1F,0xF0,0x18,0x18,0x1F,0xF8,0x18,0x18,0x1F,0xF8,0x18,0x18,0x7F,0xFE,0x06,0x30,0x0C,0x38,0x1F,0x08,0x00,0x80,0x24,0x8C,
    0x24,0x16,0x47,0xF2,0x00,0x00,0x00,0x00,0x00,0x00,0x08,0x40,0x08,0xC0,0x00,0xFE,0x7F,0x80,0x11,0xFE,0x11,0x7E,0x1C,0x16,
    0x34,0x90,0x34,0x9C,0x24,0x90,0x25,0x90,0x65,0xD0,0x5D,0x70,0x42,0x1E,0x00,0x00,0x00,0x00,0x01,0x80,0x3F,0xFE,0x7F,0xFE,
    0x02,0x00,0x06,0x20,0x0C,0x20,0x18,0x60,0x1F,0xC0,0x01,0x80,0x03,0x30,0x04,0x18,0x1C,0xFC,0x1F,0x04,0x00,0x00,0x00,0x00,
    0x00,0x60,0x33,0x60,0x13,0xF8,0x12,0x60,0x00,0x60,0x00,0x60,0x73,0xFC,0x10,0xB0,0x10,0xB0,0x11,0xB0,0x11,0x16,0x12,0x1C,
    0x3C,0x00,0x63,0xFE,0x00,0x00,0x00,0x00,0x00,0x00,0x00,0x40,0x1F,0xFE,0x10,0x00,0x12,0x04,0x77,0x94,0x1D,0x9C,0x17,0xDE,
    0x15,0x48,0x77,0xDE,0x15,0x48,0x17,0xC8,0x30,0x3E,0x20,0xC8,0x6F,0x08,0x00,0x08,0x00,0x00,0x00,0x20,0x7C,0x20,0x64,0x20,
    0x45,0xFE,0x64,0x60,0x7C,0x40,0x44,0x88,0x45,0x98,0x7D,0xF0,0x64,0x20,0x44,0x48,0x6C,0x8C,0x7D,0xFC,0x41,0xC4,0x00,0x00,
    0x00,0x40,0x18,0xC0,0x10,0xFC,0x34,0x86,0x25,0x86,0x7D,0xF6,0x0B,0x96,0x10,0x96,0x30,0xF6,0x3C,0x96,0x00,0x96,0x06,0xF6,
    0x38,0x06,0x00,0x0E,0x00,0x00,0x00,0x00,0x24,0x40,0x24,0x50,0x7E,0xD0,0x24,0x90,0x3C,0x96,0x09,0x9C,0x7F,0x98,0x4A,0xB0,
    0x5E,0xF0,0x7C,0x90,0x08,0x90,0x7E,0x90,0x08,0x92,0x08,0x9E,0x00,0x00,0x00,0x00,0x04,0x20,0x7F,0xFE,0x04,0x60,0x10,0x20,
    0x10,0x30,0x3E,0xFC,0x22,0x48,0x3E,0x48,0x21,0xFE,0x3E,0x10,0x26,0x30,0x22,0xFC,0x3E,0x10,0x22,0x10,0x00,0x00,0x00,0x00,
    0x00,0x00,0x01,0x18,0x31,0x98,0x18,0x30,0x3F,0xFC,0x7F,0xFE,0x60,0x06,0x0F,0xF0,0x00,0x70,0x00,0xC0,0x01,0x80,0x7F,0xFE,
    0x00,0x80,0x00,0x80,0x03,0x80,0x03,0x00,0x01,0x00,0x01,0x80,0x01,0x00,0x3F,0xFC,0x20,0x04,0x20,0x04,0x04,0x40,0x04,0x60,
    0x0C,0x20,0x08,0x30,0x18,0x10,0x10,0x18,0x30,0x0C,0x60,0x04,0x00,0x00,0x00,0x00,0x00,0x00,0x01,0x80,0x01,0x80,0x7F,0xFE,
    0x60,0x82,0x0C,0xB2,0x0C,0xB8,0x00,0x00,0x00,0x00,0x00,0x0C,0x00,0x0C,0x1F,0xFC,0x00,0x0C,0x1F,0xFC,0x00,0x00,0x00,0x00,
    0x00,0x00,0x00,0x00,0x02,0x00,0x02,0x00,0x3F,0xF8,0x32,0x48,0x32,0x48,0x32,0x48,0x32,0x48,0x32,0x48,0x32,0x48,0x32,0x48,
    0x32,0x48,0x36,0x6C,0x7F,0xFE,0x00,0x00,0x00,0x30,0x3F,0x30,0x21,0x30,0x3F,0x70,0x00,0x7E,0x3F,0x22,0x21,0x26,0x29,0x26,
    0x29,0x26,0x29,0x24,0x29,0x24,0x1E,0x44,0x32,0xC4,0x61,0x8C,0x00,0x00,0x00,0x00,0x00,0x00,0x00,0x78,0x3F,0x80,0x7F,0xFE,
    0x01,0x80,0x1F,0xF8,0x35,0xAC,0x35,0x2C,0x3F,0xFC,0x01,0x80,0x1F,0xF8,0x01,0x80,0x7F,0xFE,0x22,0x44,0x62,0x64,0x40,0x00,
    0x00,0x00,0x10,0x0C,0x13,0xF8,0x32,0x30,0x63,0xFE,0x4A,0x30,0x12,0x20,0x32,0xFC,0x72,0x84,0x52,0xFC,0x16,0x84,0x14,0xFC,
    0x14,0x84,0x14,0xFC,0x14,0x84,0x00,0x00,0x00,0x00,0x0C,0x00,0x08,0x00,0x1F,0xFC,0x10,0x04,0x30,0x04,0x6F,0xC4,0x48,0x44,
    0x08,0x44,0x0F,0xC4,0x08,0x44,0x08,0x44,0x0F,0xC4,0x08,0x04,0x00,0x1C,0x00,0x00,0x00,0x00,0x00,0x80,0x30,0x80,0x11,0xFE,
    0x01,0x02,0x02,0x02,0x77,0xF2,0x35,0x12,0x11,0x12,0x11,0xF2,0x11,0x12,0x11,0x12,0x1D,0xF2,0x38,0x02,0x30,0x0E,0x00,0x00,
    0x1F,0xF0,0x1F,0xF8,0x00,0x08,0x1F,0xF8,0x00,0x08,0x1F,0xF8,0x00,0x00,0x00,0x20,0x7F,0xFE,0x00,0x30,0x08,0x30,0x08,0x30,
    0x04,0x20,0x00,0x60,0x00,0x00,0x00,0x00,0x00,0x00,0x7C,0x84,0x04,0x94,0x24,0x94,0x24,0x94,0x24,0x94,0x2C,0x94,0x3C,0x94,
    0x04,0x94,0x04,0x94,0x75,0x94,0x45,0x14,0x05,0x04,0x1F,0x04,0x00,0x00,0x00,0x00,0x01,0x20,0x33,0x26,0x13,0x64,0x12,0x4C,
    0x06,0x48,0x04,0x98,0x76,0xC8,0x12,0x4C,0x12,0x64,0x13,0x26,0x11,0x24,0x10,0x00,0x2C,0x00,0x63,0xFE,0x00,0x00,0x00,0x00,
    0x00,0xC0,0x7E,0xC0,0x10,0xFE,0x11,0x86,0x31,0x06,0x3F,0xF6,0x65,0x96,0x45,0x96,0x5D,0xF6,0x19,0x96,0x19,0x96,0x11,0xF6,
    0x20,0x06,0x20,0x0C,0x00,0x08,0x00,0x00,0x00,0x00,0x37,0xF8,0x18,0x18,0x01,0x88,0x41,0x88,0x61,0x88,0x31,0x88,0x07,0xE8,
    0x01,0x88,0x19,0x88,0x11,0x88,0x31,0x8A,0x21,0x8E,0x61,0x86,0x00,0x00,0x00,0x00,0x20,0x00,0x30,0x00,0x19,0x22,0x01,0x32,
    0x01,0x32,0x71,0x32,0x11,0x32,0x11,0x32,0x11,0x32,0x11,0x32,0x15,0x32,0x1A,0x32,0x12,0x02,0x14,0x02,0x00,0x00,0x00,0x00,
    0x20,0x00,0x33,0xF8,0x18,0x88,0x00,0x88,0x00,0x88,0x70,0x88,0x11,0x88,0x13,0xE8,0x10,0x88,0x10,0x88,0x14,0x88,0x1C,0x8A,
    0x18,0x8E,0x10,0x86,0x00,0x00,0x00,0x00,0x00,0x00,0x00,0x10,0x6F,0x90,0x31,0x10,0x02,0x10,0x02,0x74,0x63,0x56,0x7F,0x52,
    0x32,0x52,0x32,0xD2,0x32,0x10,0x36,0x10,0x34,0x30,0x38,0x00,0x47,0xFE,0x00,0x00,0x00,0x00,0x20,0x00,0x27,0xF8,0x11,0x88,
    0x01,0x88,0x01,0x88,0x77,0xC8,0x37,0xC8,0x11,0x88,0x11,0x88,0x11,0x8A,0x11,0x8E,0x11,0x86,0x38,0x00,0x47,0xFE,0x00,0x00,
    0x00,0x00,0x3F,0xFC,0x30,0x00,0x30,0xC0,0x30,0xC0,0x30,0xC0,0x37,0xFC,0x30,0xC0,0x30,0xC0,0x20,0xD0,0x20,0xD8,0x20,0xC0,
    0x60,0xC0,0x4F,0xFC,0x00,0x00,0x00,0x00,0x00,0x00,0x10,0x00,0x11,0xFE,0x11,0x22,0x79,0x22,0x79,0x36,0x11,0xFE,0x11,0x22,
    0x39,0x22,0x71,0xFE,0x11,0xFE,0x10,0x20,0x10,0x20,0x10,0x20,0x30,0x20,0x00,0x00,0x00,0x00,0x00,0x20,0x7E,0x30,0x04,0xFC,
    0x24,0xD4,0x24,0xD4,0x24,0xC4,0x7E,0xCC,0x1C,0xC0,0x1C,0x7E,0x14,0x02,0x14,0x02,0x24,0xFA,0x64,0x02,0x0C,0x0E,0x00,0x08,
    0x00,0x00,0x00,0x20,0x7E,0x7C,0x52,0xC6,0x52,0xD4,0x52,0xD4,0x7E,0xC4,0x52,0xCC,0x52,0xC0,0x5A,0x7E,0x7E,0x02,0x50,0x02,
    0x10,0xF2,0x10,0x02,0x10,0x0E,0x00,0x08,0x00,0x00,0x03,0xFE,0x78,0x18,0x48,0x98,0x49,0x98,0x49,0x18,0x49,0xFE,0x48,0x78,
    0x48,0x58,0x78,0xD8,0x48,0x98,0x41,0x98,0x47,0x18,0x06,0x38,0x00,0x20,0x00,0x00,0x00,0x00,0x10,0x0C,0x18,0x18,0x0C,0x30,
    0x06,0x60,0x00,0xC0,0x01,0x80,0x01,0x80,0x01,0x80,0x01,0x80,0x01,0x80,0x01,0x80,0x01,0x80,0x01,0x80,0x00,0x00,0x00,0x00,
    0x04,0x20,0x06,0x60,0x7F,0xFE,0x04,0x20,0x00,0x00,0x3F,0xFC,0x10,0x20,0x10,0x20,0x3F,0xFE,0x00,0xA0,0x01,0xA0,0x07,0x20,
    0x0C,0x20,0x70,0xE0,0x00,0x00,0x00,0x00,0x00,0x00,0x3F,0xFC,0x00,0x20,0x08,0x20,0x18,0x20,0x10,0x60,0x1F,0xFE,0x00,0xE0,
    0x01,0xA0,0x03,0x20,0x06,0x20,0x0C,0x20,0x30,0x60,0x20,0xE0,0x00,0x00,0x00,0x00,0x00,0x00,0x18,0xFE,0x18,0x18,0x7E,0x08,
    0x5E,0x48,0x5A,0xC8,0x5A,0x88,0x5A,0xFE,0x7E,0x38,0x5A,0x28,0x1A,0x28,0x1E,0x48,0x3A,0xC8,0x61,0x88,0x01,0x18,0x00,0x00,
    0x01,0x80,0x31,0x84,0x3F,0xFC,0x00,0x00,0x3F,0xFE,0x20,0x80,0x20,0xC0,0x27,0xF8,0x20,0xC0,0x2F,0xFC,0x20,0x80,0x2F,0xF8,
    0x60,0xC0,0x4F,0xFC,0x00,0x00,0x00,0x00,0x00,0x00,0x10,0x00,0x37,0xCE,0x21,0x00,0x47,0xC0,0x11,0x40,0x33,0x5E,0x27,0xE4,
    0x60,0x04,0x27,0xC4,0x24,0x64,0x24,0x64,0x27,0xE4,0x26,0x64,0x24,0x0C,0x00,0x08,0x00,0x00,0x33,0xFE,0x12,0x20,0x02,0x20,
    0x02,0xFC,0x62,0x20,0x32,0x30,0x02,0x00,0x02,0x20,0x16,0x20,0x34,0xFC,0x24,0x20,0x2C,0x20,0x69,0xFE,0x00,0x00,0x00,0x00,
    0x00,0x50,0x3E,0x98,0x04,0x80,0x25,0xFE,0x27,0x90,0x24,0x90,0x3E,0xFC,0x0C,0x90,0x1C,0x90,0x14,0xFC,0x24,0x90,0x24,0x90,
    0x44,0xFE,0x1C,0x80,0x00,0x00,0x00,0x00,0x00,0x00,0x03,0xFC,0x78,0x90,0x48,0x90,0x48,0x90,0x4A,0x96,0x4A,0x94,0x4A,0x94,
    0x4A,0x94,0x4A,0x9C,0x78,0x90,0x48,0x90,0x40,0x90,0x07,0xFE,0x00,0x00,0x00,0x00,0x00,0x00,0x3F,0xFC,0x02,0x40,0x02,0x40,
    0x02,0x40,0x32,0x4C,0x12,0x48,0x12,0x48,0x1A,0x50,0x0A,0x50,0x02,0x40,0x02,0x40,0x06,0x40,0x7F,0xFE,0x00,0x00,0x00,0x00,
    0x00,0x00,0x30,0x00,0x13,0xFE,0x18,0x08,0x01,0x88,0x01,0x08,0x73,0x08,0x33,0xFF,0x30,0x28,0x30,0x68,0x34,0x48,0x3C,0xC8,
    0x39,0x88,0x33,0x08,0x22,0x38,0x00,0x00,0x00,0x00,0x3F,0xFC,0x01,0x80,0x09,0xF8,0x09,0x80,0x7F,0xFE,0x08,0x00,0x0F,0xF8,
    0x08,0x00,0x1F,0xFC,0x00,0x04,0x35,0xA4,0x24,0xA4,0x00,0x1C,0x00,0x00,0x00,0x00,0x00,0x00,0x7B,0xFE,0x4A,0x26,0x4A,0x26,
    0x4A,0x66,0x4A,0xFE,0x4A,0x66,0x4A,0x76,0x6A,0x56,0x7A,0xCE,0x4B,0x86,0x03,0x06,0x03,0xFE,0x02,0x06,0x00,0x00,0x00,0x00,
    0x00,0x00,0x10,0x00,0x19,0xFE,0x00,0x06,0x6F,0xF6,0x63,0x46,0x66,0x26,0x6D,0xBE,0x7F,0xE6,0x65,0xA6,0x65,0xA6,0x67,0xE6,
    0x65,0x86,0x61,0xF6,0x60,0x0C,0x00,0x00,0x10,0x00,0x11,0xFE,0x11,0x26,0x15,0x26,0x5D,0x26,0x59,0xFE,0x51,0x26,0x51,0x36,
    0x11,0x56,0x19,0x4E,0x1D,0x86,0x25,0x06,0x21,0xFE,0x41,0x06,0x00,0x00,0x00,0x00,0x00,0x00,0x00,0xC0,0x20,0xC0,0x17,0xFE,
    0x01,0x90,0x03,0x48,0x66,0x4E,0x2F,0xFE,0x02,0x48,0x03,0xF8,0x12,0x48,0x33,0xF8,0x23,0xF8,0x20,0x46,0x60,0x7C,0x00,0x00,
    0x08,0x20,0x08,0x20,0x3F,0x20,0x3F,0x2C,0x08,0x24,0x08,0x22,0x3F,0x20,0x60,0x20,0x00,0x00,0x1F,0xF8,0x12,0x48,0x12,0x48,
    0x12,0x48,0x7F,0xFE,0x00,0x00,0x00,0x00,0x00,0x00,0x3F,0xFC,0x02,0x40,0x12,0x48,0x1A,0x48,0x02,0x40,0x3F,0xFE,0x30,0x00,
    0x30,0x00,0x20,0x00,0x20,0x00,0x20,0x00,0x60,0x00,0x40,0x00,0x00,0x00,0x00,0x00,0x00,0xFC,0x7C,0xCC,0x10,0x48,0x10,0x48,
    0x30,0x48,0x3C,0x48,0x65,0xFE,0x64,0x48,0x24,0x48,0x24,0xC8,0x3C,0x88,0x34,0x88,0x21,0x88,0x03,0x08,0x00,0x08,0x00,0x00,
    0x00,0x00,0x10,0x06,0x11,0xBC,0x10,0x88,0x7C,0x88,0x55,0xA8,0x55,0x2E,0x55,0xEC,0x54,0x68,0x7C,0xA8,0x51,0xA8,0x15,0xBE,
    0x1D,0x80,0x73,0xE0,0x03,0x3E,0x02,0x00,0x01,0x80,0x31,0x8C,0x31,0x8C,0x3F,0xFC,0x00,0x00,0x00,0x00,0x7F,0xFE,0x06,0x00,
    0x06,0x00,0x0F,0xF8,0x1C,0x08,0x64,0x08,0x07,0xF8,0x04,0x08,0x00,0x00,0x00,0x00,0x00,0x08,0x79,0xF8,0x19,0x20,0x10,0x20,
    0x31,0x20,0x21,0x3C,0x39,0x20,0x09,0x20,0x49,0x20,0x39,0x20,0x31,0xFC,0x38,0x00,0x2E,0x00,0x43,0xFE,0x00,0x00,0x00,0x00,
    0x00,0x00,0x01,0x00,0x01,0x00,0x7F,0xFE,0x00,0x00,0x1F,0xF0,0x00,0x00,0x00,0x00,0x1F,0xF8,0x00,0x00,0x1F,0xF8,0x10,0x18,
    0x10,0x08,0x1F,0xF8,0x18,0x18,0x00,0x00,0x08,0x00,0x08,0xFE,0x3F,0x10,0x00,0x30,0x14,0xFC,0x3E,0x84,0x24,0x94,0x2C,0x94,
    0x32,0x94,0x64,0x94,0x48,0xB4,0x42,0x20,0x4C,0x6C,0x59,0xC6,0x01,0x00,0x00,0x00,0x00,0x00,0x10,0x00,0x1B,0xFC,0x00,0x04,
    0x03,0x04,0x67,0xE4,0x6C,0x44,0x60,0x44,0x6E,0xF4,0x6C,0x34,0x6E,0x74,0x6C,0x34,0x6F,0xF4,0x67,0xE4,0x60,0x0C,0x00,0x08,
    0x00,0x00,0x01,0x00,0x11,0x18,0x11,0x10,0x13,0x80,0x06,0xF0,0x0C,0x1C,0x79,0x06,0x21,0x00,0x09,0x18,0x11,0x90,0x13,0x80,
    0x06,0x40,0x0C,0x38,0x78,0x0E,0x00,0x00,0x00,0x00,0x31,0xF8,0x19,0x88,0x01,0x88,0x41,0x08,0x71,0x0E,0x13,0x00,0x00,0x00,
    0x01,0xFC,0x19,0x04,0x11,0x04,0x31,0x04,0x21,0xFC,0x61,0x04,0x00,0x04,0x00,0x00,0x00,0x00,0x01,0x00,0x03,0x00,0x7F,0xFE,
    0x06,0x60,0x0C,0x30,0x19,0x18,0x7F,0xFE,0x19,0x88,0x1F,0xF8,0x19,0x88,0x19,0x98,0x1F,0xF8,0x11,0x02,0x01,0xFE,0x00,0x00,
    0x00,0x00,0x10,0x60,0x10,0x40,0x13,0xFE,0x30,0x98,0x31,0x88,0x13,0x26,0x13,0xFE,0x19,0x2C,0x71,0xFC,0x11,0x6C,0x11,0xFC,
    0x11,0x60,0x10,0x20,0x30,0x3E,0x00,0x00,0x00,0x00,0x7D,0xFC,0x65,0x0C,0x65,0xFC,0x7D,0x0C,0x65,0x0C,0x65,0xFC,0x7D,0x20,
    0x65,0x26,0x65,0x3C,0x7D,0x18,0x65,0x18,0x41,0xCC,0x01,0x86,0x00,0x00,0x00,0x00,0x00,0x00,0x08,0x00,0x11,0x3C,0x20,0x80,
    0x60,0x00,0x0A,0x00,0x11,0x7E,0x30,0x08,0x30,0x08,0x50,0x08,0x11,0x08,0x11,0x08,0x13,0x08,0x12,0x08,0x12,0x38,0x10,0x00,
    0x00,0x00,0x00,0x40,0x30,0x60,0x17,0xFE,0x04,0x02,0x01,0xFA,0x60,0x40,0x33,0xFC,0x02,0x64,0x03,0xFC,0x12,0x64,0x12,0x64,
    0x21,0x98,0x61,0x8C,0x46,0x06,0x04,0x00,0x10,0x40,0x10,0x40,0x18,0xF8,0x7D,0x90,0x11,0x30,0x19,0xFC,0x7D,0x24,0x11,0x24,
    0x11,0xA4,0x7F,0xFC,0x11,0x00,0x11,0x00,0x11,0x86,0x10,0xFC,0x00,0x00,0x00,0x00,0x00,0x00,0x33,0xFE,0x32,0x00,0x32,0xFC,
    0x32,0x84,0x7A,0xFC,0x32,0x84,0x32,0xFC,0x32,0x20,0x33,0xFE,0x32,0x48,0x3A,0x78,0x72,0x3C,0x42,0xC2,0x03,0xFE,0x00,0x00,
    0x02,0x40,0x06,0x40,0x7F,0xFE,0x02,0x40,0x03,0xD0,0x08,0x14,0x7B,0xDC,0x0A,0x50,0x1A,0x50,0x7B,0xDE,0x08,0x00,0x00,0x00,
    0x22,0x44,0x22,0x66,0x00,0x00,0x00,0x00,0x00,0x00,0x1F,0xFE,0x10,0x00,0x10,0x90,0x10,0x88,0x10,0x80,0x1F,0xFE,0x10,0xC0,
    0x10,0xC0,0x31,0xC0,0x21,0x20,0x23,0x30,0x26,0x18,0x4C,0x06,0x00,0x00,0x00,0x00,0x00,0xFC,0x7E,0x84,0x10,0xA4,0x10,0xA4,
    0x30,0xA4,0x3C,0xA4,0x64,0xA4,0x64,0xA4,0x24,0xA4,0x24,0x70,0x3C,0x50,0x24,0x90,0x21,0x92,0x07,0x1E,0x00,0x00,0x00,0x00,
    0x3F,0xFC,0x3F,0xFC,0x20,0x50,0x26,0xC8,0x24,0xFC,0x2C,0xD8,0x2D,0x90,0x3D,0xFC,0x24,0x90,0x24,0xFC,0x24,0xD8,0x24,0x90,
    0x64,0xFE,0x44,0xFE,0x00,0x80,0x00,0x00,0x00,0x00,0x00,0x60,0x00,0x20,0x7B,0xFE,0x48,0x00,0x49,0xFC,0x49,0xFC,0x48,0x00,
    0x49,0xFC,0x48,0x00,0x79,0xFC,0x49,0x04,0x49,0x04,0x41,0xFC,0x01,0x04,0x01,0x04,0x00,0x00,0x00,0x80,0x1F,0xFC,0x1F,0xFC,
    0x04,0x20,0x04,0x20,0x3F,0xFE,0x20,0x20,0x21,0xE0,0x27,0x08,0x20,0x70,0x23,0xC0,0x26,0x1C,0x60,0xF0,0x4F,0x80,0x00,0x00,
    0x00,0x00,0x10,0x40,0x18,0x40,0x18,0xFC,0x1E,0x88,0x5D,0x08,0x58,0x00,0x51,0xDE,0x11,0x02,0x11,0x02,0x19,0xCE,0x3D,0x02,
    0x25,0x02,0x61,0xFE,0x41,0x86,0x00,0x00,0x00,0x00,0x01,0x80,0x7F,0xFE,0x60,0x06,0x6F,0xF2,0x18,0x10,0x1F,0xF0,0x18,0x10,
    0x1F,0xF0,0x03,0x00,0x7F,0xFE,0x0C,0x30,0x0E,0x60,0x01,0xE0,0x3F,0x1C,0x30,0x00,0x00,0x00,0x20,0x20,0x30,0x20,0x13,0xFE,
    0x00,0x88,0x00,0xD8,0x73,0xFE,0x12,0x18,0x12,0x70,0x12,0x4C,0x12,0x18,0x1A,0x62,0x3A,0x0E,0x36,0x18,0x04,0xE0,0x04,0x00,
    0x00,0x00,0x00,0x60,0x7C,0x60,0x0C,0xD0,0x08,0x98,0x69,0x0C,0x6B,0xFA,0x68,0x00,0x68,0x00,0x3D,0x2C,0x04,0xA8,0x34,0xA8,
    0x64,0x88,0x04,0x10,0x1D,0xFC,0x10,0x00,0x00,0x20,0x7C,0x20,0x30,0x20,0x11,0xFC,0x31,0xA4,0x3D,0xA4,0x25,0xA4,0x45,0xA4,
    0x5B,0xFE,0x18,0x30,0x18,0x50,0x10,0xD8,0x21,0x8C,0x43,0x06,0x00,0x00,0x00,0x00,0x00,0x00,0x01,0x80,0x01,0x80,0x01,0x80,
    0x1F,0xF8,0x11,0x88,0x11,0x08,0x11,0x08,0x31,0x88,0x7F,0xFE,0x02,0x40,0x06,0x60,0x04,0x30,0x18,0x18,0x70,0x0E,0x00,0x00,
    0x00,0x80,0x1F,0xF8,0x11,0x08,0x13,0x08,0x7F,0xFE,0x04,0x30,0x3D,0x9E,0x68,0x1E,0x09,0x10,0x08,0x20,0x0F,0xFC,0x00,0x04,
    0x7F,0xE4,0x00,0x1C,0x00,0x00,0x00,0x00,0x00,0x00,0x04,0x20,0x7C,0x20,0x10,0x20,0x11,0xFC,0x19,0x24,0x7D,0x24,0x11,0x24,
    0x39,0x24,0x3F,0xFE,0x74,0x30,0x50,0x70,0x50,0xD8,0x10,0x8C,0x13,0x06,0x00,0x00,0x00,0x00,0x19,0xFC,0x18,0x18,0x1C,0x30,
    0x7C,0x40,0x19,0xFE,0x3C,0x7E,0x3E,0x52,0x38,0xD2,0x58,0x92,0x5B,0x22,0x1A,0x66,0x18,0xC6,0x19,0x9C,0x00,0x00,0x00,0x00,
    0x11,0xFC,0x11,0xFC,0x10,0x18,0x18,0x20,0x7C,0x40,0x11,0xFE,0x10,0x7A,0x1C,0x5A,0x70,0xD2,0x11,0x92,0x13,0x32,0x12,0x62,
    0x10,0xC6,0x31,0x8C,0x00,0x00,0x00,0x00,0x01,0x18,0x19,0x90,0x10,0x10,0x17,0xFC,0x30,0x40,0x30,0x40,0x73,0xFC,0x50,0x60,
    0x10,0x40,0x10,0x40,0x17,0xFE,0x10,0x40,0x10,0x40,0x10,0x40,0x00,0x00,0x00,0x00,0x00,0x00,0x00,0x40,0x00,0xE0,0x08,0x00,
    0x48,0x00,0x6B,0xFC,0x28,0x30,0x08,0xC0,0x1B,0xFE,0x78,0x92,0x18,0x92,0x11,0x22,0x13,0x22,0x36,0x46,0x20,0x8C,0x00,0x00,
    0x00,0x00,0x0C,0x20,0x04,0x20,0x04,0x60,0x3F,0xFC,0x01,0x80,0x01,0x80,0x01,0x80,0x1F,0xF8,0x01,0x80,0x01,0x80,0x7F,0xFE,
    0x01,0x80,0x01,0x80,0x01,0x80,0x00,0x00,0x00,0x00,0x21,0x08,0x31,0x98,0x10,0x10,0x07,0xFE,0x00,0x60,0x60,0x60,0x33,0xFC,
    0x03,0xFC,0x00,0x60,0x10,0x60,0x37,0xFE,0x20,0x60,0x60,0x60,0x40,0x60,0x00,0x20,0x00,0x00,0x3C,0xFE,0x24,0x86,0x24,0x86,
    0x28,0x86,0x28,0x86,0x2C,0xFE,0x24,0x86,0x24,0x86,0x26,0x86,0x2C,0x86,0x28,0xFE,0x20,0x86,0x20,0x86,0x00,0x00,0x00,0x00,
    0x00,0x00,0x08,0x00,0x1F,0xFC,0x30,0x00,0x6F,0xF8,0x40,0x00,0x3F,0xF8,0x08,0x08,0x08,0x88,0x3F,0xE8,0x02,0x08,0x3F,0xC8,
    0x02,0x08,0x3F,0xEE,0x02,0x06,0x02,0x04,0x00,0x00,0x08,0x00,0x1B,0xBE,0x12,0x26,0x32,0x26,0x32,0x26,0x72,0x26,0x52,0x26,
    0x12,0x26,0x12,0x26,0x12,0xA6,0x13,0xA6,0x13,0x2C,0x12,0x20,0x10,0x20,0x10,0x00,0x00,0x00,0x00,0xC0,0x00,0x40,0x1F,0xFE,
    0x59,0x00,0x78,0x90,0x3B,0xFC,0x18,0x60,0x38,0x60,0x5B,0xFC,0x10,0x60,0x10,0x60,0x17,0xFE,0x30,0x60,0x20,0x60,0x00,0x00,
    0x00,0x00,0x04,0x20,0x06,0x20,0x3F,0xFC,0x01,0x00,0x1F,0xF8,0x01,0x00,0x3F,0xFC,0x06,0x60,0x04,0x30,0x1E,0x38,0x66,0x26,
    0x04,0x20,0x04,0x20,0x18,0x20,0x10,0x20,0x00,0x00,0x10,0x88,0x18,0xD8,0x18,0x10,0x19,0xFE,0x7C,0x20,0x18,0x20,0x39,0xFC,
    0x3C,0x30,0x3E,0x20,0x58,0x20,0x5B,0xFE,0x18,0x20,0x18,0x20,0x18,0x20,0x00,0x00,0x00,0x00,0x01,0x18,0x20,0x90,0x17,0xFC,
    0x00,0x40,0x03,0xFC,0x60,0x40,0x27,0xFE,0x00,0x40,0x01,0xC0,0x10,0x6C,0x27,0x78,0x21,0x70,0x62,0x4C,0x4C,0xC6,0x00,0x00,
    0x00,0x00,0x03,0x10,0x27,0x90,0x24,0xD0,0x27,0xFE,0x04,0xE4,0x07,0xE4,0x62,0x14,0x2F,0xDC,0x22,0x08,0x23,0x9C,0x24,0x94,
    0x2D,0xA2,0x38,0x00,0x47,0xFE,0x00,0x00,0x00,0x00,0x3D,0xFE,0x24,0x50,0x25,0xFC,0x2D,0x54,0x3D,0x54,0x25,0xFC,0x24,0x20,
    0x3C,0x60,0x2F,0xFE,0x24,0x88,0x44,0xF0,0x4C,0x3C,0x59,0xC6,0x01,0x00,0x00,0x00,0x10,0x00,0x11,0xFC,0x11,0xE0,0x30,0x20,
    0x7C,0x20,0x24,0x20,0x25,0xFE,0x24,0x20,0x6C,0x60,0x18,0x50,0x0C,0xD8,0x10,0x88,0x61,0x04,0x46,0x06,0x00,0x00,0x00,0x00,
    0x00,0x04,0x03,0xFC,0x7C,0x00,0x11,0x64,0x11,0x2C,0x10,0x00,0x79,0xFC,0x13,0x20,0x12,0x20,0x13,0xFE,0x14,0x20,0x39,0x24,
    0x41,0x24,0x01,0xFC,0x00,0x00,0x00,0x00,0x00,0x00,0x10,0x0C,0x13,0xF8,0x10,0x00,0x79,0x64,0x19,0x2C,0x10,0x88,0x11,0xFC,
    0x19,0x20,0x70,0x20,0x13,0xFE,0x10,0x20,0x11,0x24,0x11,0x24,0x31,0xFC,0x00,0x00,0x00,0x00,0x06,0x00,0x02,0x7C,0x3F,0x80,
    0x73,0x18,0x01,0xE0,0x01,0xC4,0x3E,0x7C,0x00,0x08,0x7F,0xFE,0x06,0x40,0x06,0x40,0x04,0x40,0x0C,0x46,0x70,0x7C,0x00,0x00,
    0x00,0x0C,0x67,0xF0,0x32,0x04,0x02,0x4C,0x00,0x08,0x01,0x00,0x73,0xFC,0x30,0x60,0x37,0xFE,0x30,0x60,0x32,0x64,0x33,0xFC,
    0x38,0x04,0x67,0xFE,0x00,0x00,0x00,0x00,0x00,0x00,0x01,0x00,0x01,0x80,0x3F,0xFE,0x26,0x66,0x1C,0x18,0x14,0x00,0x0F,0xF8,
    0x19,0x80,0x11,0x80,0x3F,0xFE,0x01,0x80,0x11,0x88,0x11,0x88,0x1F,0xF8,0x00,0x08,0x00,0x0C,0x33,0xF0,0x10,0x06,0x02,0x64,
    0x01,0x2C,0x70,0x00,0x31,0xFC,0x13,0xFC,0x12,0x20,0x17,0xFE,0x10,0x20,0x1C,0x26,0x1B,0x24,0x33,0xFC,0x00,0x00,0x00,0x00,
    0x00,0x00,0x10,0xD0,0x10,0x50,0x32,0x56,0x7D,0xD4,0x25,0xD0,0x24,0x50,0x24,0xD8,0x69,0xDC,0x3A,0x92,0x18,0x90,0x14,0x90,
    0x31,0x12,0x63,0x1E,0x00,0x00,0x00,0x00,0x00,0x00,0x00,0x60,0x78,0x20,0x79,0xFE,0x48,0x00,0x48,0x88,0x49,0x8C,0x4B,0x04,
    0x4A,0x00,0x48,0x98,0x78,0x90,0x78,0x70,0x48,0x60,0x40,0xF8,0x07,0x8E,0x00,0x00,0x00,0x08,0x3F,0xFC,0x00,0x00,0x11,0x08,
    0x11,0x18,0x00,0x10,0x02,0x00,0x3E,0x7C,0x30,0x04,0x30,0x0C,0x3E,0x7C,0x30,0x04,0x3F,0xFC,0x3F,0xFC,0x00,0x00,0x00,0x00,
    0x06,0x20,0x06,0x60,0x7F,0xFE,0x06,0x20,0x08,0x60,0x18,0x60,0x12,0xFE,0x3C,0x84,0x09,0x84,0x18,0x64,0x3E,0x24,0x00,0x04,
    0x0F,0x04,0x38,0x1C,0x00,0x00,0x00,0x00,0x7F,0xFC,0x06,0x60,0x02,0x40,0x3F,0xFC,0x32,0x4C,0x32,0x4C,0x3F,0xFC,0x01,0x00,
    0x7F,0xFE,0x06,0x20,0x0C,0x60,0x07,0xC0,0x01,0xF8,0x7E,0x0E,0x20,0x00,0x00,0x00,0x10,0x00,0x11,0xDC,0x55,0x54,0x54,0x44,
    0x51,0xDC,0x10,0x40,0x7D,0xA0,0x29,0xFE,0x2B,0xB0,0x29,0xFC,0x29,0xB0,0x2F,0xB0,0x4D,0xFE,0x41,0x00,0x00,0x00,0x00,0x00,
    0x10,0x00,0x17,0xDE,0x12,0x52,0x7A,0x56,0x13,0xD4,0x32,0x54,0x3A,0x54,0x3B,0xD4,0x52,0x52,0x52,0x52,0x13,0xD2,0x16,0x56,
    0x10,0x50,0x10,0x50,0x00,0x00,0x00,0x00,0x00,0x60,0x03,0xFE,0x78,0x60,0x5B,0xFC,0x58,0x00,0x5F,0xFE,0x5E,0x02,0x59,0xF8,
    0x59,0xF8,0x79,0x0C,0x51,0xFC,0x41,0x98,0x00,0x90,0x07,0xFE,0x00,0x00,0x00,0x00,0x00,0x00,0x7F,0x7E,0x22,0x64,0x22,0x64,
    0x3E,0x6C,0x22,0x68,0x22,0x68,0x3E,0x64,0x22,0x64,0x22,0x62,0x27,0x62,0x7E,0x6E,0x42,0x68,0x02,0x60,0x02,0x00,0x00,0x00,
    0x04,0x20,0x0C,0x38,0x38,0x0C,0x26,0x60,0x03,0xC0,0x03,0xC0,0x3C,0x3E,0x20,0x04,0x1F,0xF8,0x03,0x18,0x01,0x18,0x01,0x18,
    0x01,0x70,0x01,0x00,0x01,0x00,0x00,0x00,0x3E,0x00,0x6B,0x7C,0x69,0x08,0x7F,0x78,0x6B,0x10,0x69,0x00,0x7F,0xFE,0x08,0x12,
    0x08,0x10,0x7F,0x10,0x08,0x10,0x08,0x10,0x7E,0x10,0x00,0x70,0x00,0x00,0x00,0x00,0x00,0x00,0x00,0xC0,0x40,0x80,0x61,0x80,
    0x31,0x18,0x12,0x0C,0x07,0xFE,0x00,0x06,0x18,0x00,0x13,0xFC,0x32,0x0C,0x22,0x0C,0x62,0x0C,0x63,0xFC,0x02,0x0C,0x02,0x08,
    0x00,0x00,0x00,0x80,0x00,0x80,0x18,0x80,0x18,0x9C,0x19,0xF8,0x1F,0x88,0x78,0x88,0x18,0x88,0x18,0x88,0x18,0xB8,0x18,0x80,
    0x18,0x02,0x18,0x06,0x0F,0xFC,0x00,0x00,0x00,0x00,0x7F,0xFE,0x01,0x80,0x01,0x00,0x1F,0xF8,0x18,0x08,0x18,0x08,0x19,0x88,
    0x19,0x08,0x19,0x08,0x13,0x08,0x02,0x60,0x0C,0x38,0x78,0x0C,0x00,0x00,0x00,0x00,0x00,0x00,0x10,0x60,0x30,0x60,0x33,0xFE,
    0x78,0x20,0x31,0x20,0x31,0x3E,0x3B,0x46,0x3B,0x54,0x75,0xD4,0x31,0x2C,0x31,0x38,0x31,0x18,0x31,0x3C,0x61,0xC6,0x00,0x00,
    0x00,0x00,0x02,0x40,0x06,0x40,0x02,0x40,0x02,0x40,0x62,0x44,0x22,0x44,0x32,0x4C,0x32,0x48,0x12,0x58,0x12,0x40,0x02,0x40,
    0x02,0x40,0x06,0x60,0x7F,0xFE,0x00,0x00,0x00,0x30,0x78,0x30,0x7C,0x30,0x44,0x30,0x44,0x30,0x47,0xFE,0x44,0x30,0x44,0x30,
    0x44,0x30,0x7C,0x30,0x4C,0x30,0x44,0x30,0x40,0x30,0x00,0x30,0x00,0x00,0x00,0x00,0x01,0x00,0x01,0x00,0x1F,0xF8,0x31,0x98,
    0x31,0x08,0x3F,0xF8,0x31,0x08,0x3F,0xF8,0x3F,0xF8,0x01,0x88,0x00,0xB0,0x01,0xE0,0x1F,0x62,0x30,0x1E,0x00,0x00,0x00,0x00,
    0x00,0x00,0x00,0x30,0x3C,0x30,0x25,0xFE,0x24,0x50,0x3C,0x90,0x3C,0x9E,0x25,0xA2,0x25,0xAC,0x3F,0xEC,0x24,0xA4,0x24,0x9C,
    0x24,0x98,0x64,0x9C,0x4C,0xE6,0x00,0x80,0x00,0x00,0x01,0x80,0x01,0x80,0x7F,0xFE,0x08,0x80,0x09,0x80,0x19,0xFC,0x13,0x08,
    0x32,0x48,0x77,0x78,0x51,0x90,0x10,0xB0,0x10,0xE0,0x10,0xF0,0x17,0x1E,0x10,0x00,0x00,0x00,0x00,0x60,0x30,0x60,0x1B,0xFE,
    0x00,0x30,0x41,0x30,0x73,0x3E,0x02,0x66,0x06,0x54,0x0F,0xD4,0x32,0x2C,0x22,0x38,0x22,0x18,0x62,0x3C,0x62,0xE6,0x00,0x00,
    0x00,0x00,0x00,0x00,0x00,0x00,0x00,0x00,0x7F,0xFE,0x7F,0xFE,0x00,0x00,0x00,0x00,0x00,0x00,0x00,0x00,0x00,0x00,0x00,0x00,
    0x00,0x00,0x00,0x00,0x00,0x00,0x00,0x00,0x00,0x00,0x01,0x80,0x7F,0xFE,0x01,0x80,0x1F,0xF8,0x00,0x00,0x7F,0xFE,0x60,0x02,
    0x0F,0xF0,0x0F,0xF0,0x18,0x18,0x1F,0xF8,0x04,0x20,0x04,0x20,0x7F,0xFE,0x00,0x00,0x3F,0xFC,0x60,0x00,0x62,0x00,0x66,0x00,
    0x67,0xF8,0x6C,0x80,0x60,0x80,0x6F,0xFC,0x61,0xC0,0x61,0xE0,0x63,0x38,0x6E,0x0C,0x60,0x00,0x7F,0xFE,0x00,0x00,0x00,0x00,
    0x18,0xFC,0x19,0x84,0x19,0x04,0x7D,0xFC,0x18,0x00,0x1B,0xFE,0x19,0x8C,0x1D,0xFC,0x79,0x8C,0x59,0x8C,0x19,0xFC,0x19,0x8E,
    0x1B,0xFE,0x30,0x08,0x20,0x00,0x00,0x00,0x00,0x00,0x10,0x20,0x10,0x20,0x3D,0xFE,0x20,0x60,0x60,0x40,0x7C,0x40,0x10,0xD6,
    0x10,0xDC,0x7D,0xD8,0x12,0xD8,0x10,0xC8,0x10,0xCC,0x1C,0xE6,0x18,0xC2,0x00,0x00,0x00,0x00,0x08,0x40,0x08,0x60,0x13,0xFE,
    0x13,0xFE,0x30,0xC0,0x30,0xE0,0x50,0xA6,0x51,0xB8,0x13,0x90,0x16,0x90,0x14,0x98,0x10,0xAC,0x10,0xE6,0x11,0xC2,0x00,0x00,
    0x08,0x00,0x0B,0xFC,0x18,0xC4,0x10,0x44,0x30,0xC4,0x33,0xFE,0x70,0x44,0x50,0x44,0x13,0xFC,0x10,0xC4,0x10,0x80,0x11,0x80,
    0x11,0x00,0x13,0x00,0x00,0x00,0x00,0x00,0x01,0x00,0x01,0x80,0x7F,0xFE,0x03,0x00,0x02,0x00,0x06,0x8C,0x04,0x98,0x0C,0xF0,
    0x1C,0x60,0x74,0x20,0x44,0x30,0x05,0x98,0x07,0x0E,0x06,0x00,0x00,0x00,0x00,0x00,0x00,0x00,0x7E,0xFE,0x4C,0x30,0x4C,0x30,
    0x5C,0xFC,0x52,0x84,0x52,0x94,0x52,0x94,0x5E,0x94,0x4C,0x94,0x4C,0xA4,0x4C,0x28,0x7E,0x6C,0x00,0xC6,0x00,0x00,0x00,0x00,
    0x01,0x80,0x01,0x80,0x7F,0xFE,0x01,0x80,0x3F,0xF8,0x01,0x88,0x1F,0xF8,0x11,0x80,0x11,0x80,0x1F,0xFC,0x03,0xC4,0x06,0x6C,
    0x0C,0x30,0x78,0x1E,0x00,0x00,0x00,0x00,0x00,0x00,0x00,0x60,0x23,0xFC,0x32,0x6C,0x13,0xFC,0x07,0xFE,0x00,0x00,0x73,0xFC,
    0x32,0x44,0x32,0x44,0x32,0x40,0x30,0x98,0x37,0x04,0x38,0x00,0x47,0xFE,0x00,0x00,0x00,0x00,0x06,0x60,0x7C,0x60,0x08,0xFC,
    0x08,0x84,0x7E,0x28,0x18,0x30,0x18,0xF0,0x1D,0xB0,0x3A,0x3E,0x28,0xC6,0x48,0xA4,0x08,0x18,0x08,0x30,0x09,0xE0,0x00,0x00,
    0x00,0x00,0x08,0x40,0x18,0x40,0x12,0x48,0x32,0x48,0x33,0x18,0x71,0x10,0x51,0x10,0x11,0x90,0x10,0xA0,0x10,0x60,0x10,0xE0,
    0x11,0xB8,0x13,0x0E,0x14,0x06,0x10,0x00,0x00,0x00,0x00,0x20,0x3C,0x60,0x25,0xFC,0x24,0x20,0x3D,0xFC,0x2C,0x24,0x25,0xFC,
    0x25,0x20,0x3D,0xFC,0x24,0x64,0x64,0x64,0x44,0xD8,0x4D,0x98,0x5B,0x06,0x00,0x00,0x20,0x00,0x26,0xFC,0x38,0x08,0x22,0x70,
    0x3E,0x30,0x00,0x10,0x3C,0xFE,0x78,0x14,0x08,0x90,0x7E,0x9C,0x18,0x90,0x1C,0xD0,0x25,0xF0,0x63,0x3E,0x00,0x02,0x00,0x00,
    0x20,0x00,0x31,0xFC,0x19,0x00,0x01,0x00,0x41,0x00,0x31,0xFE,0x11,0xFE,0x01,0x18,0x01,0x18,0x1B,0x18,0x13,0x18,0x32,0x18,
    0x26,0x18,0x64,0x18,0x00,0x00,0x00,0x00,0x00,0x00,0x01,0x00,0x01,0x80,0x7F,0xFE,0x40,0x06,0x40,0x00,0x0F,0xF0,0x08,0x10,
    0x0F,0xF0,0x0F,0xF0,0x08,0x10,0x0F,0xF0,0x08,0x10,0x08,0x10,0x7F,0xFE,0x00,0x00,0x00,0x00,0x10,0x20,0x10,0x60,0x31,0xFE,
    0x78,0x20,0x2D,0xFC,0x24,0x24,0x29,0xFC,0x29,0x20,0x6B,0xFE,0x38,0x62,0x1C,0x74,0x14,0x90,0x21,0x8C,0x47,0x06,0x00,0x00,
    0x00,0x00,0x0F,0xF0,0x08,0x10,0x0F,0xF0,0x7F,0xFE,0x00,0x20,0x3A,0x78,0x1E,0x30,0x3E,0xFC,0x1E,0x10,0x28,0xD4,0x00,0x20,
    0x7F,0xFE,0x04,0x20,0x1C,0x20,0x10,0x20,0x00,0x00,0x10,0x20,0x11,0xFC,0x11,0xFC,0x7C,0x70,0x11,0x8C,0x11,0x04,0x3B,0xFE,
    0x3C,0x0C,0x55,0xEC,0x51,0x2C,0x11,0x2C,0x11,0xEC,0x10,0x0C,0x10,0x18,0x00,0x00,0x00,0x00,0x08,0x60,0x08,0x24,0x3E,0xAC,
    0x7A,0xAC,0x4A,0x88,0x4A,0x88,0x4A,0xC8,0x7E,0x48,0x7A,0x50,0x1A,0x30,0x1B,0x30,0x1F,0x78,0x60,0xCC,0x01,0x86,0x00,0x00,
    0x00,0x00,0x08,0x60,0x1B,0xFC,0x13,0xFC,0x30,0xF0,0x33,0x9C,0x73,0x04,0x57,0xFE,0x10,0x0C,0x13,0xEC,0x12,0x6C,0x12,0x6C,
    0x13,0xEC,0x10,0x0C,0x10,0x1C,0x00,0x00,0x00,0x00,0x3F,0xF8,0x00,0x08,0x00,0x08,0x00,0x08,0x30,0x08,0x3F,0xF8,0x30,0x08,
    0x30,0x00,0x30,0x00,0x30,0x00,0x30,0x06,0x30,0x06,0x1F,0xFC,0x00,0x00,0x00,0x00,0x00,0x00,0x3F,0xF0,0x1F,0xF0,0x00,0xC0,
    0x01,0x80,0x03,0x00,0x06,0x00,0x0C,0x00,0x18,0x00,0x10,0x00,0x30,0x06,0x30,0x04,0x3F,0xFC,0x0F,0xF8,0x00,0x00,0x00,0x00,
    0x00,0x00,0x03,0x00,0x06,0x00,0x0C,0x10,0x39,0xF8,0x1C,0x04,0x08,0x00,0x1F,0xF8,0x11,0x80,0x21,0x80,0x7F,0xFE,0x03,0x40,
    0x02,0x60,0x0C,0x30,0x78,0x1E,0x00,0x00,0x00,0x00,0x06,0x08,0x23,0x08,0x21,0x88,0x20,0x88,0x20,0x18,0x20,0x18,0x20,0x10,
    0x22,0x10,0x26,0x30,0x3C,0x78,0x38,0xCC,0x21,0x84,0x07,0x06,0x04,0x00,0x00,0x00,0x00,0x00,0x04,0x20,0x04,0x20,0x7F,0xFE,
    0x06,0x20,0x04,0x20,0x00,0x00,0x1F,0xF8,0x00,0xE0,0x01,0x80,0x06,0x00,0x0C,0x00,0x18,0x06,0x30,0x04,0x1F,0xFC,0x00,0x00,
    0x00,0x00,0x10,0x80,0x13,0x9E,0x13,0x32,0x7D,0x32,0x11,0x32,0x11,0x32,0x11,0x32,0x19,0x32,0x71,0x32,0x11,0xF2,0x13,0xB6,
    0x13,0x34,0x10,0x30,0x30,0x30,0x00,0x00,0x0F,0xF0,0x1F,0xF8,0x18,0x08,0x1F,0xF8,0x10,0x08,0x1F,0xF8,0x04,0x00,0x1F,0xFC,
    0x33,0x24,0x66,0x44,0x0C,0xC4,0x31,0x8C,0x03,0x0C,0x0C,0x38,0x00,0x00,0x00,0x00,0x00,0x00,0x00,0x00,0x1F,0xF8,0x10,0x18,
    0x1F,0xF8,0x00,0x00,0x00,0x00,0x3F,0xF8,0x21,0x08,0x21,0x88,0x3F,0xF8,0x20,0x08,0x20,0x04,0x30,0x06,0x3F,0xFC,0x00,0x00,
    0x00,0x20,0x08,0x60,0x08,0x7E,0x4A,0x40,0x4A,0x80,0x4A,0x80,0x4A,0x7C,0x4A,0x18,0x4A,0x10,0x4A,0x20,0x4A,0x20,0x7E,0x42,
    0x62,0x42,0x00,0x7E,0x00,0x00,0x00,0x00,0x08,0x00,0x08,0x00,0x1B,0xF8,0x18,0x10,0x38,0x20,0x38,0x60,0x78,0x40,0x58,0x80,
    0x19,0x80,0x19,0x00,0x1B,0x00,0x1A,0x06,0x1B,0x06,0x19,0xFC,0x00,0x00,0x00,0x00,0x00,0x00,0x08,0xF0,0x18,0xF8,0x30,0x98,
    0x60,0x98,0x0D,0x9E,0x09,0x00,0x11,0xF8,0x31,0xF8,0x51,0x98,0x10,0x90,0x10,0xF0,0x10,0x60,0x11,0xD8,0x17,0x0E,0x00,0x00,
    0x00,0x20,0x38,0x20,0x29,0xFC,0x28,0x98,0x2B,0xFE,0x38,0x00,0x29,0xFC,0x29,0x84,0x39,0xFC,0x29,0xFC,0x68,0x00,0x4A,0xA4,
    0x4A,0x8A,0x5A,0xF8,0x00,0x00,0x00,0x00,0x00,0x00,0x01,0x80,0x21,0xF0,0x22,0x30,0x36,0x20,0x07,0xFC,0x06,0x44,0x76,0x64,
    0x33,0xFC,0x30,0xF8,0x30,0xA8,0x33,0x22,0x36,0x3E,0x38,0x00,0x47,0xFE,0x00,0x00,0x00,0x20,0x2C,0x30,0x30,0xFC,0x26,0x24,
    0x3D,0xFE,0x20,0x24,0x20,0x34,0x78,0x30,0x48,0x20,0x7E,0xFC,0x18,0x20,0x19,0xFE,0x26,0x20,0x60,0x20,0x00,0x00,0x00,0x00,
    0x00,0x00,0x00,0xC0,0x00,0xC0,0x1F,0xFE,0x58,0xF0,0x79,0x90,0x39,0x10,0x19,0x1C,0x3A,0x00,0x73,0xF8,0x11,0x98,0x10,0x98,
    0x10,0xF0,0x30,0xE0,0x67,0x9E,0x00,0x02,0x00,0x00,0x01,0x00,0x01,0x80,0x01,0x80,0x7F,0xFE,0x02,0x60,0x02,0x60,0x12,0x68,
    0x32,0x6C,0x26,0x64,0x64,0x66,0x04,0x60,0x0C,0x60,0x18,0x60,0x30,0xC0,0x00,0x00,0x00,0x00,0x00,0x80,0x01,0x80,0x7F,0xFE,
    0x04,0x88,0x1C,0x70,0x75,0x30,0x46,0x1E,0x04,0x04,0x3F,0xFC,0x26,0x64,0x2C,0x74,0x26,0x64,0x27,0xE4,0x20,0x0C,0x00,0x08,
    0x00,0x00,0x01,0x80,0x3F,0xFC,0x04,0x20,0x04,0x20,0x7F,0xFE,0x00,0x00,0x1F,0xF8,0x18,0x18,0x1F,0xF8,0x1F,0xF8,0x00,0x80,
    0x24,0x84,0x2C,0x96,0x47,0xF2,0x00,0x00,0x08,0x00,0x08,0x78,0x7F,0x48,0x00,0x48,0x34,0x4C,0x7F,0x44,0x18,0x7C,0x38,0x6C,
    0x4A,0x44,0x1E,0x28,0x6F,0x38,0x15,0x10,0x64,0x38,0x1C,0xC6,0x00,0x80,0x00,0x00,0x18,0x00,0x18,0x00,0x19,0xFC,0x18,0x18,
    0x7A,0x10,0x5A,0x20,0x58,0x60,0x58,0x40,0x18,0x80,0x19,0x80,0x19,0x00,0x19,0x06,0x19,0xFE,0x18,0xF8,0x00,0x00,0x00,0x00,
    0x01,0x00,0x01,0x00,0x11,0x98,0x18,0x90,0x08,0x10,0x0C,0x30,0x04,0x20,0x06,0x60,0x02,0xC0,0x03,0x80,0x03,0x80,0x06,0xE0,
    0x1C,0x38,0x70,0x0E,0x00,0x00,0x00,0x00,0x00,0x00,0x0C,0x20,0x04,0x20,0x04,0x60,0x7F,0xFE,0x00,0x00,0x06,0x70,0x18,0x1C,
    0x30,0x04,0x3F,0xF8,0x12,0x48,0x12,0x48,0x12,0x48,0x12,0x48,0x7F,0xFE,0x00,0x00,0x00,0x00,0x01,0x08,0x31,0x18,0x18,0x10,
    0x07,0xFE,0x00,0x00,0x61,0x98,0x12,0x0C,0x06,0x06,0x03,0xFC,0x12,0xA4,0x32,0xA4,0x22,0xA4,0x62,0xB4,0x67,0xFE,0x00,0x00,
    0x00,0x00,0x21,0x00,0x11,0x1C,0x19,0xE0,0x01,0x00,0x01,0x02,0x71,0xFE,0x10,0x00,0x11,0xFC,0x11,0x06,0x11,0x06,0x15,0xFE,
    0x1D,0x06,0x19,0xFE,0x11,0x06,0x01,0x00,0x00,0x00,0x20,0xC0,0x10,0x48,0x12,0x48,0x02,0x48,0x03,0x48,0x71,0x18,0x11,0x10,
    0x11,0x90,0x10,0xB0,0x10,0xE0,0x14,0x60,0x18,0xF0,0x39,0x9C,0x37,0x06,0x00,0x00,0x00,0x00,0x00,0x60,0x20,0x60,0x37,0xFE,
    0x04,0x02,0x05,0xF8,0x71,0x88,0x11,0x08,0x11,0xF8,0x11,0x08,0x11,0x08,0x11,0xF8,0x1D,0x08,0x19,0x08,0x37,0xFE,0x00,0x00,
    0x00,0x00,0x23,0xFC,0x11,0x88,0x11,0x98,0x00,0xF0,0x60,0x70,0x37,0x9E,0x16,0x02,0x10,0x20,0x11,0xFC,0x10,0x20,0x1C,0x20,
    0x1B,0xFE,0x30,0x20,0x00,0x20,0x00,0x20,0x1F,0xF0,0x10,0x18,0x10,0x08,0x1F,0xF8,0x10,0x00,0x10,0x04,0x1F,0xFC,0x00,0x00,
    0x04,0x20,0x7F,0xFE,0x04,0x30,0x0C,0x20,0x18,0x20,0x30,0x20,0x00,0x00,0x00,0x00,0x00,0x00,0x12,0x2C,0x12,0x2C,0x3E,0xFC,
    0x20,0x00,0x3F,0xF8,0x3F,0xF8,0x31,0x88,0x1F,0xF8,0x1F,0xF8,0x06,0x60,0x7F,0xFE,0x0E,0x70,0x38,0x1C,0x00,0x00,0x00,0x00,
    0x00,0x00,0x7E,0x7C,0x12,0x04,0x12,0x24,0x02,0x0C,0x7E,0x7C,0x42,0x04,0x00,0x80,0x3F,0xFC,0x00,0x00,0x04,0x20,0x04,0x20,
    0x00,0x60,0x7F,0xFE,0x00,0x00,0x00,0x00,0x00,0x00,0x11,0xFC,0x30,0x88,0x24,0xD8,0x4C,0x70,0x78,0xF8,0x1B,0x8E,0x30,0x20,
    0x7D,0xFC,0x78,0x20,0x00,0x20,0x1F,0xFE,0x70,0x20,0x00,0x20,0x00,0x20,0x00,0x00,0x04,0x20,0x7F,0xFE,0x7F,0xFE,0x04,0x20,
    0x3F,0xFC,0x20,0x04,0x21,0x84,0x27,0xE4,0x21,0x84,0x23,0xC4,0x26,0x64,0x2C,0x24,0x3F,0xFC,0x3F,0xFC,0x00,0x00,0x00,0x00,
    0x04,0x20,0x04,0x20,0x7F,0xFE,0x04,0x20,0x00,0x00,0x3E,0xFC,0x24,0xC4,0x2C,0xFC,0x24,0xC4,0x24,0xFC,0x26,0xCC,0x3C,0x84,
    0x21,0x84,0x23,0x1C,0x00,0x00,0x00,0x00,0x00,0x00,0x3F,0xFC,0x20,0x04,0x21,0x84,0x21,0x84,0x2F,0xF4,0x21,0x04,0x21,0x84,
    0x23,0x44,0x26,0x34,0x2C,0x14,0x20,0x04,0x3F,0xFC,0x20,0x04,0x00,0x00,0x00,0x00,0x02,0x00,0x3E,0x78,0x20,0x48,0x3E,0xC8,
    0x22,0x8E,0x3F,0x80,0x22,0x00,0x3E,0xFC,0x20,0x4C,0x3E,0x48,0x22,0x28,0x22,0x30,0x62,0x78,0x4F,0xC6,0x00,0x00,0x00,0x00,
    0x00,0x00,0x01,0x00,0x01,0x80,0x3F,0xFC,0x0C,0x20,0x04,0x20,0x06,0x60,0x7F,0xFE,0x00,0x00,0x1F,0xF8,0x18,0x18,0x1F,0xF8,
    0x18,0x18,0x18,0x18,0x1F,0xF8,0x00,0x00,0x00,0x00,0x7E,0xFC,0x44,0x84,0x44,0x84,0x4C,0xFC,0x48,0xFC,0x48,0x84,0x44,0x84,
    0x44,0xFC,0x44,0x84,0x4C,0x84,0x49,0x04,0x43,0x04,0x42,0x1C,0x00,0x00,0x00,0x00,0x10,0x00,0x11,0xFE,0x11,0x02,0x31,0x32,
    0x7D,0x32,0x25,0x7A,0x25,0x22,0x25,0x32,0x2D,0x3A,0x39,0x4A,0x19,0xC2,0x1D,0x02,0x31,0xFE,0x61,0x02,0x01,0x00,0x00,0x00,
    0x00,0x20,0x00,0x70,0x7C,0x70,0x64,0xD8,0x64,0x88,0x65,0xAC,0x67,0x26,0x64,0x00,0x65,0xFC,0x7C,0x08,0x6C,0x08,0x64,0x10,
    0x20,0x30,0x00,0x20,0x00,0x00,0x00,0x00,0x00,0x00,0x18,0x00,0x10,0xFC,0x3C,0x84,0x60,0xFC,0x40,0x84,0x3C,0x84,0x18,0xFC,
    0x18,0xA0,0x3E,0xB6,0x18,0x98,0x18,0x98,0x1C,0x88,0x1C,0xE6,0x18,0xC2,0x00,0x00,0x00,0x08,0x37,0xF0,0x10,0x04,0x00,0x4C,
    0x02,0x48,0x62,0x00,0x10,0x7C,0x03,0xE0,0x00,0x40,0x10,0x60,0x27,0xFE,0x20,0x40,0x60,0x40,0x47,0xFE,0x00,0x00,0x00,0x00,
    0x00,0x00,0x01,0x00,0x01,0x80,0x7F,0xFE,0x40,0x06,0x5F,0xF0,0x01,0x80,0x1F,0xF8,0x11,0x88,0x1F,0xF8,0x11,0x88,0x1F,0xF8,
    0x04,0x20,0x0C,0x38,0x30,0x0C,0x00,0x00,0x10,0x40,0x30,0x40,0x20,0xC0,0x3E,0xFE,0x46,0x86,0x44,0x84,0x11,0x20,0x10,0x20,
    0x10,0x20,0x10,0x70,0x10,0x70,0x1C,0xD8,0x39,0x8C,0x13,0x06,0x00,0x00,0x00,0x00,0x00,0x00,0x3F,0xF8,0x06,0x18,0x06,0x18,
    0x7F,0xFE,0x06,0x18,0x06,0x18,0x06,0x18,0x3F,0xF8,0x04,0x08,0x0C,0x00,0x08,0x00,0x30,0x00,0x60,0x00,0x00,0x00,0x00,0x00,
    0x00,0x08,0x3F,0x8C,0x01,0x8C,0x01,0x8C,0x1F,0x8C,0x30,0x0C,0x20,0x0C,0x30,0x0C,0x3F,0x8C,0x01,0x8C,0x01,0x0C,0x01,0x0C,
    0x01,0x0C,0x0F,0x0C,0x08,0x00,0x00,0x00,0x00,0x00,0x00,0xC0,0x78,0xF8,0x49,0x90,0x4B,0x10,0x4B,0xFC,0x50,0x04,0x59,0xFC,
    0x48,0x04,0x4D,0xFC,0x4C,0x00,0x5A,0xA4,0x46,0x86,0x44,0x8A,0x44,0xF8,0x00,0x00,0x02,0x00,0x3E,0x7C,0x20,0x44,0x20,0x44,
    0x20,0x44,0x3E,0x44,0x20,0x44,0x20,0x44,0x20,0x44,0x22,0x44,0x2E,0x4C,0x38,0x48,0x20,0x40,0x00,0x40,0x00,0x00,0x00,0x00,
    0x04,0x20,0x04,0x20,0x3F,0xFE,0x04,0x20,0x01,0x80,0x0F,0xF0,0x19,0x98,0x19,0x98,0x19,0x98,0x7F,0xFE,0x01,0xC0,0x02,0x60,
    0x0C,0x38,0x38,0x0C,0x00,0x00,0x00,0x00,0x10,0x00,0x13,0xFE,0x12,0x72,0x7B,0x7A,0x13,0x7A,0x33,0x7A,0x39,0x08,0x72,0x94,
    0x52,0x12,0x50,0xC0,0x17,0xFE,0x11,0x90,0x10,0x70,0x11,0xCC,0x00,0x00,0x00,0x00,0x3E,0x7C,0x23,0x44,0x23,0x54,0x2B,0x54,
    0x2B,0x54,0x28,0x30,0x16,0x28,0x32,0x44,0x03,0x00,0x7F,0xFE,0x06,0x30,0x07,0x60,0x01,0xF0,0x3E,0x0C,0x20,0x00,0x00,0x00,
    0x00,0x00,0x00,0x80,0x3F,0xFE,0x24,0xB0,0x25,0xFC,0x2F,0xFC,0x2D,0xB0,0x25,0xB0,0x24,0xFE,0x27,0xF8,0x24,0x08,0x24,0xC8,
    0x67,0xFE,0x40,0x02,0x4F,0xF6,0x00,0x04,0x00,0x00,0x00,0x80,0x00,0x80,0x3F,0xFE,0x30,0x00,0x30,0x00,0x31,0x8C,0x34,0x8C,
    0x34,0xC8,0x36,0x58,0x22,0x10,0x22,0x10,0x20,0x30,0x6F,0xFC,0x4F,0xFE,0x00,0x00,0x00,0x00,0x13,0xDE,0x22,0x52,0x2B,0x5A,
    0x5B,0x5A,0x73,0x5A,0x31,0x08,0x23,0x9C,0x7A,0x12,0x40,0xC0,0x07,0xFE,0x19,0x90,0x60,0x70,0x00,0xEC,0x02,0x00,0x00,0x00,
    0x00,0x00,0x04,0x20,0x06,0x20,0x7F,0xFE,0x04,0x20,0x3F,0xFC,0x7F,0xFE,0x40,0x02,0x0F,0xF0,0x01,0x80,0x1F,0xF8,0x01,0xA0,
    0x01,0xB0,0x01,0x90,0x7F,0xFE,0x00,0x00,0x04,0x20,0x04,0x20,0x7F,0xFE,0x04,0x20,0x7F,0xFE,0x40,0x02,0x41,0x82,0x1F,0xF8,
    0x11,0x88,0x19,0x98,0x1F,0xF8,0x11,0x98,0x01,0x9C,0x7F,0xC6,0x00,0x00,0x00,0x00,0x04,0x20,0x06,0x60,0x7F,0xFE,0x04,0x20,
    0x7F,0xFE,0x60,0x06,0x4F,0xF2,0x08,0x10,0x08,0x10,0x0F,0xF0,0x1F,0xF8,0x10,0x08,0x10,0x08,0x1F,0xF8,0x10,0x00,0x00,0x00,
    0x04,0x20,0x04,0x60,0x7F,0xFE,0x04,0x20,0x3F,0xFC,0x7F,0xFE,0x61,0x06,0x01,0x80,0x09,0x88,0x19,0x90,0x03,0x40,0x06,0x60,
    0x0C,0x38,0x70,0x0E,0x00,0x00,0x00,0x00,0x00,0x00,0x10,0xFC,0x10,0x84,0x18,0x84,0x7C,0xFC,0x54,0x30,0x54,0xFC,0x54,0xB6,
    0x7C,0xB6,0x54,0xFE,0x10,0xB6,0x14,0xFE,0x16,0xB0,0x7E,0x32,0x40,0x3E,0x00,0x00,0x00,0x00,0x21,0x80,0x27,0x3C,0x26,0x24,
    0x06,0x24,0x06,0x24,0x76,0x24,0x36,0x24,0x36,0x24,0x36,0xA4,0x37,0x2C,0x34,0x20,0x30,0x20,0x3C,0x00,0x47,0xFE,0x00,0x00,
    0x00,0x00,0x01,0x00,0x7F,0xFC,0x10,0x00,0x1F,0xF8,0x1F,0xF8,0x10,0x08,0x1F,0xF8,0x00,0x00,0x7B,0xFC,0x7B,0x74,0x6B,0x7C,
    0x7B,0x2C,0x49,0x24,0x5A,0x26,0x40,0x00,0x20,0x00,0x3F,0xF0,0x0C,0x10,0x0F,0xDC,0x08,0x84,0x1A,0x84,0x13,0x84,0x62,0xCC,
    0x04,0x08,0x1F,0xF8,0x12,0x48,0x12,0x48,0x12,0x48,0x7F,0xFE,0x00,0x00,0x00,0x00,0x3F,0x04,0x21,0x8C,0x3F,0x98,0x20,0xB0,
    0x3F,0xA0,0x04,0x04,0x7F,0xCC,0x3F,0x18,0x21,0xB0,0x3F,0x82,0x04,0x06,0x25,0x0C,0x64,0xB0,0x4C,0x60,0x00,0x00,0x00,0x00,
    0x20,0x00,0x26,0xFE,0x38,0x30,0x22,0x20,0x3E,0xFC,0x00,0x84,0x1E,0x94,0x28,0x94,0x08,0x94,0x7E,0xB4,0x18,0xA4,0x3A,0x20,
    0x28,0x6C,0x48,0xC6,0x00,0x00,0x00,0x00,0x00,0x00,0x7D,0xFE,0x10,0x20,0x11,0xFC,0x31,0x24,0x3D,0x24,0x75,0xFC,0x65,0x24,
    0x25,0xFC,0x24,0x20,0x3C,0xA0,0x3C,0x60,0x24,0xF0,0x01,0x8E,0x00,0x00,0x00,0x00,0x00,0x20,0x00,0x20,0x78,0x60,0x49,0xFC,
    0x49,0x24,0x49,0x24,0x79,0x24,0x4F,0x64,0x4F,0xFE,0x48,0x70,0x78,0x50,0x48,0x98,0x41,0x8C,0x03,0x06,0x00,0x00,0x00,0x00,
    0x00,0x10,0x01,0x10,0x79,0x10,0x4A,0x3E,0x4A,0xE2,0x4F,0xA2,0x49,0x02,0x49,0x12,0x4A,0x12,0x7F,0x92,0x58,0x02,0x41,0xC2,
    0x46,0x02,0x00,0x0E,0x00,0x00,0x00,0x00,0x10,0x00,0x13,0xFE,0x13,0x26,0x1B,0x26,0x7F,0x26,0x13,0xFE,0x13,0x26,0x1F,0x26,
    0x3B,0xFE,0x73,0x26,0x13,0x26,0x12,0x26,0x12,0x24,0x36,0x2C,0x00,0x00,0x00,0x00,0x00,0x00,0x08,0x00,0x1B,0xFC,0x13,0x24,
    0x33,0x24,0x33,0x64,0x73,0xFC,0x53,0x24,0x13,0x24,0x13,0xFC,0x13,0x64,0x12,0x24,0x12,0x24,0x12,0x24,0x16,0x0C,0x00,0x00,
    0x00,0x00,0x38,0x60,0x2B,0xFE,0x28,0x28,0x2A,0x28,0x3A,0xFE,0x2F,0x68,0x29,0xFC,0x3A,0x28,0x6A,0xA8,0x4F,0xBE,0x49,0x28,
    0x49,0x3E,0x5A,0x20,0x02,0x00,0x00,0x00,0x00,0x00,0x00,0x40,0x00,0xC0,0x0F,0xFE,0x48,0x00,0x6B,0xFC,0x2A,0x64,0x0A,0x64,
    0x1B,0xFC,0x7A,0x64,0x4B,0xFC,0x1A,0x64,0x12,0x64,0x12,0x64,0x36,0x2C,0x00,0x00,0x00,0x00,0x00,0x80,0x1F,0xFE,0x30,0x80,
    0x37,0xF8,0x30,0x88,0x3F,0xFE,0x37,0xF8,0x30,0xC0,0x3F,0xFC,0x2C,0xCC,0x2F,0xFC,0x2F,0xFC,0x6C,0x8C,0x48,0x88,0x00,0x00,
    0x00,0x00,0x01,0x80,0x01,0x80,0x3F,0xFC,0x10,0x90,0x10,0x90,0x25,0xFE,0x7B,0x10,0x1B,0xB0,0x11,0xFC,0x3D,0x10,0x2D,0xFC,
    0x09,0x10,0x19,0x90,0x71,0xFE,0x00,0x00,0x00,0x00,0x3C,0xFC,0x24,0x08,0x24,0x70,0x3D,0xFC,0x09,0x26,0x09,0x22,0x2D,0xFE,
    0x29,0x26,0x29,0x22,0x29,0xFE,0x2F,0x22,0x71,0x22,0x01,0x2E,0x00,0x00,0x00,0x00,0x10,0x00,0x10,0xFC,0x10,0x08,0x7C,0x70,
    0x55,0xFC,0x55,0x22,0x55,0x22,0x7D,0xFE,0x55,0x22,0x11,0x22,0x15,0xFE,0x1F,0x22,0x73,0x22,0x01,0x26,0x00,0x00,0x00,0x00,
    0x00,0x00,0x00,0xC0,0x00,0x70,0x78,0x10,0x49,0xE0,0x48,0x64,0x48,0x64,0x4B,0xE8,0x48,0xF0,0x49,0x70,0x79,0x68,0x4B,0x6C,
    0x42,0x66,0x04,0x62,0x00,0xE0,0x00,0x00,0x00,0x00,0x00,0xC0,0x30,0x60,0x10,0x00,0x01,0xE0,0x00,0x22,0x60,0x26,0x17,0x2C,
    0x01,0x30,0x01,0x30,0x11,0x28,0x33,0x2C,0x26,0x26,0x6C,0x20,0x60,0xE0,0x00,0x40,0x03,0xFC,0x30,0x1C,0x10,0x98,0x00,0xE0,
    0x43,0xFC,0x72,0x64,0x12,0x44,0x03,0xFC,0x02,0x64,0x12,0x44,0x33,0xFC,0x22,0x64,0x62,0x44,0x42,0x4C,0x00,0x00,0x00,0x00,
    0x00,0x00,0x03,0x00,0x01,0xC0,0x00,0x40,0x0F,0x80,0x00,0x80,0x00,0x8C,0x3C,0xCC,0x06,0xF0,0x04,0xA0,0x04,0xB0,0x08,0x98,
    0x18,0x8C,0x70,0x86,0x23,0x80,0x00,0x00,0x1F,0xF8,0x00,0x30,0x03,0x60,0x1F,0xF8,0x11,0x8C,0x1F,0xFC,0x11,0x8C,0x1F,0xFC,
    0x11,0x8C,0x10,0x18,0x01,0x80,0x34,0xC4,0x24,0x16,0x47,0xF0,0x00,0x00,0x00,0x00,0x00,0x00,0x1F,0xFC,0x03,0x60,0x3F,0xFC,
    0x31,0x84,0x3F,0xFC,0x31,0x84,0x3F,0xFC,0x31,0x84,0x01,0x80,0x3F,0xFC,0x03,0x04,0x06,0x04,0x7C,0x3C,0x00,0x00,0x00,0x00,
    0x00,0x00,0x1F,0xFC,0x11,0x8C,0x11,0x8C,0x1F,0xFC,0x11,0x8C,0x11,0x8C,0x11,0x8C,0x1F,0xFC,0x31,0x8C,0x31,0x8C,0x21,0x8C,
    0x21,0x8C,0x61,0x98,0x00,0x00,0x00,0x00,0x01,0x00,0x09,0x80,0x09,0xB0,0x49,0xA2,0x51,0xC2,0x7F,0xDA,0x45,0xF2,0x49,0xA2,
    0x4B,0xAA,0x53,0xFA,0x5B,0x8E,0x41,0x82,0x6F,0xFE,0x78,0x02,0x00,0x00,0x00,0x00,0x08,0x40,0x08,0xD8,0x18,0xC8,0x10,0xC0,
    0x37,0xFE,0x30,0xF0,0x50,0xB0,0x50,0xB0,0x10,0xB0,0x10,0xB0,0x11,0xB0,0x11,0x32,0x13,0x32,0x16,0x1E,0x00,0x00,0x00,0x00,
    0x00,0x00,0x08,0xC0,0x18,0xC0,0x14,0xFE,0x35,0x88,0x75,0x88,0x54,0x50,0x14,0x70,0x10,0xF8,0x13,0x0E,0x00,0x00,0x04,0x8C,
    0x24,0x04,0x64,0x12,0x47,0xF0,0x00,0x00,0x10,0x40,0x10,0x48,0x10,0x4C,0x14,0x40,0x57,0xFC,0x50,0x70,0x50,0x70,0x10,0x70,
    0x10,0xF0,0x10,0xB0,0x10,0xB0,0x11,0xB0,0x13,0x12,0x16,0x1E,0x00,0x00,0x00,0x00,0x00,0x00,0x01,0x10,0x01,0x18,0x01,0x08,
    0x01,0x00,0x7F,0xFE,0x01,0x40,0x03,0x40,0x03,0x40,0x02,0x40,0x06,0x40,0x04,0x40,0x0C,0x42,0x18,0x42,0x70,0x7E,0x00,0x00,
    0x01,0x80,0x01,0x80,0x01,0x80,0x3F,0xFC,0x3F,0xFC,0x21,0x84,0x21,0x84,0x21,0x84,0x3F,0xFC,0x21,0x84,0x21,0x84,0x21,0x84,
    0x3F,0xFC,0x20,0x04,0x00,0x00,0x00,0x00,0x0C,0x00,0x0C,0x3C,0x0C,0x24,0x3F,0xA4,0x6D,0xA4,0x6C,0xA8,0x6C,0xA8,0x7F,0xA4,
    0x6C,0xA4,0x6C,0xA2,0x6C,0xA6,0x7F,0xAC,0x61,0xA0,0x00,0x20,0x00,0x20,0x00,0x00,0x00,0x20,0x18,0x20,0x10,0x20,0x3D,0xFC,
    0x61,0x36,0x5D,0x26,0x19,0x26,0x11,0xFE,0x7F,0x26,0x11,0x26,0x11,0x26,0x1D,0xFE,0x19,0x86,0x11,0x06,0x00,0x00,0x00,0x00,
    0x00,0x00,0x24,0x40,0x18,0x48,0x18,0x40,0x28,0x40,0x0B,0xFE,0x0C,0x50,0x1C,0x50,0x34,0xD0,0x64,0x90,0x04,0x90,0x09,0x92,
    0x09,0x12,0x32,0x1C,0x00,0x00,0x00,0x00,0x00,0x20,0x30,0x60,0x18,0x60,0x00,0x60,0x03,0xFE,0x62,0x66,0x32,0x66,0x02,0x66,
    0x03,0xFE,0x1A,0x66,0x12,0x66,0x32,0x66,0x23,0xFE,0x62,0x06,0x00,0x00,0x00,0x00,0x00,0x00,0x02,0x10,0x62,0x30,0x10,0x3E,
    0x0F,0xA0,0x04,0x60,0x64,0x7E,0x17,0x84,0x04,0x88,0x04,0x8C,0x34,0xBE,0x24,0x88,0x2C,0x88,0x68,0x88,0x5B,0x18,0x00,0x10,
    0x00,0x00,0x7F,0xFE,0x02,0x40,0x02,0x40,0x3F,0xFC,0x32,0x44,0x32,0x44,0x34,0x7C,0x3C,0x0C,0x30,0x0C,0x3F,0xFC,0x30,0x04,
    0x3F,0xFC,0x30,0x0C,0x00,0x00,0x00,0x00,0x00,0x00,0x01,0x00,0x01,0x00,0x3F,0xFE,0x02,0x00,0x06,0x00,0x0F,0xFC,0x0C,0x0C,
    0x1C,0x0C,0x67,0xFC,0x44,0x0C,0x07,0xFC,0x04,0x0C,0x04,0x0C,0x04,0x18,0x00,0x00,0x03,0x00,0x03,0x00,0x03,0x00,0x3F,0xFC,
    0x02,0x00,0x02,0x00,0x07,0xF8,0x06,0x10,0x0E,0x30,0x19,0x20,0x11,0xE0,0x60,0xE0,0x43,0xB8,0x0E,0x0E,0x00,0x00,0x00,0x00,
    0x01,0x00,0x01,0x00,0x03,0x00,0x7F,0xFE,0x02,0x00,0x06,0x00,0x04,0x00,0x0F,0xF8,0x1C,0x08,0x3C,0x08,0x6C,0x08,0x4C,0x08,
    0x0F,0xF8,0x0F,0xF8,0x08,0x08,0x00,0x00,0x00,0x00,0x08,0x40,0x08,0x40,0x18,0x40,0x17,0xFE,0x30,0x80,0x30,0x80,0x51,0x00,
    0x53,0xFC,0x17,0x84,0x15,0x84,0x11,0x84,0x11,0x84,0x11,0xFC,0x11,0x84,0x00,0x00,0x00,0x00,0x06,0x10,0x78,0x10,0x08,0x10,
    0x2A,0xFE,0x2C,0x92,0x08,0x92,0x7E,0x92,0x18,0xFE,0x3C,0x92,0x2A,0x92,0x48,0x92,0x48,0x92,0x08,0xFE,0x08,0x82,0x00,0x00,
    0x00,0x00,0x20,0x7C,0x33,0xE0,0x10,0x60,0x07,0xFE,0x00,0xF0,0x71,0x68,0x32,0x6E,0x34,0x02,0x31,0xF0,0x30,0x98,0x38,0x9C,
    0x39,0x84,0x31,0x04,0x06,0x3C,0x00,0x00,0x00,0x00,0x3F,0xF8,0x38,0x18,0x08,0x18,0x08,0x10,0x0C,0x30,0x04,0x20,0x06,0x60,
    0x02,0x40,0x01,0xC0,0x01,0x80,0x07,0x60,0x1C,0x38,0x70,0x0E,0x00,0x00,0x00,0x00,0x08,0x20,0x08,0x30,0x18,0x20,0x10,0x30,
    0x32,0xFE,0x66,0x22,0x7C,0x22,0x08,0x26,0x18,0x26,0x12,0x66,0x36,0x44,0x7F,0xC4,0x01,0x84,0x03,0x1C,0x00,0x00,0x00,0x00,
    0x20,0x00,0x33,0xFC,0x18,0x20,0x00,0x20,0x00,0x20,0x77,0xFE,0x10,0x20,0x10,0x20,0x10,0x20,0x10,0x20,0x10,0x60,0x18,0xE0,
    0x3C,0x00,0x43,0xFE,0x00,0x00,0x00,0x00,0x00,0x00,0x02,0x10,0x73,0x10,0x10,0x18,0x0F,0xBC,0x06,0x26,0x66,0x62,0x27,0x80,
    0x06,0x98,0x04,0x8C,0x34,0x80,0x24,0x80,0x24,0xB0,0x6D,0x9C,0x5B,0x04,0x00,0x00,0x00,0x00,0x3F,0xF8,0x01,0x80,0x01,0x80,
    0x01,0x80,0x01,0x80,0x7F,0xFE,0x01,0x80,0x01,0x80,0x01,0x80,0x01,0x80,0x01,0x80,0x01,0x80,0x07,0x00,0x00,0x00,0x00,0x00,
    0x1F,0xF8,0x1F,0xF8,0x01,0x80,0x7F,0xFE,0x7F,0xFE,0x01,0x80,0x01,0x80,0x03,0x00,0x1F,0xF8,0x36,0x6C,0x32,0x4C,0x32,0x4C,
    0x32,0x4C,0x7F,0xFE,0x00,0x00,0x00,0x00,0x10,0x40,0x10,0x60,0x10,0x90,0x11,0x9C,0x7B,0xF6,0x36,0x00,0x3B,0xC4,0x3A,0x54,
    0x73,0xD4,0x52,0x54,0x13,0x54,0x13,0xD4,0x12,0x44,0x12,0xCC,0x00,0x00,0x00,0x00,0x00,0x00,0x01,0x00,0x01,0x00,0x3F,0xFE,
    0x31,0x12,0x3F,0x84,0x31,0xFC,0x33,0xF8,0x26,0x0C,0x27,0xFC,0x27,0xFC,0x20,0xC0,0x2F,0xFE,0x61,0xA0,0x4F,0x1E,0x00,0x00,
    0x1F,0xF8,0x11,0x88,0x1F,0xF8,0x11,0x88,0x1F,0xF8,0x01,0x80,0x3F,0xFE,0x21,0x86,0x27,0xF6,0x24,0x16,0x00,0x80,0x24,0x84,
    0x24,0x16,0x47,0xF0,0x00,0x00,0x00,0x00,0x00,0x80,0x39,0x1C,0x23,0xC4,0x21,0x04,0x3A,0x9C,0x23,0xC4,0x20,0x84,0x3B,0xDC,
    0x20,0x84,0x30,0x8C,0x7F,0xFE,0x04,0x20,0x0C,0x38,0x30,0x0C,0x00,0x00,0x00,0x00,0x00,0x00,0x01,0x80,0x03,0x80,0x06,0x40,
    0x04,0x30,0x18,0x1C,0x3F,0xE6,0x61,0x80,0x01,0x80,0x1F,0xF8,0x1F,0xF8,0x01,0x80,0x09,0x90,0x31,0x88,0x23,0x88,0x00,0x00,
    0x00,0x00,0x01,0x80,0x03,0x80,0x06,0x40,0x0C,0x30,0x3F,0xFE,0x60,0x00,0x1F,0x0C,0x11,0x6C,0x1F,0x6C,0x11,0x6C,0x1F,0x6C,
    0x11,0x2C,0x11,0x0C,0x13,0x18,0x00,0x10,0x00,0x00,0x00,0xC0,0x00,0xE0,0x21,0x10,0x07,0xFE,0x0C,0x00,0x07,0x84,0x74,0xD4,
    0x37,0xD4,0x34,0x54,0x37,0xD4,0x34,0xC4,0x34,0xCC,0x3C,0x00,0x47,0xFE,0x00,0x00,0x00,0x00,0x06,0x00,0x04,0x00,0x0F,0xE0,
    0x18,0x40,0x30,0xC0,0x7F,0xF8,0x11,0x88,0x11,0x88,0x1F,0xF8,0x11,0x88,0x19,0x88,0x1F,0xF8,0x00,0x00,0x7F,0xFE,0x00,0x00,
    0x00,0x00,0x10,0x40,0x10,0x60,0x10,0xB0,0x15,0x18,0x53,0xF6,0x56,0x00,0x53,0xC4,0x12,0x54,0x13,0xD4,0x12,0x54,0x13,0xD4,
    0x12,0x54,0x12,0x44,0x12,0xCC,0x00,0x00,0x00,0x00,0x00,0x40,0x30,0xE0,0x19,0xB0,0x03,0x18,0x07,0xF6,0x6C,0x00,0x37,0xC4,
    0x06,0xD4,0x07,0xD4,0x16,0xD4,0x17,0xD4,0x26,0xD4,0x26,0xC4,0x66,0xCC,0x00,0x00,0x00,0x80,0x31,0x80,0x19,0xF8,0x02,0x10,
    0x06,0x30,0x67,0xFC,0x32,0x24,0x03,0xFC,0x03,0x64,0x12,0x24,0x13,0xFC,0x20,0x00,0x20,0x00,0x67,0xFE,0x00,0x00,0x00,0x00,
    0x00,0x00,0x79,0xFC,0x49,0x24,0x49,0xFC,0x59,0x24,0x51,0x24,0x49,0xFC,0x48,0x20,0x47,0xFE,0x4E,0x22,0x5A,0x2A,0x42,0xFA,
    0x42,0x02,0x42,0x06,0x00,0x00,0x00,0x00,0x00,0x00,0x1F,0xF8,0x00,0x30,0x06,0x40,0x01,0x80,0x00,0x80,0x7F,0xFE,0x01,0x86,
    0x01,0x84,0x01,0x80,0x01,0x80,0x01,0x80,0x01,0x80,0x03,0x80,0x00,0x00,0x00,0x00,0x10,0xFC,0x11,0xFC,0x11,0x04,0x7D,0x04,
    0x7D,0xFC,0x34,0x00,0x25,0xFC,0x24,0x20,0x6C,0x20,0x3B,0xFE,0x18,0x70,0x1C,0x58,0x21,0x8C,0x63,0x06,0x00,0x00,0x00,0x00,
    0x00,0x00,0x7F,0xFE,0x00,0x80,0x01,0x80,0x3F,0xFC,0x20,0x84,0x24,0xA4,0x26,0x94,0x20,0x84,0x20,0xA4,0x24,0xB4,0x20,0x84,
    0x20,0x84,0x20,0x8C,0x00,0x00,0x00,0x00,0x08,0x00,0x08,0x00,0x1F,0xFC,0x18,0x00,0x10,0x00,0x10,0x00,0x1F,0xFC,0x00,0x04,
    0x00,0x04,0x00,0x0C,0x7F,0xEC,0x00,0x0C,0x00,0x08,0x00,0x78,0x00,0x00,0x00,0x00,0x00,0x40,0x18,0x40,0x18,0x40,0x18,0xFE,
    0x5A,0xC0,0x5A,0x80,0x5A,0xFE,0x5A,0x02,0x5A,0x02,0x5A,0x02,0x5E,0xFA,0x7E,0x02,0x02,0x02,0x00,0x0C,0x00,0x00,0x00,0x00,
    0x00,0x08,0x3F,0xF8,0x01,0x80,0x1F,0xF8,0x11,0x88,0x11,0x88,0x1F,0xF8,0x01,0x80,0x3F,0xFE,0x21,0x86,0x21,0xA6,0x23,0xF6,
    0x2C,0x06,0x20,0x0E,0x00,0x00,0x00,0x00,0x00,0x00,0x01,0x00,0x01,0x80,0x7F,0xFE,0x60,0x06,0x40,0x00,0x1F,0xF8,0x01,0x80,
    0x01,0x80,0x7F,0xFE,0x01,0x80,0x01,0x80,0x01,0x80,0x01,0x80,0x03,0x80,0x00,0x00,0x23,0xFC,0x30,0x40,0x10,0x40,0x03,0xFC,
    0x00,0xCC,0x70,0x8C,0x13,0xFE,0x10,0x00,0x10,0x00,0x11,0xFC,0x1D,0x04,0x19,0x04,0x11,0x0C,0x11,0xFC,0x01,0x04,0x00,0x00,
    0x00,0x00,0x7E,0x7E,0x02,0x06,0x02,0x06,0x22,0x46,0x32,0x26,0x12,0x06,0x02,0x06,0x06,0x1E,0x3A,0xF6,0x62,0xC6,0x02,0x06,
    0x02,0x04,0x0E,0x1C,0x0C,0x18,0x00,0x00,0x00,0x00,0x3F,0xFC,0x01,0x80,0x01,0x80,0x01,0x80,0x01,0x80,0x1F,0xF8,0x1F,0xF8,
    0x01,0x80,0x01,0xB0,0x01,0x98,0x01,0x88,0x01,0x80,0x7F,0xFE,0x00,0x00,0x00,0x00,0x00,0x20,0x30,0x24,0x30,0x30,0x37,0xFE,
    0x30,0x20,0x7B,0xA4,0x32,0xE4,0x32,0xF4,0x32,0xD8,0x33,0xD8,0x38,0x18,0x70,0x98,0x47,0x3E,0x00,0x66,0x00,0x00,0x00,0x00,
    0x04,0x20,0x04,0x20,0x7F,0xFE,0x04,0x20,0x00,0x00,0x1F,0xF8,0x01,0x80,0x01,0x80,0x7F,0xFE,0x01,0x80,0x01,0x80,0x01,0x80,
    0x01,0x80,0x03,0x80,0x00,0x00,0x00,0x00,0x00,0x00,0x0C,0x00,0x08,0x3E,0x7F,0xA4,0x18,0x24,0x18,0x24,0x3F,0x24,0x71,0x2C,
    0x5F,0x24,0x11,0x22,0x19,0x22,0x1F,0x22,0x11,0x2E,0x11,0x20,0x13,0x20,0x00,0x00,0x00,0x00,0x7D,0xFC,0x4C,0x30,0x4C,0x30,
    0x4C,0x30,0x4C,0x30,0x4D,0xFE,0x4C,0x30,0x7C,0x30,0x6C,0x30,0x4C,0x30,0x40,0x30,0x00,0x30,0x00,0x60,0x00,0x40,0x00,0x00,
    0x00,0x00,0x33,0xFC,0x12,0x4C,0x03,0xFC,0x02,0x4C,0x73,0xF8,0x10,0x60,0x13,0xFC,0x12,0x54,0x12,0xFC,0x12,0x0C,0x18,0x0C,
    0x26,0x00,0x41,0xFE,0x00,0x00,0x00,0x00,0x00,0x00,0x00,0x60,0x78,0x60,0x48,0x90,0x49,0x9C,0x4B,0xF6,0x4E,0x00,0x4B,0xC4,
    0x4B,0x54,0x7B,0xD4,0x5B,0x54,0x43,0xD4,0x43,0x54,0x03,0x44,0x03,0x4C,0x00,0x00,0x10,0x88,0x10,0x8C,0x11,0x06,0x54,0x20,
    0x54,0x70,0x54,0x58,0x54,0x8C,0x55,0x86,0x57,0xFC,0x54,0x8C,0x54,0x8C,0x7C,0x8C,0x04,0xFC,0x00,0xCC,0x00,0x80,0x00,0x00,
    0x00,0x00,0x13,0x00,0x12,0x1E,0x23,0xF2,0x65,0x92,0x19,0x92,0x17,0xF2,0x31,0x92,0x71,0x92,0x75,0xD2,0x15,0x92,0x15,0x92,
    0x17,0xDE,0x17,0x10,0x10,0x10,0x00,0x00,0x00,0x00,0x01,0x80,0x03,0xC0,0x06,0x60,0x3F,0xFE,0x60,0x00,0x1F,0x28,0x1F,0x28,
    0x11,0x28,0x19,0x08,0x13,0x18,0x00,0x00,0x24,0x84,0x24,0x16,0x47,0xF0,0x00,0x00,0x00,0x20,0x12,0x20,0x33,0x20,0x21,0x3E,
    0x4C,0x66,0x0C,0x46,0x12,0x50,0x31,0x10,0x7F,0x90,0x73,0x10,0x33,0x38,0x33,0x2C,0x3F,0x64,0x33,0xC2,0x00,0x00,0x00,0x00,
    0x00,0x10,0x2F,0x14,0x39,0x16,0x10,0x10,0x78,0x7E,0x4B,0x10,0x09,0x10,0x19,0x10,0x29,0x38,0x49,0xF8,0x09,0xA8,0x09,0x64,
    0x19,0x46,0x30,0xC2,0x00,0x00,0x00,0x00,0x01,0x00,0x01,0x80,0x7F,0xFE,0x04,0x20,0x0C,0x38,0x0F,0x88,0x00,0x00,0x0F,0xF8,
    0x08,0x08,0x0F,0xF8,0x08,0x08,0x0F,0xF8,0x08,0x08,0x08,0x38,0x00,0x00,0x00,0x00,0x00,0x00,0x01,0x10,0x19,0x10,0x08,0x30,
    0x7F,0xFE,0x04,0x20,0x09,0x90,0x1F,0xFC,0x60,0x06,0x00,0x00,0x0F,0xF0,0x00,0x00,0x0F,0xF8,0x08,0x18,0x0F,0xF8,0x00,0x00,
    0x20,0x10,0x31,0x08,0x0A,0x04,0x00,0x40,0x40,0xE0,0x70,0x90,0x11,0x18,0x02,0x0C,0x05,0xFC,0x11,0x08,0x31,0x08,0x21,0x08,
    0x21,0xF8,0x41,0x08,0x00,0x00,0x00,0x00,0x00,0x00,0x01,0x80,0x3F,0xFC,0x60,0x06,0x4F,0xF2,0x19,0x98,0x1F,0xF8,0x19,0x98,
    0x1F,0xF8,0x01,0x80,0x3F,0xFC,0x21,0x84,0x21,0xA4,0x27,0xD4,0x20,0x0C,0x00,0x00,0x00,0x00,0x10,0x00,0x19,0x8C,0x09,0x04,
    0x78,0x20,0x18,0x60,0x18,0x50,0x14,0x98,0x3D,0x8E,0x5F,0xFA,0x14,0x88,0x10,0x88,0x10,0x88,0x10,0x88,0x10,0xF8,0x10,0x80,
    0x00,0x00,0x7D,0xFE,0x0C,0x20,0x28,0x20,0x18,0xFC,0x00,0x84,0x7E,0xB4,0x12,0xB4,0x10,0xA4,0x10,0xA4,0x10,0xA4,0x10,0x60,
    0x10,0x4C,0x31,0x86,0x01,0x00,0x00,0x00,0x00,0x00,0x00,0x40,0x7E,0xF8,0x0D,0x88,0x3B,0xFE,0x11,0xB6,0x00,0xB6,0x7E,0xFC,
    0x14,0xE4,0x11,0xAC,0x10,0x78,0x11,0xB4,0x12,0x54,0x11,0x92,0x33,0x30,0x20,0x00,0x00,0x00,0x7E,0x00,0x06,0xFC,0x26,0x44,
    0x24,0x44,0x24,0x44,0x24,0x4C,0x3E,0x48,0x02,0x28,0x02,0x30,0x7A,0x30,0x02,0x38,0x02,0x4C,0x0F,0x86,0x08,0x00,0x00,0x00,
    0x00,0x00,0x10,0x00,0x3E,0xFC,0x22,0xCC,0x14,0xD8,0x0C,0x7E,0x32,0x00,0x4F,0xF0,0x08,0x10,0x09,0x30,0x08,0x00,0x0F,0xFC,
    0x00,0x04,0x7F,0xE4,0x00,0x0C,0x00,0x18,0x24,0x00,0x34,0x46,0x15,0x4E,0x05,0xD6,0x04,0xD6,0x64,0x46,0x05,0xFE,0x04,0x66,
    0x04,0xF6,0x34,0xDE,0x25,0xCE,0x2D,0x46,0x68,0x46,0x58,0x46,0x00,0x00,0x00,0x00,0x00,0x00,0x3F,0xFC,0x24,0x04,0x26,0x04,
    0x0F,0xE0,0x10,0x40,0x7F,0xF8,0x10,0x88,0x11,0x88,0x1F,0xF8,0x03,0x50,0x02,0x58,0x0C,0x42,0x38,0x7C,0x20,0x00,0x00,0x00,
    0x00,0x00,0x1F,0xF8,0x00,0x00,0x00,0x00,0x00,0x00,0x3F,0xFC,0x06,0x40,0x06,0x40,0x06,0x40,0x04,0x40,0x04,0x40,0x08,0x42,
    0x18,0x66,0x70,0x7C,0x00,0x00,0x00,0x00,0x00,0x00,0x10,0x00,0x13,0xFE,0x10,0x00,0x10,0x00,0x7D,0xFC,0x31,0x04,0x11,0x04,
    0x11,0xFC,0x11,0x04,0x11,0x04,0x1D,0xFC,0x78,0x00,0x40,0x00,0x07,0xFE,0x00,0x00,0x01,0x80,0x1F,0xF8,0x01,0x80,0x3F,0xFC,
    0x00,0x00,0x1F,0xF8,0x18,0x18,0x18,0x08,0x1F,0xF8,0x02,0x48,0x0C,0x58,0x3C,0x30,0x65,0x9E,0x06,0x06,0x00,0x00,0x00,0x00,
    0x00,0x00,0x1F,0xFC,0x10,0x80,0x10,0x80,0x17,0xFC,0x16,0x0C,0x17,0xFC,0x16,0x0C,0x37,0xFC,0x30,0x40,0x20,0x40,0x26,0x48,
    0x6C,0x44,0x48,0xC0,0x00,0x00,0x00,0x00,0x10,0x1C,0x13,0xE0,0x11,0x24,0x31,0x2C,0x79,0x0C,0x11,0xFC,0x10,0xC0,0x1B,0xFE,
    0x70,0xC0,0x11,0xFC,0x11,0x48,0x13,0x70,0x16,0x70,0x75,0xCE,0x00,0x00,0x00,0x00,0x00,0x00,0x10,0x20,0x10,0xFC,0x7C,0x20,
    0x20,0x20,0x21,0xFE,0x68,0x00,0x79,0xFC,0x7D,0x84,0x09,0xFC,0x08,0x50,0x7C,0xD4,0x4B,0xC8,0x0A,0xEC,0x08,0xE2,0x08,0x00,
    0x3F,0xFC,0x3F,0xFC,0x20,0x04,0x27,0xE4,0x20,0x04,0x2F,0xF4,0x23,0xC4,0x22,0x44,0x22,0x44,0x26,0x54,0x2C,0x74,0x28,0x04,
    0x3F,0xFC,0x20,0x04,0x00,0x00,0x00,0x00,0x00,0x00,0x1F,0xF8,0x10,0x08,0x18,0x08,0x1F,0xF8,0x00,0x00,0x1F,0xF8,0x10,0x0C,
    0x11,0x8C,0x11,0x8C,0x11,0x0C,0x03,0x60,0x06,0x38,0x7C,0x0E,0x20,0x00,0x00,0x00,0x00,0x00,0x3F,0xFC,0x23,0xC4,0x26,0x64,
    0x27,0xE4,0x20,0x04,0x27,0xE4,0x24,0x24,0x25,0xA4,0x25,0x24,0x23,0x44,0x2E,0x34,0x28,0x04,0x3F,0xFC,0x00,0x00,0x00,0x00,
    0x00,0x00,0x04,0x20,0x2D,0xFC,0x18,0x60,0x32,0x62,0x68,0x00,0x09,0xF8,0x09,0x0C,0x19,0x04,0x29,0xFC,0x68,0xE0,0x09,0x94,
    0x0B,0x98,0x18,0xCC,0x30,0xC6,0x00,0x00,0x20,0x00,0x37,0xFE,0x14,0x20,0x04,0xFC,0x44,0xFC,0x34,0x84,0x04,0xFC,0x04,0x84,
    0x34,0xFC,0x34,0x20,0x24,0x20,0x2D,0xA4,0x6B,0x22,0x5A,0x60,0x00,0x00,0x00,0x00,0x00,0x00,0x10,0x80,0x30,0xF8,0x21,0x98,
    0x6D,0xB8,0x49,0x10,0x73,0xFE,0x10,0xC4,0x21,0xCC,0x63,0x78,0x78,0xB8,0x03,0x34,0x00,0xD4,0x79,0x92,0x06,0x70,0x00,0x40,
    0x00,0x00,0x23,0xF8,0x10,0x00,0x00,0x00,0x00,0x00,0x77,0xFE,0x11,0xB0,0x11,0x30,0x11,0x30,0x11,0x30,0x13,0x36,0x16,0x1C,
    0x3C,0x00,0x63,0xFE,0x00,0x00,0x00,0x00,0x04,0x20,0x06,0x60,0x7F,0xFE,0x06,0x60,0x10,0x00,0x18,0x78,0x1F,0x4C,0x22,0x4C,
    0x62,0x4C,0x4E,0x4C,0x04,0x58,0x0C,0x42,0x18,0x42,0x30,0x7C,0x00,0x00,0x00,0x00,0x00,0x00,0x3F,0xFC,0x30,0xC0,0x37,0xFC,
    0x37,0xFC,0x36,0x0C,0x37,0xFC,0x20,0x40,0x22,0x58,0x2C,0xC4,0x20,0x00,0x29,0x44,0x69,0x02,0x51,0xF8,0x00,0x00,0x00,0x00,
    0x00,0x00,0x08,0x00,0x0E,0x7C,0x1F,0x4C,0x33,0x4C,0x2A,0x48,0x0E,0x58,0x04,0x40,0x18,0x46,0x70,0x7C,0x01,0x80,0x34,0x88,
    0x24,0x04,0x64,0x12,0x07,0xF0,0x00,0x00,0x00,0x00,0x00,0x60,0x78,0x20,0x6B,0xFE,0x4A,0x02,0x48,0x00,0x51,0xF8,0x58,0x00,
    0x49,0xFC,0x44,0xD0,0x44,0x90,0x58,0x90,0x40,0x90,0x41,0x92,0x43,0x1E,0x00,0x00,0x00,0x00,0x00,0x00,0x3F,0xFC,0x20,0x04,
    0x20,0x04,0x20,0x04,0x20,0x04,0x3F,0xE4,0x20,0x04,0x20,0x04,0x20,0x04,0x3F,0xFC,0x20,0x04,0x20,0x04,0x00,0x00,0x00,0x00,
    0x00,0x20,0x18,0x60,0x10,0x40,0x22,0x7E,0x66,0x86,0x7C,0x86,0x09,0x06,0x10,0x44,0x30,0x24,0x3E,0x24,0x00,0x04,0x02,0x04,
    0x7C,0x04,0x00,0x1C,0x00,0x00,0x00,0x00,0x08,0x00,0x08,0x2C,0x3E,0x20,0x08,0xFE,0x08,0xA0,0x08,0x94,0x7E,0x94,0x08,0x98,
    0x2C,0x98,0x2E,0xD8,0x28,0x9E,0x38,0x64,0x4C,0x00,0x43,0xFE,0x00,0x00,0x00,0x00,0x3C,0x08,0x26,0xF8,0x22,0x20,0x22,0x20,
    0x3E,0x20,0x08,0x20,0x09,0xFE,0x2C,0x20,0x28,0x30,0x28,0x50,0x28,0x58,0x3E,0xC8,0x71,0x84,0x03,0x06,0x00,0x00,0x00,0x00,
    0x00,0x00,0x10,0x00,0x10,0xFC,0x3E,0x84,0x20,0x84,0x60,0xFC,0x7C,0xFC,0x18,0x84,0x18,0x84,0x3E,0xFC,0x18,0x84,0x18,0x84,
    0x1F,0x84,0x19,0x04,0x13,0x0C,0x00,0x08,0x00,0x08,0x1F,0xF8,0x18,0x00,0x18,0x00,0x1F,0xFC,0x18,0x40,0x18,0x40,0x7F,0xFE,
    0x00,0x00,0x01,0x80,0x11,0x88,0x11,0x88,0x11,0x88,0x1F,0xF8,0x00,0x00,0x00,0x00,0x00,0x00,0x03,0x00,0x1F,0xF8,0x10,0x08,
    0x17,0xE8,0x13,0xC8,0x14,0x28,0x1F,0xF8,0x00,0x00,0x7F,0xFE,0x0C,0x00,0x0F,0xF8,0x00,0x18,0x00,0x10,0x00,0x70,0x00,0x00,
    0x00,0x00,0x1F,0xF8,0x18,0x08,0x18,0x08,0x1F,0xF8,0x18,0x18,0x18,0x08,0x18,0x08,0x1F,0xF8,0x18,0x08,0x10,0x08,0x10,0x08,
    0x30,0x08,0x60,0x38,0x00,0x00,0x00,0x00,0x00,0x00,0x10,0x88,0x10,0x88,0x10,0x10,0x15,0xFC,0x55,0x04,0x51,0x04,0x51,0x04,
    0x11,0xFC,0x10,0x50,0x10,0x50,0x10,0xD0,0x10,0x90,0x11,0x92,0x13,0x1E,0x00,0x00,0x00,0x00,0x10,0x00,0x09,0xFE,0x00,0x06,
    0x22,0x46,0x20,0x46,0x27,0xE6,0x24,0x26,0x27,0xE6,0x23,0xC6,0x22,0xC6,0x22,0xC6,0x26,0xD6,0x2C,0x64,0x20,0x0C,0x00,0x00,
    0x08,0x00,0x08,0x00,0x7E,0x7C,0x08,0x00,0x18,0x00,0x3C,0x00,0x08,0xFE,0x7E,0x20,0x18,0x20,0x1E,0x60,0x3A,0x44,0x68,0xC4,
    0x48,0xFE,0x08,0x82,0x00,0x00,0x00,0x00,0x00,0x00,0x1F,0xF8,0x00,0x00,0x00,0x00,0x00,0x00,0x7F,0xFE,0x7F,0xFE,0x03,0x00,
    0x06,0x00,0x04,0x20,0x0C,0x30,0x18,0x18,0x3F,0xFC,0x18,0x04,0x00,0x00,0x00,0x00,0x3F,0x3E,0x21,0x26,0x21,0x24,0x3F,0x24,
    0x00,0x24,0x3F,0x28,0x21,0xAC,0x25,0xA4,0x2D,0xA2,0x2D,0xA2,0x28,0x22,0x1A,0x2E,0x33,0x20,0x61,0x20,0x00,0x20,0x00,0x00,
    0x04,0x00,0x0C,0x00,0x0F,0xFC,0x18,0x04,0x10,0x04,0x26,0x04,0x63,0x84,0x00,0x84,0x00,0x04,0x00,0xE4,0x07,0x04,0x18,0x0C,
    0x00,0x0C,0x00,0x38,0x00,0x00,0x00,0x00,0x00,0x00,0x7D,0xFC,0x49,0x04,0x49,0xFC,0x58,0x00,0x50,0x00,0x59,0xFC,0x49,0x04,
    0x4D,0x24,0x4D,0x24,0x59,0x24,0x40,0x60,0x40,0xD8,0x47,0x86,0x40,0x00,0x00,0x00,0x02,0x00,0x02,0x00,0x06,0x00,0x04,0x20,
    0x08,0x10,0x18,0x78,0x3F,0xCC,0x06,0x40,0x06,0x40,0x04,0x40,0x04,0x40,0x0C,0x40,0x18,0x46,0x30,0x7C,0x00,0x00,0x00,0x00,
    0x00,0x00,0x33,0xF8,0x10,0x00,0x00,0x00,0x00,0x00,0x37,0xFC,0x38,0x80,0x18,0x90,0x19,0x08,0x1B,0x1C,0x1B,0xE4,0x18,0x00,
    0x3E,0x00,0x43,0xFE,0x00,0x00,0x00,0x00,0x00,0x00,0x04,0x20,0x7F,0xFE,0x04,0x20,0x11,0xF8,0x31,0x0C,0x25,0xFC,0x79,0x0C,
    0x59,0xFC,0x30,0x00,0x7D,0xFC,0x01,0x54,0x01,0x54,0x79,0x54,0x43,0xFE,0x00,0x00,0x7F,0x3C,0x1C,0x3C,0x14,0x00,0x7E,0x00,
    0x5F,0x00,0x55,0xFE,0x55,0x10,0x55,0x10,0x77,0x30,0x41,0x20,0x7F,0x24,0x41,0x46,0x63,0x7E,0x7F,0x42,0x40,0x00,0x00,0x00,
    0x1F,0xF8,0x10,0x08,0x1F,0xF8,0x18,0x08,0x00,0x00,0x7F,0xFE,0x42,0x06,0x1F,0xF0,0x0C,0x80,0x1D,0x80,0x01,0x80,0x01,0x80,
    0x01,0x80,0x00,0x80,0x00,0x80,0x00,0x00,0x00,0x00,0x08,0x20,0x08,0x20,0x7F,0x60,0x00,0x7E,0x12,0xC2,0x16,0x02,0x7F,0x22,
    0x00,0x22,0x3E,0x02,0x22,0x3A,0x3E,0xE2,0x22,0x02,0x3E,0x06,0x22,0x1C,0x00,0x00,0x00,0x00,0x3F,0xF0,0x04,0x30,0x04,0x3E,
    0x0C,0x06,0x18,0x06,0x3F,0xE4,0x20,0x6C,0x00,0x88,0x01,0x80,0x7F,0xFE,0x00,0x80,0x00,0x80,0x03,0x80,0x01,0x00,0x00,0x00,
    0x3F,0xFC,0x7F,0xFC,0x60,0x80,0x60,0xC0,0x6F,0xF8,0x6C,0xC8,0x6C,0xC8,0x6C,0xC8,0x6C,0xC8,0x6C,0xD8,0x60,0xC0,0x60,0xC0,
    0x60,0x00,0x7F,0xFE,0x00,0x00,0x00,0x00,0x00,0x00,0x7F,0xFE,0x11,0x80,0x11,0x98,0x11,0xBE,0x31,0xFE,0x3D,0xFA,0x75,0xFA,
    0x75,0xFA,0x35,0xFE,0x35,0x98,0x3D,0x98,0x35,0x80,0x01,0xFE,0x00,0x00,0x00,0x00,0x00,0x00,0x02,0x00,0x02,0x00,0x3F,0xF0,
    0x06,0x30,0x04,0x30,0x0C,0x32,0x39,0x9E,0x21,0x80,0x7F,0xFE,0x01,0x80,0x09,0x90,0x19,0x98,0x61,0x8C,0x43,0x80,0x00,0x00,
    0x00,0x00,0x0C,0x40,0x0C,0x48,0x3F,0x4C,0x0C,0x40,0x7F,0xFE,0x00,0x60,0x0C,0x60,0x0C,0x2C,0x3F,0x28,0x0C,0x30,0x1F,0x30,
    0x2C,0x32,0x6C,0xCE,0x0C,0x86,0x00,0x00,0x00,0x40,0x0C,0x48,0x3F,0x4C,0x0C,0x40,0x0C,0x60,0x7F,0xFE,0x00,0x60,0x3E,0x64,
    0x23,0x28,0x23,0x38,0x23,0x30,0x3F,0x30,0x22,0x5A,0x00,0x8E,0x00,0x00,0x00,0x00,0x00,0x00,0x01,0x00,0x01,0x80,0x01,0x80,
    0x7F,0xFC,0x60,0x04,0x21,0x84,0x01,0x80,0x11,0x88,0x11,0x98,0x33,0xD0,0x02,0x40,0x06,0x60,0x0C,0x18,0x30,0x0E,0x00,0x00,
    0x00,0x00,0x01,0x00,0x01,0x80,0x7F,0xFC,0x61,0x04,0x01,0x80,0x3F,0xF8,0x04,0x20,0x04,0x60,0x7F,0xFE,0x01,0x80,0x01,0x80,
    0x1F,0xFC,0x01,0x80,0x01,0x80,0x00,0x00,0x00,0x00,0x08,0x40,0x3F,0x4C,0x0C,0x40,0x0C,0x60,0x7F,0xFE,0x08,0x40,0x7F,0x2C,
    0x30,0x28,0x24,0x28,0x3F,0x38,0x04,0x30,0x1F,0x30,0x7C,0x7A,0x04,0xCE,0x00,0x00,0x00,0x00,0x3F,0xFC,0x01,0x80,0x01,0x80,
    0x1F,0xF8,0x11,0x88,0x11,0x88,0x1F,0xF8,0x11,0x88,0x11,0x88,0x7F,0xFE,0x10,0x08,0x10,0x08,0x10,0x38,0x10,0x10,0x00,0x00,
    0x00,0x00,0x01,0x00,0x03,0x00,0x3F,0xFC,0x3F,0xFE,0x06,0x00,0x04,0x60,0x18,0x60,0x1B,0xFC,0x38,0x60,0x78,0x60,0x18,0x60,
    0x18,0x60,0x18,0x60,0x1F,0xFE,0x00,0x00,0x00,0x40,0x00,0x40,0x79,0xFC,0x69,0x04,0x69,0x04,0x69,0x04,0x69,0xFC,0x69,0x04,
    0x69,0x04,0x69,0xFC,0x79,0x04,0x69,0x04,0x01,0xFC,0x01,0x04,0x00,0x00,0x00,0x00,0x11,0x08,0x17,0x28,0x17,0xBC,0x71,0x08,
    0x37,0xBE,0x12,0x94,0x1A,0xF6,0x34,0x26,0x73,0xFC,0x13,0x04,0x12,0x64,0x12,0x40,0x30,0xD8,0x67,0x8E,0x00,0x00,0x00,0x00,
    0x08,0x00,0x18,0x7C,0x10,0x40,0x34,0x7C,0x3F,0x58,0x04,0x58,0x7E,0xD8,0x04,0x98,0x00,0x00,0x1F,0xF8,0x10,0x18,0x1F,0xF8,
    0x10,0x18,0x1F,0xF8,0x00,0x00,0x00,0x00,0x00,0x00,0x0C,0x10,0x3C,0xF0,0x7E,0xFC,0x0C,0x10,0x7E,0xFE,0x14,0x48,0x26,0x4E,
    0x64,0x80,0x1F,0xF8,0x10,0x08,0x11,0x08,0x11,0x08,0x02,0x70,0x3C,0x1C,0x20,0x00,0x00,0x00,0x00,0x10,0x7E,0x10,0x62,0xFE,
    0x42,0x80,0x5A,0x80,0x5A,0x90,0x5A,0x90,0x5A,0xBC,0x52,0x98,0x52,0x90,0x11,0x90,0x1D,0x10,0x27,0x18,0x63,0x7E,0x00,0x00,
    0x00,0x00,0x00,0x10,0x3C,0x10,0x24,0xFE,0x24,0x80,0x24,0x80,0x3C,0x98,0x24,0x98,0x24,0xBC,0x3C,0x98,0x24,0x98,0x25,0x98,
    0x65,0x18,0x45,0x18,0x4F,0x7E,0x40,0x00,0x04,0x20,0x3F,0xFC,0x04,0x60,0x00,0x00,0x3F,0xFC,0x0C,0x48,0x33,0x70,0x0E,0x44,
    0x0C,0x7C,0x34,0x20,0x7F,0xFC,0x04,0x60,0x0C,0x20,0x18,0x20,0x00,0x00,0x00,0x00,0x00,0xB0,0x27,0xFC,0x10,0xB0,0x17,0xFC,
    0x07,0xFC,0x06,0xB4,0x73,0xFC,0x10,0x00,0x13,0xF8,0x13,0x08,0x13,0x08,0x13,0xF8,0x7C,0x00,0x43,0xFE,0x00,0x00,0x00,0x00,
    0x00,0x00,0x10,0x58,0x11,0xFE,0x54,0x58,0x55,0xFE,0x11,0x5A,0x7D,0xFE,0x31,0x5A,0x31,0xFE,0x3C,0x00,0x35,0xFE,0x51,0x06,
    0x51,0xFE,0x11,0x86,0x11,0xFE,0x10,0x00,0x02,0x40,0x32,0x4C,0x12,0x48,0x02,0x40,0x7F,0xFE,0x00,0x00,0x02,0x40,0x22,0x44,
    0x2F,0xE4,0x21,0x84,0x27,0xE4,0x21,0x84,0x31,0x8C,0x3F,0xFC,0x00,0x00,0x00,0x00,0x04,0x20,0x7F,0xFE,0x04,0x20,0x21,0xF8,
    0x13,0x08,0x01,0xF8,0x60,0x00,0x24,0xA4,0x07,0xBC,0x10,0x40,0x17,0xFE,0x21,0xF0,0x23,0x4C,0x4C,0x46,0x00,0x00,0x00,0x00,
    0x01,0x00,0x3F,0xFC,0x3F,0xFC,0x01,0x80,0x1F,0xF8,0x11,0x88,0x13,0xC8,0x05,0xA0,0x19,0x18,0x73,0x06,0x00,0xE0,0x04,0x00,
    0x07,0x80,0x00,0x60,0x00,0x00,0x00,0x00,0x1F,0xF8,0x1F,0xF8,0x10,0x08,0x1F,0xF8,0x10,0x08,0x10,0x08,0x1F,0xF8,0x01,0x80,
    0x01,0x80,0x7F,0xFE,0x7F,0xFE,0x01,0x80,0x01,0x80,0x01,0x80,0x00,0x00,0x00,0x00,0x21,0xF8,0x33,0x08,0x0B,0x18,0x01,0xF8,
    0x67,0x9C,0x34,0x96,0x04,0x96,0x07,0x9E,0x00,0x40,0x27,0xFE,0x20,0xF0,0x21,0x58,0x62,0x4E,0x4C,0x42,0x00,0x40,0x00,0x00,
    0x00,0x00,0x3F,0xF8,0x05,0x10,0x06,0x60,0x03,0xC0,0x0F,0xE0,0x78,0x1E,0x01,0x80,0x1F,0xFC,0x11,0x8C,0x1F,0xFC,0x11,0x80,
    0x01,0x98,0x3F,0xFC,0x00,0x00,0x00,0x00,0x00,0xF8,0x38,0x88,0x28,0x88,0x28,0xF8,0x3F,0x9E,0x1A,0xD2,0x12,0x52,0x5B,0xDE,
    0x58,0x20,0x53,0xFE,0x50,0xF0,0x58,0xA8,0x79,0x2C,0x43,0x26,0x00,0x20,0x00,0x00,0x01,0xF8,0x71,0x08,0x51,0x08,0x51,0xF8,
    0x50,0x00,0x57,0xBE,0x54,0xB6,0x57,0x9C,0x50,0x40,0x53,0xFE,0x50,0xF0,0x41,0xD0,0x03,0x4C,0x04,0x46,0x00,0x00,0x00,0x00,
    0x00,0x00,0x00,0x60,0x23,0x60,0x13,0xFC,0x06,0x60,0x00,0x60,0x77,0xFE,0x70,0x00,0x13,0xFC,0x13,0x0C,0x13,0x0C,0x13,0xFC,
    0x1B,0x0C,0x3C,0x00,0x43,0xFE,0x00,0x00,0x00,0x00,0x02,0x00,0x06,0x00,0x1F,0xF8,0x10,0x08,0x1F,0xF8,0x10,0x08,0x1F,0xF8,
    0x1F,0xF8,0x02,0x00,0x02,0x7E,0x7F,0x80,0x02,0x00,0x02,0x06,0x03,0xFC,0x00,0x00,0x08,0x20,0x18,0x20,0x18,0x20,0x1A,0x20,
    0x5C,0x30,0x59,0xFC,0x58,0x20,0x50,0x20,0x18,0x20,0x1C,0x20,0x16,0x20,0x22,0x20,0x20,0x30,0x43,0xFE,0x00,0x00,0x00,0x00,
    0x00,0x00,0x10,0xF8,0x10,0x88,0x10,0x88,0x54,0xF8,0x58,0x00,0x53,0xDE,0x52,0x52,0x53,0xDE,0x10,0x20,0x33,0xFE,0x3C,0xF0,
    0x20,0xA8,0x61,0x2C,0x42,0x22,0x00,0x20,0x01,0x80,0x3F,0xFC,0x01,0x80,0x1F,0xF8,0x01,0x80,0x01,0x80,0x7F,0xFE,0x1F,0xF8,
    0x10,0x08,0x11,0x88,0x11,0x88,0x11,0x08,0x03,0x30,0x3C,0x1C,0x00,0x04,0x00,0x00,0x00,0x00,0x11,0xFC,0x11,0x8C,0x10,0x88,
    0x7C,0xD0,0x10,0x70,0x11,0xDE,0x1B,0x26,0x78,0x60,0x73,0xFC,0x10,0x20,0x10,0x60,0x17,0xFE,0x30,0x20,0x70,0x20,0x00,0x20,
    0x00,0x00,0x00,0x04,0x3F,0x04,0x21,0x24,0x29,0x24,0x2D,0x24,0x2D,0x24,0x29,0x24,0x29,0x24,0x29,0x24,0x29,0x24,0x18,0x24,
    0x12,0x04,0x31,0x84,0x60,0x0C,0x00,0x08,0x00,0x00,0x33,0xF8,0x11,0x18,0x00,0x90,0x00,0xE0,0x71,0xF8,0x07,0x0E,0x00,0x60,
    0x13,0xFC,0x10,0x60,0x30,0x60,0x27,0xFE,0x60,0x60,0x60,0x60,0x00,0x40,0x00,0x00,0x00,0x00,0x00,0x30,0x7C,0x34,0x44,0x30,
    0x55,0xFE,0x54,0x10,0x54,0x94,0x54,0x94,0x55,0xF4,0x54,0x98,0x54,0x98,0x10,0x98,0x3C,0x98,0x25,0x2A,0x43,0x46,0x00,0x00,
    0x00,0x00,0x04,0x00,0x04,0x00,0x0F,0xFC,0x1C,0x00,0x37,0xF8,0x24,0x00,0x04,0x00,0x07,0xF8,0x04,0x00,0x00,0x80,0x34,0xCC,
    0x24,0x04,0x64,0x1A,0x07,0xF0,0x00,0x00,0x00,0x00,0x00,0x88,0x10,0x88,0x11,0xFE,0x13,0x26,0x33,0xAA,0x7A,0xBA,0x13,0x22,
    0x13,0xFE,0x10,0x00,0x11,0xFC,0x1D,0x04,0x71,0xFC,0x01,0x04,0x01,0xFC,0x01,0x00,0x00,0x00,0x10,0x88,0x10,0x88,0x13,0xFE,
    0x1B,0x22,0x56,0xAA,0x52,0xAA,0x53,0x22,0x53,0xFE,0x10,0x00,0x11,0xFC,0x11,0x04,0x11,0xFC,0x11,0x04,0x11,0xFC,0x01,0x00,
    0x00,0x00,0x08,0x30,0x04,0x20,0x3F,0xFC,0x29,0xA4,0x29,0xB4,0x25,0xA4,0x3F,0xFC,0x3F,0xFC,0x0F,0xF8,0x1F,0xF8,0x18,0x18,
    0x1F,0xF8,0x18,0x08,0x1F,0xF8,0x10,0x08,0x00,0x00,0x00,0x0C,0x7C,0x48,0x44,0xFC,0x55,0xB6,0x55,0xD6,0x55,0x7A,0x55,0x32,
    0x55,0xFE,0x54,0x00,0x54,0xFC,0x10,0x84,0x34,0xFC,0x24,0x84,0x62,0xFC,0x00,0x80,0x08,0x40,0x08,0x60,0x08,0x60,0x7E,0x60,
    0x7E,0x60,0x08,0x60,0x08,0x60,0x0E,0x60,0x78,0x60,0x48,0x60,0x08,0x60,0x08,0x60,0x08,0x62,0x38,0x7E,0x00,0x00,0x00,0x00,
    0x00,0x00,0x00,0x20,0x00,0x20,0x7B,0xFE,0x48,0xF0,0x49,0xA8,0x4B,0x26,0x4A,0x00,0x49,0xFC,0x49,0x0C,0x79,0xFC,0x49,0x0C,
    0x41,0xF8,0x00,0x00,0x03,0xFE,0x00,0x00,0x00,0x40,0x20,0x40,0x17,0xFE,0x01,0xF0,0x01,0x58,0x66,0x4E,0x30,0x40,0x03,0xF8,
    0x02,0x08,0x13,0xF8,0x32,0x08,0x23,0xF8,0x20,0x00,0x67,0xFE,0x00,0x00,0x00,0x00,0x08,0x00,0x08,0x60,0x08,0x60,0x1C,0x60,
    0x7E,0x60,0x18,0x60,0x1E,0x60,0x3A,0x60,0x29,0x60,0x68,0x60,0x48,0x60,0x08,0x62,0x08,0x62,0x08,0x3E,0x00,0x00,0x00,0x00,
    0x08,0x20,0x08,0x20,0x7F,0x20,0x7F,0x20,0x14,0x20,0x24,0x20,0x64,0x20,0x7F,0x20,0x04,0x20,0x04,0x20,0x3F,0x20,0x7C,0x22,
    0x04,0x22,0x04,0x3E,0x04,0x00,0x00,0x00,0x10,0x02,0x10,0x02,0x3B,0xEA,0x22,0x2A,0x42,0xAA,0x7A,0xAA,0x12,0xAA,0x12,0xAA,
    0x7E,0xAA,0x12,0xAA,0x10,0x8A,0x1D,0x42,0x19,0x22,0x12,0x06,0x00,0x00,0x00,0x00,0x00,0x00,0x10,0x00,0x19,0xFE,0x00,0x06,
    0x60,0x06,0x6F,0xF6,0x6D,0x96,0x6F,0xF6,0x6D,0xB6,0x6D,0x96,0x6F,0xF6,0x61,0x86,0x61,0x86,0x61,0x86,0x60,0x0C,0x00,0x00,
    0x00,0x00,0x00,0x0C,0x7C,0xF0,0x44,0x00,0x44,0x30,0x7C,0x10,0x44,0x00,0x45,0xFC,0x7C,0x0C,0x6C,0x08,0x44,0x10,0x44,0x20,
    0x7C,0xC0,0x45,0xC0,0x43,0x3E,0x00,0x00,0x10,0x00,0x13,0xDC,0x12,0xD4,0x7A,0xD4,0x32,0xD4,0x32,0xD4,0x3F,0xFE,0x3A,0xD4,
    0x72,0xD4,0x52,0xD4,0x12,0xD4,0x12,0xF4,0x14,0xE4,0x14,0xAC,0x00,0x00,0x00,0x00,0x10,0x20,0x10,0x60,0x13,0xFE,0x12,0x06,
    0x78,0x98,0x11,0x48,0x3C,0x40,0x34,0xFE,0x51,0xC0,0x53,0x7C,0x10,0x40,0x10,0x7C,0x10,0x40,0x10,0x40,0x10,0x00,0x00,0x00,
    0x00,0x00,0x00,0x40,0x00,0xC0,0x78,0xC0,0x49,0xFE,0x49,0x40,0x4F,0x40,0x48,0x7E,0x48,0x60,0x48,0x40,0x78,0x40,0x48,0x7E,
    0x40,0x40,0x00,0x40,0x00,0x40,0x00,0x40,0x00,0x00,0x06,0x00,0x04,0x00,0x0C,0x00,0x1F,0xFE,0x13,0x00,0x33,0x00,0x63,0xFC,
    0x03,0xFC,0x03,0x00,0x03,0x00,0x03,0xFE,0x03,0x00,0x03,0x00,0x03,0x00,0x00,0x00,0x00,0x00,0x10,0x40,0x10,0xC0,0x10,0xC0,
    0x14,0xFE,0x5D,0x40,0x5B,0x40,0x50,0x7C,0x50,0x60,0x10,0x40,0x18,0x40,0x1C,0x7E,0x26,0x40,0x20,0x40,0x40,0x40,0x00,0x40,
    0x00,0x00,0x00,0x40,0x30,0xC0,0x18,0xC0,0x01,0xFE,0x01,0x40,0x73,0x40,0x12,0x7C,0x10,0x7C,0x10,0x40,0x10,0x40,0x1C,0x7E,
    0x1C,0x40,0x18,0x40,0x10,0x40,0x00,0x40,0x00,0x00,0x10,0x60,0x10,0x60,0x13,0xFE,0x10,0x88,0x78,0x98,0x13,0xFE,0x12,0x22,
    0x1A,0xFA,0x72,0x22,0x12,0x72,0x12,0xD2,0x12,0xD2,0x12,0x02,0x32,0x0E,0x00,0x00,0x00,0x00,0x01,0x80,0x3F,0xFE,0x0C,0x30,
    0x06,0x60,0x03,0xC0,0x0F,0xF0,0x78,0x1E,0x1F,0xF8,0x01,0x00,0x01,0x80,0x3F,0xFC,0x32,0x44,0x32,0x44,0x32,0x4C,0x00,0x08,
    0x00,0x00,0x01,0x00,0x01,0x80,0x3F,0xFC,0x20,0x04,0x20,0x04,0x03,0xF0,0x1F,0x00,0x01,0x00,0x01,0x1C,0x7F,0xF0,0x01,0x00,
    0x01,0x00,0x01,0x04,0x01,0xFC,0x00,0x00,0x00,0x00,0x01,0x00,0x01,0x80,0x7F,0xFE,0x60,0x22,0x0C,0x30,0x3A,0x0C,0x06,0x00,
    0x0F,0xFC,0x1A,0x00,0x33,0xFC,0x02,0x00,0x02,0x00,0x03,0xFC,0x02,0x00,0x00,0x00,0x00,0x60,0x1B,0xFC,0x10,0x60,0x13,0xFC,
    0x30,0x60,0x77,0xFE,0x50,0x00,0x13,0xFC,0x13,0x04,0x12,0x64,0x12,0x64,0x10,0x40,0x10,0xCC,0x17,0x86,0x00,0x00,0x00,0x00,
    0x00,0x00,0x01,0x80,0x3F,0xFC,0x66,0x46,0x66,0x42,0x1F,0xF8,0x1F,0xF8,0x06,0x60,0x7F,0xFE,0x0C,0x20,0x19,0x90,0x6F,0xFE,
    0x01,0x80,0x0D,0xB0,0x33,0x88,0x00,0x00,0x00,0x00,0x00,0xC0,0x01,0xF8,0x59,0x10,0x4B,0xFE,0x5A,0x44,0x7A,0x94,0x4A,0xFE,
    0x5A,0x00,0x7A,0xFC,0x4A,0x00,0x5A,0x7C,0x7A,0xFC,0x46,0x86,0x04,0xFE,0x00,0x80,0x00,0x00,0x00,0x00,0x0E,0x60,0x78,0x60,
    0x10,0x7C,0x10,0x60,0x7E,0x60,0x18,0xF8,0x10,0x88,0x1E,0x88,0x78,0x88,0x10,0xF8,0x10,0x02,0x18,0x02,0x0F,0xFE,0x00,0x00,
    0x00,0x00,0x06,0x00,0x0F,0xF0,0x18,0x20,0x3F,0xFE,0x20,0x18,0x26,0xC8,0x3F,0xFE,0x20,0x00,0x27,0xF8,0x20,0x00,0x20,0x00,
    0x27,0xFC,0x6C,0x04,0x4F,0xFC,0x00,0x00,0x00,0x00,0x08,0x30,0x08,0x30,0x4A,0x30,0x2A,0x3E,0x08,0x30,0x7E,0x30,0x18,0x30,
    0x1C,0xFC,0x3A,0xC6,0x3A,0x86,0x68,0x86,0x48,0x86,0x08,0xFE,0x08,0x86,0x00,0x00,0x00,0x40,0x30,0x40,0x08,0x40,0x00,0x7E,
    0x00,0x40,0x70,0x40,0x10,0x40,0x03,0xFC,0x02,0x04,0x1A,0x04,0x12,0x04,0x32,0x04,0x23,0xFC,0x62,0x04,0x00,0x00,0x00,0x00,
    0x06,0x40,0x02,0x20,0x3F,0xF8,0x02,0x00,0x07,0xFC,0x79,0x90,0x00,0xF0,0x0F,0xE6,0x38,0x3C,0x00,0x00,0x3F,0xFC,0x32,0x4C,
    0x32,0x4C,0x7F,0xFE,0x00,0x00,0x00,0x00,0x00,0x00,0x18,0x00,0x10,0x7E,0x7E,0x40,0x30,0x40,0x20,0x40,0x2C,0x7E,0x6C,0x48,
    0x7E,0x48,0x0C,0x48,0x0E,0x48,0x7E,0xC8,0x0C,0x88,0x0D,0x88,0x0D,0x08,0x00,0x00,0x00,0x00,0x11,0xFC,0x11,0x84,0x7D,0x04,
    0x7D,0xFC,0x21,0x68,0x29,0xFC,0x49,0x68,0x7D,0x68,0x09,0xFE,0x09,0x50,0x1F,0x54,0x79,0x48,0x0A,0x6C,0x0A,0x46,0x08,0x00,
    0x00,0x00,0x01,0x80,0x21,0x84,0x21,0x84,0x3F,0xFC,0x18,0x00,0x7E,0x7C,0x30,0x40,0x2C,0x40,0x7F,0x7E,0x0C,0x48,0x0C,0x48,
    0x7E,0xC8,0x0C,0x88,0x0D,0x88,0x00,0x00,0x1F,0xF8,0x3F,0xFC,0x20,0x0C,0x3F,0xFC,0x22,0x20,0x23,0x60,0x2F,0xF8,0x22,0x20,
    0x3F,0xFE,0x26,0xC8,0x26,0x48,0x26,0x70,0x67,0x30,0x46,0x0E,0x00,0x00,0x00,0x00,0x00,0x00,0x04,0x60,0x7F,0xFE,0x04,0x10,
    0x00,0x50,0x7E,0xFE,0x14,0xD0,0x7F,0xFC,0x56,0x50,0x76,0x7C,0x66,0x50,0x42,0x7E,0x62,0x00,0x42,0xAA,0x62,0xAA,0x00,0x00,
    0x10,0x40,0x10,0x48,0x10,0x40,0x7C,0x5C,0x7D,0xF0,0x11,0x40,0x38,0x7E,0x3C,0xE0,0x75,0x24,0x50,0x28,0x50,0x38,0x10,0x32,
    0x10,0xCA,0x11,0x8E,0x00,0x00,0x00,0x00,0x01,0x00,0x01,0x00,0x01,0x00,0x01,0xFE,0x01,0x00,0x01,0x00,0x01,0x00,0x3F,0xF8,
    0x30,0x0C,0x30,0x0C,0x30,0x0C,0x30,0x0C,0x3F,0xFC,0x30,0x0C,0x00,0x00,0x00,0x00,0x00,0x00,0x10,0x40,0x10,0x58,0x10,0x48,
    0x1E,0x40,0x10,0x7E,0x11,0xE0,0x10,0x48,0x7E,0x48,0x46,0x68,0x46,0x30,0x46,0x30,0x7E,0x70,0x46,0xDA,0x01,0x8E,0x00,0x00,
    0x00,0x00,0x10,0x20,0x18,0x20,0x08,0x20,0x7E,0x3E,0x00,0x20,0x00,0x20,0x26,0x20,0x24,0xFC,0x34,0x84,0x14,0x84,0x04,0x84,
    0x1F,0x84,0x70,0xFC,0x00,0x84,0x00,0x00,0x00,0x00,0x01,0x08,0x61,0x08,0x37,0xFE,0x01,0x08,0x01,0xF8,0x61,0x08,0x31,0x08,
    0x01,0xF8,0x03,0x0C,0x37,0xFE,0x22,0x48,0x22,0xC4,0x63,0x80,0x43,0xFE,0x00,0x00,0x00,0x00,0x10,0x20,0x10,0x30,0x21,0xFE,
    0x25,0x02,0x4C,0x00,0x79,0xFC,0x10,0x30,0x10,0x30,0x20,0xBC,0x7D,0xB0,0x01,0xB0,0x0D,0xB0,0x7B,0x70,0x06,0x3E,0x00,0x00,
    0x00,0x00,0x10,0x20,0x10,0x20,0x11,0xFE,0x7C,0x88,0x1B,0xFE,0x10,0x00,0x39,0xFC,0x3D,0x04,0x71,0xFC,0x51,0x04,0x11,0xFC,
    0x10,0x20,0x13,0xFE,0x10,0x20,0x00,0x20,0x00,0x00,0x01,0x80,0x3F,0xFC,0x00,0x00,0x04,0x20,0x7F,0xFE,0x00,0x00,0x1F,0xF8,
    0x10,0x08,0x1F,0xF8,0x10,0x08,0x1F,0xF8,0x01,0x80,0x7F,0xFE,0x01,0x80,0x00,0x80,0x00,0x00,0x0C,0x00,0x0C,0x04,0x3F,0x08,
    0x12,0x18,0x7F,0xB0,0x00,0x06,0x3F,0x04,0x21,0x08,0x3F,0x30,0x21,0x22,0x3F,0x06,0x0C,0x0C,0x7F,0x98,0x0C,0x70,0x00,0x00,
    0x00,0x00,0x00,0x40,0x20,0x40,0x13,0xFC,0x01,0x90,0x07,0xFE,0x40,0x00,0x33,0xFC,0x02,0x0C,0x03,0xFC,0x23,0x0C,0x23,0xF8,
    0x20,0x60,0x67,0xFE,0x40,0x40,0x00,0x40,0x00,0x80,0x7C,0x8C,0x04,0x88,0x04,0x90,0x0C,0xB0,0x7C,0x80,0x63,0xFE,0x60,0xB0,
    0x7C,0x90,0x04,0x90,0x04,0x98,0x04,0x88,0x0C,0xE6,0x38,0xC2,0x00,0x00,0x00,0x00,0x01,0x80,0x09,0x90,0x09,0xB0,0x7F,0xFE,
    0x6F,0xF6,0x08,0x10,0x0F,0xF0,0x00,0x00,0x3F,0xF8,0x00,0x80,0x1F,0xF8,0x7F,0xFE,0x00,0x80,0x03,0x80,0x01,0x00,0x00,0x00,
    0x00,0x00,0x37,0x64,0x01,0x6C,0x01,0x68,0x47,0x78,0x64,0x60,0x04,0xFC,0x04,0xFE,0x07,0x68,0x31,0x68,0x21,0x68,0x21,0x74,
    0x63,0x76,0x47,0x62,0x00,0x00,0x00,0x00,0x10,0x10,0x10,0x10,0x10,0x10,0x19,0xFE,0x7C,0x18,0x10,0x10,0x3D,0x10,0x3C,0x90,
    0x72,0x90,0x50,0x70,0x50,0x60,0x10,0x70,0x11,0x9C,0x13,0x06,0x00,0x00,0x00,0x00,0x00,0x40,0x00,0x40,0x00,0x40,0x3F,0xFC,
    0x3F,0xFC,0x00,0xC0,0x08,0xC0,0x0C,0xC0,0x04,0x80,0x06,0x80,0x03,0x80,0x03,0x80,0x0E,0x70,0x78,0x3E,0x20,0x00,0x00,0x00,
    0x10,0x00,0x10,0xC4,0x10,0xC8,0x7E,0xD8,0x52,0xF0,0x52,0xC0,0x53,0xFE,0x52,0xD0,0x52,0xD0,0x52,0xD8,0x5E,0xC8,0x50,0xCC,
    0x10,0xE6,0x10,0xC2,0x00,0x00,0x00,0x00,0x00,0xC0,0x7E,0xC4,0x62,0xCC,0x6A,0xD8,0x6A,0xF0,0x6A,0xC0,0x6B,0xFE,0x7A,0xD0,
    0x7A,0xD0,0x72,0xD8,0x10,0xC8,0x14,0xCC,0x26,0xE6,0x62,0xC2,0x40,0x00,0x00,0x00,0x00,0x00,0x08,0x20,0x08,0x20,0x18,0x20,
    0x13,0xFE,0x33,0xFE,0x32,0x20,0x73,0x20,0x51,0x20,0x11,0xA0,0x10,0xE0,0x10,0xC0,0x10,0xF0,0x11,0x9C,0x16,0x0E,0x00,0x00,
    0x00,0x00,0x3E,0x44,0x26,0x4C,0x26,0x58,0x3E,0x50,0x3E,0x40,0x27,0xFE,0x26,0xD0,0x3E,0x50,0x26,0x48,0x26,0x48,0x66,0x4C,
    0x46,0xE6,0x4C,0xC2,0x00,0x00,0x00,0x00,0x00,0x00,0x00,0xC0,0x1F,0xFE,0x18,0x40,0x10,0x60,0x71,0xB0,0x11,0xB0,0x10,0x00,
    0x73,0xF8,0x52,0x0C,0x12,0x0C,0x13,0xFC,0x30,0x40,0x27,0xFE,0x60,0x40,0x00,0x40,0x00,0x00,0x00,0x20,0x7C,0x20,0x49,0xFC,
    0x48,0x98,0x5B,0xFE,0x50,0x00,0x59,0xFC,0x49,0x04,0x45,0xFC,0x4D,0x0C,0x58,0x60,0x40,0x20,0x43,0xFE,0x40,0x20,0x00,0x20,
    0x00,0x00,0x18,0x00,0x19,0xFE,0x18,0x66,0x7C,0x46,0x18,0x46,0x18,0xC6,0x19,0x8C,0x1C,0x00,0x79,0xFE,0x19,0x86,0x19,0x06,
    0x19,0x06,0x19,0xFE,0x31,0xFE,0x00,0x00,0x00,0x00,0x7D,0xFE,0x64,0x66,0x44,0x66,0x44,0x46,0x64,0xC4,0x7D,0x8C,0x44,0x00,
    0x44,0xFE,0x44,0x86,0x7C,0x86,0x7C,0x86,0x44,0xFE,0x00,0x86,0x00,0x00,0x00,0x00,0x10,0xC0,0x10,0xD8,0x10,0xC8,0x18,0xC0,
    0x7C,0xDC,0x13,0xF0,0x10,0x40,0x1C,0x4C,0x78,0x58,0x50,0x70,0x10,0x60,0x10,0xE0,0x11,0x96,0x33,0x1C,0x00,0x00,0x00,0x00,
    0x20,0x00,0x33,0xFE,0x18,0x46,0x00,0x46,0x40,0xC4,0x71,0x84,0x13,0x0C,0x02,0x00,0x11,0xFC,0x11,0x04,0x31,0x04,0x31,0x04,
    0x61,0xFC,0x61,0x84,0x01,0x04,0x00,0x00,0x00,0x00,0x0C,0x00,0x0C,0x04,0x3F,0x44,0x0C,0x2C,0x0C,0x38,0x0C,0x18,0x7F,0x98,
    0x04,0x18,0x26,0x3C,0x27,0x64,0x34,0xC6,0x3C,0x00,0x6E,0x00,0x43,0xFE,0x00,0x00,0x00,0x00,0x3C,0xFC,0x24,0x44,0x24,0x44,
    0x24,0xCC,0x3D,0x98,0x24,0xFC,0x24,0x84,0x24,0x84,0x3C,0xFC,0x00,0x00,0x20,0x44,0x26,0x64,0x62,0x26,0x00,0x00,0x00,0x00,
    0x3F,0xFC,0x26,0x6C,0x26,0x64,0x3F,0xFC,0x01,0x00,0x01,0xFC,0x01,0x80,0x1F,0xF8,0x1F,0xF8,0x10,0x08,0x1F,0xF8,0x01,0x80,
    0x7F,0xFE,0x01,0x80,0x01,0x80,0x00,0x00,0x02,0x40,0x02,0x40,0x02,0x44,0x22,0x48,0x12,0x50,0x02,0x40,0x06,0x40,0x0E,0x50,
    0x36,0x5C,0x64,0x44,0x04,0x40,0x0C,0x42,0x18,0x46,0x70,0x7C,0x00,0x00,0x00,0x00,0x00,0x00,0x08,0x60,0x3E,0x7C,0x22,0xCC,
    0x23,0xF8,0x3E,0x38,0x61,0xE6,0x4F,0xF0,0x3F,0xFC,0x01,0x98,0x1F,0xF0,0x01,0x80,0x1F,0xF8,0x7F,0xFE,0x01,0x00,0x01,0x00,
    0x00,0x00,0x3F,0xFC,0x02,0x0C,0x02,0x08,0x06,0x08,0x0C,0x18,0x18,0x30,0x60,0x00,0x1F,0xF8,0x18,0x08,0x18,0x08,0x18,0x08,
    0x1F,0xF8,0x18,0x08,0x00,0x00,0x00,0x00,0x00,0x00,0x00,0x60,0x20,0x60,0x33,0xFC,0x12,0x48,0x02,0xD8,0x03,0xFC,0x72,0x48,
    0x12,0x78,0x12,0x00,0x16,0x14,0x15,0x56,0x15,0x00,0x3C,0x00,0x67,0xFE,0x00,0x00,0x10,0x00,0x18,0xFC,0x19,0x80,0x18,0x80,
    0x7C,0x80,0x18,0xFE,0x18,0x98,0x1D,0x90,0x79,0x90,0x19,0x90,0x19,0x10,0x19,0x10,0x1B,0x10,0x32,0x10,0x00,0x00,0x00,0x00,
    0x00,0x00,0x08,0xFC,0x7E,0x80,0x08,0x80,0x1E,0xFE,0x78,0x98,0x08,0x98,0x19,0x18,0x31,0x10,0x1F,0xF8,0x10,0x18,0x10,0x08,
    0x10,0x08,0x1F,0xF8,0x10,0x08,0x00,0x00,0x00,0x00,0x10,0x40,0x18,0x40,0x7D,0xF8,0x10,0x48,0x7D,0xC8,0x10,0xEA,0x13,0x0E,
    0x31,0x04,0x01,0x80,0x1F,0xF8,0x11,0x88,0x1F,0xF8,0x01,0x98,0x7F,0xFC,0x00,0x04,0x00,0x00,0x30,0x0C,0x20,0x88,0x7B,0xE8,
    0x21,0x1E,0x22,0x56,0x53,0xF6,0x50,0x14,0x7B,0xD4,0x12,0x4C,0x1B,0xCC,0x7A,0x4C,0x53,0xCC,0x12,0x4C,0x12,0xD2,0x10,0x00,
    0x01,0x00,0x01,0x00,0x1F,0xEC,0x01,0x18,0x01,0x30,0x7F,0xFE,0x01,0x80,0x03,0x00,0x0F,0xF8,0x3C,0x08,0x6F,0xF8,0x0C,0x08,
    0x0C,0x18,0x0F,0xF8,0x00,0x00,0x00,0x00,0x00,0x40,0x10,0x44,0x11,0xFC,0x3C,0x48,0x60,0x50,0x7B,0xFE,0x10,0x20,0x10,0xF8,
    0x7C,0x8C,0x13,0x84,0x11,0xFC,0x10,0x84,0x1C,0x8C,0x10,0xFC,0x00,0x00,0x00,0x00,0x00,0x00,0x04,0x20,0x7F,0xFE,0x04,0x20,
    0x01,0x80,0x3F,0xFE,0x20,0x00,0x23,0x30,0x2F,0xFE,0x23,0x30,0x23,0xF0,0x20,0x00,0x20,0x24,0x69,0x26,0x49,0x32,0x00,0x00,
    0x00,0x00,0x00,0x80,0x20,0x40,0x30,0x00,0x13,0xFC,0x00,0x18,0x01,0x10,0x71,0xB0,0x10,0x60,0x10,0x70,0x10,0xD0,0x11,0x88,
    0x1A,0x0C,0x3C,0x00,0x43,0xFE,0x00,0x00,0x02,0x00,0x63,0x3E,0x33,0x20,0x03,0x20,0x07,0xA0,0x63,0x3E,0x33,0x24,0x03,0xA4,
    0x0F,0x24,0x13,0x24,0x33,0x64,0x23,0x44,0x22,0x44,0x66,0xC4,0x00,0x00,0x00,0x00,0x00,0x20,0x00,0x60,0x7C,0x50,0x10,0xD8,
    0x11,0x8E,0x13,0x32,0x7C,0x60,0x10,0xC8,0x11,0x18,0x10,0x66,0x10,0xCC,0x3C,0x98,0x60,0x70,0x01,0xC0,0x01,0x00,0x00,0x00,
    0x22,0x04,0x23,0x04,0x7F,0xA4,0x33,0x1C,0x33,0x04,0x3F,0x44,0x33,0x64,0x3F,0x34,0x33,0x04,0x7F,0x1E,0x29,0x6C,0x39,0x04,
    0x20,0x04,0x3F,0x84,0x00,0x00,0x00,0x00,0x01,0x80,0x3F,0xFC,0x01,0x80,0x0F,0xF0,0x08,0x18,0x0F,0xF8,0x08,0x18,0x0F,0xF8,
    0x08,0x18,0x0F,0xF8,0x7F,0xFE,0x00,0x20,0x0E,0x38,0x38,0x0C,0x00,0x00,0x00,0x00,0x00,0x00,0x7F,0xFE,0x14,0x40,0x7E,0x40,
    0x57,0x78,0x55,0x4C,0x55,0x44,0x7F,0x5C,0x00,0x58,0x08,0x58,0x7E,0x48,0x08,0xE8,0x0E,0xCA,0x78,0x8E,0x00,0x00,0x00,0x00,
    0x00,0x00,0x00,0x20,0x7E,0x20,0x18,0x3E,0x10,0x30,0x10,0x20,0x3C,0x20,0x76,0x30,0x76,0xFC,0x36,0x84,0x36,0x84,0x3E,0x84,
    0x3E,0x84,0x36,0xFC,0x30,0x84,0x00,0x80,0x00,0x20,0x7C,0x20,0x11,0xFC,0x10,0x60,0x29,0xFC,0x6C,0x60,0x74,0xD8,0x10,0x8C,
    0x1B,0x76,0x38,0x20,0x11,0xFC,0x14,0x68,0x7C,0xAC,0x43,0x20,0x00,0x20,0x00,0x00,0x01,0x00,0x01,0x00,0x01,0xFE,0x01,0x00,
    0x01,0x00,0x1F,0xF8,0x10,0x08,0x11,0x88,0x11,0x08,0x11,0x08,0x13,0x00,0x02,0x60,0x0C,0x38,0x78,0x0C,0x00,0x00,0x00,0x00,
    0x10,0x10,0x10,0x10,0x3E,0x10,0x20,0x10,0x60,0x10,0x7F,0xFE,0x18,0x30,0x08,0x10,0x7E,0x10,0x08,0x10,0x08,0x10,0x0A,0x10,
    0x1C,0x10,0x18,0x10,0x00,0x00,0x00,0x00,0x00,0x00,0x08,0x40,0x18,0x40,0x10,0x7E,0x10,0x40,0x33,0xFC,0x73,0x0C,0x52,0x04,
    0x12,0x64,0x12,0x64,0x12,0x44,0x12,0x44,0x10,0xD8,0x11,0x8C,0x17,0x06,0x00,0x00,0x10,0x20,0x10,0x20,0x10,0x20,0x7D,0xFE,
    0x19,0x26,0x11,0x26,0x39,0x20,0x3C,0x70,0x74,0x70,0x50,0x50,0x10,0x90,0x11,0x90,0x13,0x12,0x12,0x1E,0x00,0x00,0x00,0x00,
    0x00,0x40,0x00,0xE0,0x0F,0xFE,0x48,0x40,0x68,0xE0,0x29,0x1C,0x0E,0x66,0x18,0xC0,0x7B,0x38,0x58,0x64,0x19,0x8C,0x11,0x18,
    0x10,0x60,0x23,0x80,0x00,0x00,0x00,0x00,0x00,0x00,0x20,0x60,0x30,0x60,0x18,0xB0,0x01,0x98,0x03,0x0C,0x76,0x66,0x10,0xC0,
    0x11,0x98,0x11,0x30,0x10,0x66,0x15,0xCC,0x18,0x18,0x18,0x70,0x11,0xC0,0x01,0x00,0x1F,0xFC,0x01,0x80,0x7F,0xFE,0x41,0x82,
    0x0D,0x80,0x0C,0x30,0x1F,0xFC,0x30,0x00,0x37,0xF8,0x30,0x00,0x36,0x90,0x34,0xD0,0x25,0x70,0x27,0x1E,0x00,0x00,0x00,0x00,
    0x10,0x00,0x13,0xFE,0x13,0x00,0x3B,0x00,0x7F,0x7C,0x13,0x00,0x13,0xFE,0x3B,0x50,0x72,0x50,0x12,0x5C,0x12,0x58,0x12,0x48,
    0x16,0x74,0x34,0xE6,0x00,0x00,0x00,0x00,0x10,0x20,0x11,0xFC,0x30,0x20,0x3C,0xF8,0x61,0x8C,0x79,0xFC,0x11,0x84,0x11,0xFC,
    0x7D,0x8C,0x11,0xFC,0x11,0x8C,0x1C,0x88,0x19,0x88,0x13,0x06,0x00,0x00,0x00,0x00,0x00,0x40,0x7C,0x40,0x6B,0xFE,0x68,0xC0,
    0x78,0x80,0x71,0x20,0x6B,0x20,0x6B,0xFC,0x6C,0x20,0x6C,0x20,0x7B,0xFE,0x60,0x30,0x60,0x20,0x60,0x20,0x00,0x00,0x00,0x00,
    0x00,0x00,0x04,0x60,0x7F,0xFE,0x04,0x20,0x0F,0xF0,0x00,0x60,0x7D,0xCC,0x0D,0xF0,0x09,0xB0,0x31,0x98,0x63,0x04,0x1F,0xF0,
    0x20,0x04,0x64,0x44,0x46,0x62,0x00,0x00,0x00,0x00,0x10,0xC0,0x10,0xC0,0x11,0xF0,0x11,0x10,0x7F,0xFC,0x10,0x64,0x10,0x24,
    0x1B,0xFE,0x70,0x24,0x10,0x64,0x11,0xFC,0x10,0x20,0x10,0x20,0x30,0xE0,0x00,0x00,0x00,0x00,0x00,0xC0,0x78,0xC0,0x49,0xF0,
    0x49,0x10,0x4B,0xFC,0x7E,0x64,0x48,0x24,0x7B,0xFE,0x78,0x24,0x48,0x64,0x49,0xFC,0x78,0x24,0x40,0x20,0x00,0xE0,0x00,0x40,
    0x00,0x00,0x08,0x00,0x1B,0xFE,0x33,0xFE,0x60,0x20,0x48,0x20,0x18,0x20,0x11,0x3C,0x31,0x3C,0x71,0x20,0x11,0x20,0x11,0x20,
    0x11,0x20,0x17,0xFE,0x17,0xFE,0x10,0x00,0x00,0x00,0x00,0x80,0x2C,0xC0,0x39,0xF0,0x13,0x10,0x7F,0xFC,0x48,0x64,0x08,0x64,
    0x1F,0xFE,0x28,0x64,0x69,0xFC,0x08,0x6C,0x08,0x60,0x18,0x60,0x30,0xC0,0x00,0x00,0x00,0x00,0x04,0x00,0x0F,0xC0,0x1F,0xC0,
    0x10,0xC0,0x3F,0xF8,0x01,0x08,0x01,0x88,0x7F,0xFE,0x01,0x08,0x1F,0xF8,0x01,0x88,0x01,0x00,0x01,0x00,0x03,0x00,0x00,0x00,
    0x10,0x00,0x13,0xFE,0x10,0x20,0x14,0x20,0x54,0x20,0x50,0x20,0x51,0x3C,0x51,0x20,0x11,0x20,0x11,0x20,0x11,0x20,0x11,0x20,
    0x17,0xFE,0x10,0x00,0x00,0x00,0x00,0x00,0x08,0x20,0x7F,0x20,0x0C,0x3E,0x7F,0x44,0x6D,0x68,0x7F,0x38,0x1E,0x38,0x6A,0x66,
    0x40,0x00,0x1F,0xFC,0x01,0x80,0x09,0xF8,0x09,0x80,0x7F,0xFE,0x00,0x00,0x00,0x00,0x00,0x00,0x10,0x00,0x11,0xFC,0x10,0x18,
    0x78,0x60,0x33,0xE4,0x10,0xEC,0x11,0x78,0x39,0x78,0x73,0x6C,0x16,0x66,0x14,0xE0,0x10,0xC0,0x10,0x00,0x33,0xFC,0x00,0x00,
    0x00,0x00,0x3F,0xFC,0x3F,0xFC,0x00,0x80,0x00,0x80,0x18,0x80,0x18,0xF8,0x18,0xFC,0x18,0x80,0x18,0x80,0x18,0x80,0x18,0x80,
    0x19,0x80,0x7F,0xFE,0x00,0x00,0x00,0x00,0x00,0x00,0x00,0x20,0x3F,0x20,0x0C,0x60,0x0C,0x7E,0x0C,0xC8,0x2C,0x88,0x2F,0x48,
    0x2C,0x48,0x2C,0x78,0x2C,0x30,0x2F,0x30,0x3E,0x30,0x60,0xCC,0x01,0x86,0x00,0x00,0x10,0x20,0x10,0x3E,0x10,0x20,0x7E,0x20,
    0x56,0xFC,0x57,0x84,0x57,0x24,0x57,0x24,0x57,0x24,0x55,0x24,0x5D,0x24,0x50,0x68,0x10,0xCC,0x11,0x82,0x00,0x00,0x00,0x00,
    0x00,0x00,0x00,0xC0,0x00,0x40,0x1F,0xFE,0x58,0x00,0x78,0x00,0x3B,0xFE,0x18,0x20,0x18,0x20,0x7B,0x3C,0x5B,0x20,0x13,0x20,
    0x13,0x20,0x13,0x60,0x27,0xFE,0x20,0x00,0x00,0x00,0x13,0x00,0x12,0x3E,0x02,0x24,0x7F,0x24,0x0C,0x24,0x0C,0x2C,0x0C,0x28,
    0x7F,0xA4,0x08,0x26,0x0C,0x22,0x1E,0x22,0x11,0x2E,0x31,0x2C,0x60,0x20,0x00,0x20,0x20,0x00,0x33,0xFE,0x18,0x30,0x00,0x20,
    0x00,0x20,0x70,0x20,0x11,0x3C,0x11,0x3C,0x11,0x20,0x11,0x20,0x1D,0x20,0x19,0x20,0x19,0x20,0x37,0xFE,0x00,0x00,0x00,0x00,
    0x04,0x20,0x0C,0x20,0x7F,0xFE,0x0C,0x20,0x05,0x20,0x00,0x80,0x3F,0xF8,0x3F,0xF8,0x00,0x60,0x01,0x80,0x0E,0x00,0x1C,0x00,
    0x33,0x80,0x20,0xFE,0x00,0x00,0x00,0x00,0x10,0x20,0x10,0x20,0x11,0xFE,0x7C,0x20,0x38,0x20,0x10,0x20,0x39,0xFC,0x3C,0x8C,
    0x74,0x88,0x50,0x58,0x50,0x70,0x10,0x70,0x10,0xDC,0x13,0x86,0x00,0x00,0x00,0x00,0x00,0x00,0x01,0x80,0x01,0x80,0x3F,0xFC,
    0x01,0x80,0x01,0x80,0x1F,0xF0,0x04,0x30,0x04,0x20,0x02,0x60,0x03,0xC0,0x01,0xC0,0x06,0x70,0x38,0x1E,0x00,0x00,0x00,0x00,
    0x00,0x20,0x00,0x20,0x7C,0x20,0x4F,0xFE,0x4C,0x20,0x4C,0x20,0x4D,0xFC,0x4C,0x88,0x4C,0x88,0x7C,0xD8,0x4C,0x70,0x40,0x60,
    0x40,0xF0,0x03,0x8E,0x00,0x00,0x00,0x00,0x00,0x00,0x10,0x80,0x11,0x00,0x11,0x9E,0x7D,0xF2,0x57,0x92,0x54,0x92,0x54,0x92,
    0x7F,0xF2,0x54,0x92,0x10,0x92,0x14,0xD2,0x1F,0x7E,0x63,0x12,0x06,0x00,0x00,0x00,0x10,0x00,0x10,0x00,0x30,0x7E,0x3F,0x46,
    0x24,0x46,0x04,0x46,0x04,0x46,0x7F,0xC6,0x0C,0x46,0x0C,0x46,0x0E,0x46,0x13,0x7E,0x31,0x46,0x20,0x40,0x00,0x00,0x00,0x00,
    0x00,0x20,0x3C,0x20,0x25,0xFE,0x24,0x30,0x3C,0x20,0x24,0x20,0x25,0xFC,0x24,0x8C,0x3C,0x48,0x24,0x48,0x24,0x70,0x64,0x30,
    0x44,0x78,0x4D,0x8E,0x00,0x00,0x00,0x00,0x00,0x80,0x3C,0x8C,0x24,0xF8,0x24,0x80,0x3C,0x86,0x24,0xFC,0x24,0x00,0x24,0xFC,
    0x3C,0x84,0x24,0x84,0x24,0xFC,0x64,0x84,0x44,0xFC,0x4C,0x84,0x00,0x00,0x00,0x00,0x00,0x20,0x30,0x60,0x18,0x60,0x00,0x60,
    0x00,0x60,0x67,0xFE,0x30,0x60,0x00,0x60,0x00,0x60,0x10,0x60,0x30,0x60,0x20,0x60,0x60,0x60,0x60,0x60,0x00,0x00,0x00,0x00,
    0x00,0x00,0x02,0x00,0x01,0x00,0x01,0x00,0x00,0x00,0x3F,0xF8,0x00,0x60,0x00,0xC0,0x01,0x80,0x03,0x00,0x06,0x00,0x0C,0x00,
    0x3C,0x00,0x67,0x80,0x00,0xFE,0x00,0x00,0x10,0x00,0x10,0xFC,0x10,0x84,0x24,0x84,0x64,0x84,0x7C,0x84,0x18,0x84,0x10,0xFC,
    0x30,0xFC,0x7C,0x00,0x00,0x48,0x00,0xCC,0x7D,0x86,0x63,0x02,0x00,0x00,0x00,0x00,0x00,0x00,0x7E,0xFC,0x24,0x84,0x24,0x84,
    0x3C,0x84,0x24,0x84,0x24,0x84,0x3C,0xFC,0x24,0x00,0x24,0x00,0x2E,0x4C,0x74,0xC4,0x05,0x86,0x07,0x02,0x04,0x00,0x00,0x00,
    0x00,0x00,0x01,0x00,0x01,0x80,0x3F,0xFC,0x01,0x00,0x0F,0xF8,0x18,0x18,0x1F,0xF8,0x18,0x18,0x1F,0xF8,0x18,0x18,0x18,0x18,
    0x1F,0xF8,0x18,0x18,0x7F,0xFE,0x00,0x00,0x10,0x00,0x10,0x60,0x13,0xFE,0x78,0x60,0x31,0xFC,0x31,0x0C,0x39,0xFC,0x3D,0x0C,
    0x51,0xFC,0x51,0x0C,0x11,0xFC,0x11,0x0C,0x13,0x0C,0x17,0xFE,0x00,0x00,0x00,0x00,0x00,0x20,0x00,0x20,0x7D,0xFE,0x10,0x20,
    0x21,0xFC,0x3D,0x04,0x25,0xFC,0x45,0x8C,0x7D,0xFC,0x19,0x8C,0x19,0x8C,0x11,0xFC,0x21,0x84,0x43,0xFE,0x00,0x00,0x00,0x00,
    0x00,0x00,0x10,0x40,0x10,0x40,0x10,0x40,0x19,0xF8,0x7C,0x48,0x10,0x48,0x10,0x48,0x1D,0xC8,0x70,0xC8,0x50,0xE8,0x10,0x88,
    0x11,0x08,0x13,0x0E,0x36,0x06,0x00,0x00,0x08,0x40,0x08,0x60,0x1B,0xFE,0x10,0x40,0x31,0xF8,0x73,0x08,0x53,0xF8,0x13,0x08,
    0x13,0xF8,0x13,0x08,0x13,0xF8,0x13,0x08,0x13,0x0C,0x17,0xFE,0x00,0x00,0x00,0x00,0x00,0x00,0x08,0x00,0x1B,0xFC,0x10,0xC0,
    0x30,0xC0,0x31,0x88,0x73,0x0C,0x53,0xF6,0x10,0x60,0x10,0x60,0x13,0xFC,0x10,0x60,0x10,0x60,0x10,0x60,0x17,0xFE,0x10,0x00,
    0x00,0x00,0x10,0x30,0x10,0x30,0x10,0x30,0x11,0x30,0x7D,0x30,0x71,0x3E,0x11,0x30,0x11,0x30,0x11,0x30,0x11,0x30,0x1D,0x30,
    0x71,0x30,0x41,0xB0,0x07,0xFE,0x00,0x00,0x11,0x00,0x11,0x08,0x11,0xF8,0x19,0x80,0x7D,0x02,0x11,0x86,0x10,0xFC,0x1D,0xFC,
    0x79,0x8C,0x51,0x04,0x11,0xFC,0x11,0x04,0x11,0xFC,0x71,0x04,0x01,0x00,0x00,0x00,0x00,0x00,0x00,0x80,0x00,0x80,0x00,0x80,
    0x00,0x80,0x18,0x80,0x18,0xFC,0x18,0x80,0x18,0x80,0x18,0x80,0x18,0x80,0x18,0x80,0x18,0x80,0x7F,0xFE,0x7F,0xFE,0x00,0x00,
    0x00,0x10,0x3E,0x10,0x22,0x10,0x22,0x90,0x22,0x90,0x3E,0x9E,0x08,0x90,0x28,0x90,0x2E,0x90,0x28,0x90,0x28,0x90,0x28,0x90,
    0x7C,0x90,0x61,0xFE,0x00,0x00,0x00,0x00,0x00,0x00,0x1F,0xF8,0x10,0x18,0x10,0x18,0x10,0x18,0x10,0x18,0x10,0x18,0x1F,0xF8,
    0x00,0x00,0x04,0x20,0x0C,0x30,0x18,0x18,0x30,0x0C,0x60,0x06,0x00,0x00,0x00,0x00,0x10,0x00,0x10,0x78,0x1F,0xC0,0x10,0x00,
    0x10,0x0C,0x1F,0xF8,0x00,0x00,0x1F,0xF8,0x10,0x18,0x10,0x08,0x1F,0xF8,0x10,0x08,0x1F,0xF8,0x10,0x18,0x00,0x00,0x00,0x00,
    0x10,0x08,0x11,0xFC,0x11,0x30,0x25,0x30,0x65,0x30,0x79,0x30,0x19,0xFE,0x11,0x30,0x3D,0x10,0x31,0x10,0x01,0x10,0x1D,0xDA,
    0x61,0x8E,0x01,0x0E,0x00,0x00,0x00,0x00,0x01,0x80,0x01,0x80,0x01,0x80,0x7F,0xFC,0x01,0x80,0x01,0x80,0x3F,0xFC,0x00,0x00,
    0x01,0x80,0x24,0x88,0x24,0xC4,0x24,0x06,0x44,0x10,0x07,0xF0,0x00,0x00,0x00,0x00,0x10,0x40,0x18,0x40,0x7D,0xF8,0x18,0x48,
    0x78,0xC8,0x11,0xAE,0x33,0x06,0x00,0x18,0x3F,0xE0,0x01,0x80,0x1F,0xF8,0x7F,0xFE,0x01,0x80,0x03,0x80,0x00,0x00,0x00,0x00,
    0x00,0x00,0x10,0x00,0x12,0xDE,0x12,0x96,0x78,0x94,0x13,0xD4,0x11,0x14,0x11,0x14,0x3F,0xD4,0x71,0x92,0x11,0x12,0x11,0x92,
    0x12,0x56,0x12,0x14,0x74,0x10,0x00,0x10,0x00,0x00,0x3F,0xFC,0x03,0x00,0x03,0x00,0x06,0x20,0x0C,0x10,0x1F,0xF8,0x01,0x80,
    0x01,0x80,0x1F,0xF8,0x01,0x80,0x01,0x80,0x01,0x80,0x7F,0xFE,0x00,0x00,0x00,0x00,0x00,0x00,0x00,0x20,0x7F,0x60,0x10,0x40,
    0x10,0x7E,0x32,0xC8,0x66,0x88,0x79,0xC8,0x08,0x48,0x08,0x58,0x7E,0x30,0x08,0x30,0x08,0x30,0x7E,0x78,0x61,0x86,0x00,0x00,
    0x00,0x00,0x00,0x00,0x36,0x6C,0x32,0x44,0x1F,0xFC,0x01,0x80,0x3F,0xFC,0x0F,0xF0,0x08,0x10,0x0F,0xF0,0x08,0x10,0x0F,0xF0,
    0x0F,0xF0,0x08,0x10,0x7F,0xFE,0x00,0x00,0x08,0x00,0x18,0xFC,0x18,0x84,0x7E,0x84,0x5A,0x84,0x5A,0x84,0x5A,0x84,0x5A,0xFC,
    0x5A,0xFC,0x5A,0x00,0x5E,0x48,0x58,0xC4,0x19,0x86,0x19,0x02,0x00,0x00,0x00,0x00,0x10,0x30,0x10,0x30,0x10,0xFC,0x10,0x30,
    0x54,0x30,0x55,0xFE,0x54,0x0C,0x54,0x08,0x54,0xFE,0x54,0x0C,0x54,0x88,0x7C,0xC8,0x44,0x08,0x00,0x18,0x00,0x10,0x00,0x00,
    0x04,0x00,0x2C,0x06,0x6C,0x36,0x7F,0xB6,0x4C,0x36,0x7F,0xB6,0x0C,0x36,0x0C,0x36,0x7F,0xB6,0x6C,0xB6,0x6C,0xB6,0x6D,0x86,
    0x6D,0x86,0x0C,0x0C,0x00,0x00,0x00,0x00,0x00,0x00,0x10,0x00,0x10,0x00,0x3F,0x3C,0x24,0x24,0x7F,0xA4,0x0C,0x24,0x1F,0x3C,
    0x31,0x00,0x2F,0xF8,0x08,0x18,0x0F,0xF8,0x08,0x18,0x08,0x18,0x0F,0xF8,0x00,0x00,0x00,0x00,0x0C,0x20,0x78,0xA0,0x10,0xA0,
    0x11,0xFC,0x7D,0x20,0x19,0x20,0x10,0x20,0x3D,0xFE,0x3C,0x30,0x70,0x30,0x50,0x58,0x10,0xC8,0x10,0x8C,0x13,0x06,0x10,0x00,
    0x00,0x00,0x0C,0x90,0x78,0x98,0x11,0x80,0x11,0xFE,0x79,0x90,0x7B,0x90,0x13,0xFE,0x3C,0x90,0x3C,0x90,0x70,0xFE,0x50,0x90,
    0x10,0x90,0x10,0xFE,0x10,0x80,0x10,0x80,0x00,0x00,0x1F,0xFC,0x10,0xC0,0x10,0xC0,0x1F,0xFE,0x10,0xC0,0x13,0xF8,0x17,0xFC,
    0x34,0x4C,0x34,0x4C,0x34,0xC8,0x20,0xB0,0x61,0x9C,0x4E,0x06,0x00,0x00,0x00,0x00,0x00,0x00,0x02,0x00,0x06,0x00,0x0F,0xF8,
    0x19,0x10,0x21,0xE0,0x0D,0xC0,0x0F,0x00,0x79,0x00,0x01,0x88,0x19,0x98,0x13,0x90,0x02,0x40,0x0C,0x30,0x78,0x1E,0x00,0x00,
    0x00,0x00,0x00,0xC0,0x00,0xE0,0x1F,0xFE,0x58,0x40,0x7B,0xFC,0x18,0x60,0x18,0x40,0x3F,0xFE,0x70,0x08,0x13,0xFE,0x10,0x08,
    0x11,0x08,0x31,0x88,0x20,0x38,0x00,0x10,0x02,0x48,0x23,0x48,0x37,0xFE,0x03,0x48,0x02,0x48,0x60,0x00,0x2F,0xFE,0x0C,0x62,
    0x03,0xFC,0x23,0x6C,0x22,0x64,0x22,0x64,0x62,0x6C,0x40,0x60,0x00,0x00,0x00,0x00,0x00,0x40,0x30,0xC0,0x18,0x80,0x01,0x08,
    0x03,0x0C,0x77,0xFE,0x12,0x02,0x00,0x00,0x03,0xFC,0x1B,0x04,0x13,0x04,0x33,0x04,0x23,0xFC,0x63,0x0C,0x02,0x04,0x00,0x00,
    0x01,0x80,0x01,0x80,0x7F,0xFE,0x46,0x66,0x18,0x38,0x10,0x18,0x1F,0xF8,0x06,0x30,0x1F,0xF8,0x19,0x80,0x1F,0xF8,0x1F,0xF8,
    0x01,0x80,0x7F,0xFE,0x00,0x00,0x00,0x00,0x01,0x80,0x01,0x80,0x01,0x80,0x3F,0xFC,0x21,0x8C,0x21,0x84,0x21,0x84,0x21,0x84,
    0x3F,0xFC,0x21,0x84,0x01,0x80,0x01,0x80,0x01,0x80,0x01,0x80,0x00,0x00,0x00,0x00,0x00,0x00,0x01,0x80,0x01,0x80,0x3F,0xF8,
    0x31,0x88,0x31,0x88,0x3F,0xF8,0x1F,0xF8,0x01,0x80,0x1F,0xF8,0x1F,0xFC,0x12,0x4C,0x12,0x4C,0x12,0x4C,0x7F,0xFE,0x00,0x00,
    0x01,0x80,0x01,0x80,0x1F,0xF8,0x31,0x88,0x31,0x88,0x31,0x88,0x3F,0xF8,0x01,0x80,0x01,0x00,0x05,0x88,0x24,0xC4,0x64,0x02,
    0x44,0x10,0x07,0xF0,0x00,0x00,0x00,0x00,0x10,0x20,0x10,0x20,0x30,0x20,0x3D,0xFC,0x61,0xB6,0x7D,0x26,0x19,0x26,0x11,0x26,
    0x7D,0xB6,0x11,0xFE,0x11,0x20,0x1C,0x20,0x1C,0x20,0x10,0x20,0x00,0x00,0x00,0x00,0x00,0x00,0x01,0x00,0x01,0x80,0x7F,0xFE,
    0x01,0x80,0x1F,0xF8,0x11,0x88,0x1F,0xF8,0x01,0x80,0x01,0x00,0x06,0x88,0x0C,0x70,0x74,0x30,0x05,0x9C,0x06,0x06,0x00,0x00,
    0x00,0x40,0x10,0xC0,0x30,0xFC,0x25,0x88,0x6D,0x48,0x7A,0x70,0x58,0x30,0x10,0xD8,0x23,0x8E,0x7C,0x70,0x00,0x18,0x00,0x80,
    0x7C,0xF0,0x40,0x18,0x00,0x00,0x00,0x00,0x00,0x00,0x04,0x10,0x3C,0x10,0x18,0x10,0x09,0xFE,0x09,0x92,0x7F,0x92,0x19,0x92,
    0x1D,0x92,0x3B,0xFE,0x39,0xB6,0x69,0x92,0x48,0x10,0x08,0x10,0x08,0x10,0x00,0x10,0x00,0x20,0x3C,0x30,0x24,0x30,0x25,0xFE,
    0x3D,0x36,0x25,0x36,0x25,0x36,0x25,0x36,0x3D,0xFE,0x25,0xFE,0x25,0x30,0x44,0x20,0x44,0x20,0x4C,0x20,0x00,0x00,0x00,0x00,
    0x00,0x00,0x1F,0xF8,0x01,0x80,0x7F,0xFE,0x01,0x80,0x1F,0xF8,0x19,0x98,0x1F,0xF8,0x19,0x98,0x1F,0xF8,0x01,0x80,0x3F,0xFC,
    0x01,0x80,0x7F,0xFE,0x00,0x00,0x00,0x00,0x00,0x20,0x0C,0x20,0x08,0x20,0x1B,0xFE,0x13,0x22,0x33,0x22,0x73,0x22,0x53,0x22,
    0x13,0xFE,0x13,0x36,0x12,0x20,0x10,0x20,0x10,0x20,0x10,0x20,0x00,0x00,0x00,0x00,0x01,0x00,0x03,0x00,0x03,0x80,0x06,0xC0,
    0x0C,0x70,0x18,0x1C,0x24,0x20,0x0C,0x20,0x0C,0x20,0x0C,0x20,0x1E,0x70,0x11,0x58,0x30,0x8C,0x21,0x86,0x00,0x00,0x00,0x00,
    0x00,0x00,0x01,0x00,0x03,0x00,0x0F,0xF0,0x08,0x10,0x09,0x10,0x09,0x90,0x08,0x90,0x7F,0xFE,0x18,0x18,0x08,0x10,0x19,0x90,
    0x10,0x90,0x30,0x10,0x20,0x30,0x00,0x00,0x00,0x00,0x1F,0xFC,0x10,0x84,0x17,0xE4,0x17,0xE4,0x11,0x84,0x1F,0xF4,0x30,0x04,
    0x37,0xE4,0x24,0x24,0x24,0x24,0x27,0xE4,0x60,0x04,0x40,0x1C,0x00,0x00,0x00,0x00,0x08,0x04,0x08,0x84,0x08,0x84,0x08,0x84,
    0x08,0x84,0x2A,0xA4,0x2A,0xB4,0x6B,0x94,0x48,0x84,0x08,0x84,0x18,0x84,0x10,0x84,0x10,0x84,0x20,0x84,0x00,0x00,0x00,0x00,
    0x00,0x00,0x31,0x04,0x19,0x24,0x01,0x24,0x01,0x34,0x65,0xB4,0x15,0xBC,0x0F,0xAC,0x02,0x2C,0x12,0x24,0x12,0x24,0x22,0x24,
    0x24,0x24,0x44,0x04,0x00,0x00,0x00,0x00,0x00,0x00,0x00,0xC0,0x10,0x80,0x19,0xFC,0x01,0x08,0x03,0x18,0x70,0x10,0x13,0xFC,
    0x10,0x06,0x10,0x06,0x11,0xFE,0x1C,0x06,0x18,0x06,0x30,0x06,0x03,0xFE,0x00,0x00,0x01,0x00,0x79,0x1C,0x0D,0x44,0x0B,0x44,
    0x3B,0x1C,0x61,0x90,0x47,0xD0,0x61,0x10,0x7B,0xDC,0x0B,0x64,0x17,0x24,0x1D,0x04,0x11,0x04,0x31,0x1C,0x00,0x00,0x00,0x00,
    0x00,0x00,0x18,0x30,0x10,0x30,0x7E,0x30,0x30,0xFE,0x29,0xB6,0x29,0xB2,0x69,0xB2,0x7D,0xFE,0x09,0xB6,0x09,0xB2,0x7F,0xB2,
    0x09,0xB6,0x09,0xFE,0x09,0x82,0x08,0x00,0x00,0x08,0x3E,0x08,0x22,0x08,0x22,0x08,0x26,0xFE,0x3E,0x08,0x22,0x08,0x22,0xC8,
    0x3E,0x48,0x22,0x48,0x22,0x08,0x62,0x08,0x42,0x08,0x4E,0x18,0x00,0x10,0x00,0x00,0x1F,0xF8,0x00,0x08,0x1F,0xF8,0x00,0x08,
    0x1F,0xF8,0x00,0x00,0x7F,0xFE,0x7F,0xFE,0x41,0x82,0x1F,0xF8,0x11,0x88,0x11,0x88,0x11,0x98,0x01,0x90,0x00,0x00,0x00,0x00,
    0x00,0x00,0x3E,0x7C,0x22,0x44,0x22,0x44,0x3E,0x7C,0x00,0x00,0x00,0x00,0x0F,0xE0,0x0C,0x20,0x0C,0x20,0x08,0x20,0x18,0x22,
    0x30,0x3E,0x60,0x18,0x00,0x00,0x00,0x00,0x00,0x00,0x30,0x10,0x30,0x10,0x3C,0xFE,0x4C,0xB6,0x48,0x92,0x18,0x90,0x7C,0xFC,
    0x04,0xE4,0x04,0xA4,0x7C,0xA8,0x04,0xB8,0x7D,0x18,0x05,0x3C,0x03,0x66,0x00,0x00,0x00,0x00,0x01,0x00,0x01,0x80,0x3F,0xFE,
    0x60,0x06,0x01,0x82,0x01,0x80,0x1F,0xF8,0x11,0x88,0x11,0x88,0x1F,0xF8,0x11,0x88,0x11,0x88,0x1F,0xF8,0x10,0x08,0x10,0x00,
    0x00,0x00,0x1F,0xF8,0x10,0x08,0x1F,0xF8,0x10,0x60,0x10,0x30,0x30,0x38,0x3F,0xFE,0x68,0x18,0x0F,0xF8,0x08,0x18,0x0F,0xF8,
    0x00,0x00,0x7F,0xFE,0x00,0x00,0x00,0x00,0x00,0x00,0x7B,0xFE,0x09,0x62,0x49,0xE2,0x49,0x6C,0x49,0x6C,0x4B,0xFA,0x7A,0x00,
    0x09,0xFC,0x08,0x34,0x69,0xBC,0x4B,0x78,0x08,0xA6,0x1B,0x20,0x00,0x00,0x00,0x00,0x00,0x20,0x01,0x20,0x7D,0x20,0x11,0xFC,
    0x13,0x20,0x12,0x20,0x7C,0x60,0x13,0xFE,0x10,0xF0,0x10,0xB0,0x1D,0xA8,0x73,0x2C,0x46,0x26,0x04,0x20,0x00,0x00,0x00,0x00,
    0x10,0x20,0x11,0xA0,0x11,0xA0,0x79,0xFC,0x7B,0x20,0x10,0x20,0x31,0xFE,0x3C,0x70,0x74,0x70,0x50,0xB8,0x11,0xA8,0x13,0x24,
    0x16,0x22,0x10,0x20,0x00,0x00,0x00,0x00,0x00,0x00,0x10,0x20,0x10,0xA0,0x7D,0xA0,0x7D,0xFE,0x55,0x20,0x54,0x20,0x55,0xFE,
    0x7D,0xFE,0x54,0x70,0x14,0x78,0x14,0xA8,0x7F,0xA4,0x43,0x26,0x02,0x20,0x00,0x20,0x01,0x80,0x19,0x80,0x11,0x80,0x3F,0xF8,
    0x21,0x80,0x01,0x80,0x7F,0xFE,0x03,0xC0,0x07,0xC0,0x0D,0xA0,0x09,0xB0,0x31,0x98,0x61,0x8E,0x01,0x80,0x00,0x00,0x00,0x00,
    0x00,0x00,0x00,0x40,0x2C,0x44,0x39,0xFC,0x30,0x48,0x78,0x78,0x4B,0xFE,0x08,0x60,0x18,0xFC,0x29,0x84,0x6B,0x84,0x4F,0xFC,
    0x09,0x84,0x19,0x84,0x31,0xFC,0x20,0x00,0x00,0x00,0x20,0x80,0x30,0xCC,0x13,0xE8,0x00,0x98,0x00,0xD0,0x67,0xFE,0x20,0x40,
    0x21,0xFC,0x21,0x0C,0x27,0x04,0x37,0xFC,0x31,0x04,0x21,0x04,0x01,0xFC,0x01,0x04,0x00,0x00,0x20,0x20,0x31,0x20,0x11,0x60,
    0x03,0xFC,0x02,0x20,0x70,0x20,0x17,0xFE,0x10,0xF0,0x10,0xF0,0x10,0xB0,0x1D,0x28,0x1B,0x2C,0x36,0x26,0x04,0x20,0x00,0x20,
    0x00,0x00,0x27,0xFE,0x30,0x60,0x10,0xC4,0x07,0xCC,0x00,0xF8,0x71,0xB0,0x16,0x78,0x10,0xEC,0x11,0xA6,0x16,0x20,0x18,0xE0,
    0x3E,0x80,0x41,0xFE,0x00,0x00,0x00,0x00,0x00,0x00,0x18,0x20,0x18,0x20,0x10,0x60,0x30,0x40,0x3E,0xFE,0x68,0x88,0x49,0x88,
    0x09,0x08,0x08,0x08,0x08,0x08,0x08,0x08,0x08,0x08,0x08,0x08,0x08,0x38,0x08,0x20,0x00,0x00,0x10,0x20,0x18,0x20,0x10,0x20,
    0x11,0xFC,0x5D,0x24,0x59,0x24,0x59,0x24,0x51,0x24,0x11,0xFC,0x19,0x20,0x1C,0x20,0x24,0x24,0x60,0x3E,0x43,0xF2,0x00,0x00,
    0x01,0x00,0x03,0x0C,0x1F,0xF8,0x03,0x30,0x7F,0xFE,0x03,0x00,0x1F,0xF8,0x78,0x18,0x0F,0xF8,0x08,0x18,0x0F,0xF8,0x20,0x04,
    0x26,0x64,0x62,0x26,0x00,0x00,0x00,0x00,0x00,0x00,0x10,0x20,0x10,0x20,0x10,0x00,0x19,0xFE,0x7C,0x20,0x10,0x20,0x10,0x20,
    0x1D,0xFC,0x70,0x30,0x10,0x20,0x10,0x20,0x10,0x20,0x10,0x20,0x33,0xFE,0x00,0x00,0x03,0xFE,0x7A,0x02,0x5B,0xFE,0x5A,0x04,
    0x7A,0xFC,0x5A,0x30,0x5A,0xFC,0x7A,0xB4,0x5A,0xFC,0x5A,0x30,0x7D,0xFE,0x45,0x3A,0x0D,0x7A,0x09,0x06,0x00,0x00,0x00,0x00,
    0x03,0xFC,0x7A,0x06,0x5B,0xFE,0x5A,0x04,0x5A,0xFC,0x5A,0x20,0x5A,0xFC,0x5A,0xA4,0x7A,0xFC,0x5A,0x30,0x45,0xFE,0x45,0x2A,
    0x0D,0x7A,0x09,0x06,0x00,0x00,0x00,0x00,0x00,0x00,0x02,0x00,0x01,0x00,0x01,0x80,0x3F,0xFC,0x01,0x80,0x01,0x80,0x01,0x80,
    0x01,0x80,0x1F,0xF8,0x01,0x80,0x01,0x80,0x01,0x80,0x01,0x80,0x7F,0xFE,0x00,0x00,0x04,0x20,0x7F,0xFE,0x04,0x60,0x05,0x20,
    0x03,0x88,0x1F,0xF0,0x01,0x60,0x7F,0xFE,0x03,0x80,0x0F,0xF8,0x78,0x08,0x0F,0xF8,0x08,0x08,0x0F,0xF8,0x08,0x00,0x00,0x00,
    0x10,0x20,0x18,0x30,0x18,0x00,0x7D,0xFE,0x18,0x30,0x18,0x30,0x3C,0x30,0x3C,0xFC,0x7E,0x30,0x58,0x30,0x58,0x30,0x18,0x30,
    0x18,0x30,0x19,0xFE,0x00,0x00,0x00,0x00,0x00,0x20,0x3E,0x20,0x26,0x20,0x22,0xFC,0x26,0xFE,0x3E,0x26,0x22,0x26,0x22,0x24,
    0x3E,0x24,0x22,0x64,0x22,0x44,0x2F,0x44,0x78,0x8C,0x41,0x9C,0x00,0x00,0x00,0x00,0x00,0x00,0x08,0x10,0x08,0x10,0x08,0x00,
    0x7E,0xFE,0x7A,0x10,0x4A,0x10,0x4A,0x10,0x7E,0xFE,0x5A,0x10,0x48,0x10,0x0A,0x10,0x1E,0x10,0x7A,0x10,0x41,0xFE,0x00,0x00,
    0x00,0x20,0x7E,0x30,0x62,0x10,0x6A,0xFE,0x6A,0x86,0x6A,0x82,0x6A,0x82,0x7A,0x82,0x7A,0x00,0x72,0x00,0x10,0x00,0x1C,0x00,
    0x25,0xFE,0x66,0x00,0x00,0x00,0x00,0x00,0x10,0x20,0x10,0x20,0x3D,0xFE,0x20,0x20,0x60,0xFC,0x7C,0x60,0x10,0x60,0x11,0xFE,
    0x7C,0x4C,0x10,0x7E,0x10,0x8C,0x1D,0xAC,0x1B,0x2C,0x12,0x18,0x00,0x00,0x00,0x00,0x00,0x00,0x10,0x60,0x3F,0x7E,0x2C,0x58,
    0x64,0x88,0x04,0x08,0x01,0xF8,0x7D,0x88,0x19,0x88,0x19,0x48,0x19,0x28,0x19,0x28,0x7D,0x08,0x43,0x0A,0x02,0x0E,0x00,0x00,
    0x00,0x00,0x08,0x40,0x18,0x40,0x18,0x00,0x37,0xFE,0x30,0x60,0x70,0x60,0x50,0x60,0x13,0xFC,0x10,0x60,0x10,0x60,0x10,0x60,
    0x10,0x60,0x10,0x60,0x17,0xFE,0x10,0x00,0x00,0x00,0x00,0xC0,0x30,0x60,0x18,0x00,0x03,0xFC,0x00,0x60,0x60,0x60,0x30,0x60,
    0x03,0xFC,0x00,0x60,0x18,0x60,0x10,0x60,0x30,0x60,0x20,0x60,0x67,0xFE,0x00,0x00,0x00,0x00,0x10,0x00,0x19,0xFC,0x01,0x04,
    0x7D,0x04,0x09,0x04,0x09,0x0C,0x11,0xFC,0x38,0x90,0x7C,0x90,0x54,0x90,0x10,0x90,0x11,0x90,0x13,0x12,0x16,0x1E,0x10,0x00,
    0x00,0x00,0x00,0x20,0x3C,0x30,0x04,0x00,0x25,0xFE,0x24,0x30,0x24,0x30,0x24,0x30,0x2C,0xFC,0x3E,0xFC,0x06,0x30,0x7E,0x30,
    0x44,0x30,0x04,0x30,0x1D,0xFE,0x08,0x00,0x10,0x04,0x10,0xFC,0x13,0xE8,0x11,0x48,0x7D,0x48,0x11,0x48,0x11,0x48,0x1F,0x48,
    0x73,0x48,0x13,0x48,0x12,0x44,0x12,0x44,0x16,0x66,0x34,0x62,0x00,0x00,0x00,0x00,0x00,0x08,0x0F,0xF8,0x1D,0x20,0x11,0x20,
    0x11,0x30,0x11,0x30,0x11,0x10,0x11,0x10,0x11,0x10,0x11,0x18,0x31,0x08,0x31,0x0C,0x21,0x06,0x61,0x04,0x00,0x00,0x00,0x00,
    0x00,0x00,0x10,0x40,0x10,0x40,0x13,0xFC,0x12,0x44,0x7B,0x64,0x13,0xFC,0x12,0x44,0x1B,0xFC,0x72,0x60,0x10,0x2C,0x10,0x38,
    0x10,0x70,0x13,0xDA,0x33,0x0E,0x00,0x00,0x00,0x00,0x01,0x00,0x01,0x00,0x1F,0xF8,0x03,0x00,0x02,0x00,0x7F,0xFE,0x06,0x00,
    0x04,0x00,0x07,0xF8,0x00,0x38,0x00,0x20,0x06,0x60,0x03,0xC0,0x00,0x70,0x00,0x00,0x00,0x20,0x7C,0x20,0x18,0xFC,0x10,0x60,
    0x10,0x40,0x3D,0xFE,0x3E,0xC0,0x76,0x40,0x36,0xFC,0x36,0x0C,0x3E,0x18,0x36,0xF0,0x30,0x70,0x00,0x18,0x00,0x00,0x00,0x00,
    0x10,0x20,0x10,0x20,0x7C,0xFC,0x30,0x60,0x20,0x40,0x29,0xFE,0x48,0xC0,0x7E,0xC0,0x08,0xFC,0x08,0x0C,0x7E,0x18,0x08,0xF0,
    0x08,0x70,0x08,0x18,0x00,0x00,0x00,0x00,0x13,0x9C,0x12,0xB4,0x12,0xB4,0x7B,0xBC,0x12,0x30,0x13,0xDE,0x10,0x80,0x38,0x90,
    0x73,0xFC,0x10,0x90,0x17,0xFE,0x10,0x08,0x11,0x88,0x63,0x04,0x00,0x00,0x00,0x00,0x00,0x00,0x00,0x98,0x7C,0x50,0x45,0xFE,
    0x54,0x50,0x55,0xFC,0x54,0x54,0x55,0xFE,0x54,0xD4,0x54,0x54,0x55,0xFC,0x10,0xD8,0x39,0xD4,0x2D,0x56,0x42,0x52,0x40,0x00,
    0x10,0x60,0x1E,0x7E,0x3C,0xD0,0x64,0x10,0x07,0xF0,0x0C,0x30,0x0F,0xE0,0x7F,0xFE,0x07,0x00,0x3D,0xB0,0x27,0xE0,0x39,0xD0,
    0x0E,0xCC,0x31,0x86,0x01,0x00,0x00,0x00,0x00,0x00,0x10,0x30,0x18,0x10,0x18,0xFE,0x19,0x80,0x7D,0x90,0x19,0x90,0x39,0x90,
    0x3D,0x7E,0x3F,0x18,0x59,0x10,0x59,0x10,0x19,0x10,0x1B,0x10,0x1A,0xFE,0x00,0x00,0x00,0x00,0x00,0x80,0x00,0xC0,0x1F,0xFE,
    0x10,0x00,0x10,0x40,0x10,0x40,0x10,0x40,0x17,0xFC,0x30,0x40,0x30,0x40,0x20,0x40,0x20,0x40,0x2F,0xFE,0x6F,0xFE,0x00,0x00,
    0x00,0x20,0x06,0x20,0x37,0xFC,0x06,0x20,0x0E,0x20,0x36,0xFC,0x01,0x00,0x01,0x80,0x3F,0xFE,0x03,0x80,0x06,0xC8,0x1C,0x70,
    0x27,0x30,0x06,0x0E,0x00,0x00,0x00,0x00,0x00,0x00,0x08,0x40,0x48,0x40,0x68,0x40,0x3B,0xFE,0x08,0xCC,0x08,0x88,0x08,0x88,
    0x18,0x88,0x28,0xF0,0x68,0x30,0x48,0x2C,0x08,0xC6,0x09,0x80,0x00,0x00,0x00,0x00,0x00,0x00,0x10,0x60,0x13,0xFC,0x10,0x10,
    0x78,0x90,0x33,0xFE,0x10,0x00,0x11,0x64,0x19,0xFC,0x71,0x64,0x11,0xFC,0x10,0x20,0x13,0xFC,0x10,0x20,0x77,0xFE,0x00,0x00,
    0x0C,0x20,0x0C,0x20,0x0C,0x20,0x6C,0x20,0x3C,0x20,0x0F,0xFE,0x0C,0x20,0x0C,0x20,0x3C,0x20,0x2C,0x20,0x6C,0x20,0x4C,0x20,
    0x0D,0xFE,0x0C,0x00,0x00,0x00,0x00,0x00,0x0C,0x20,0x0C,0x68,0x4C,0x2C,0x6C,0x24,0x2C,0x60,0x0F,0xFE,0x0C,0x60,0x1C,0x60,
    0x3C,0x70,0x6C,0x50,0x4C,0xD0,0x0C,0x88,0x0D,0x0C,0x0F,0x06,0x00,0x00,0x00,0x00,0x10,0x90,0x10,0x98,0x11,0x80,0x19,0xFE,
    0x7B,0x90,0x13,0x90,0x39,0xFE,0x3D,0x90,0x71,0x90,0x51,0xFE,0x11,0x90,0x11,0x90,0x11,0xFE,0x11,0x80,0x00,0x00,0x00,0x00,
    0x10,0x90,0x10,0x98,0x31,0x80,0x3D,0xFE,0x43,0x90,0x7F,0x90,0x11,0xFE,0x11,0x90,0x7D,0x90,0x11,0xFE,0x11,0x90,0x15,0x90,
    0x19,0xFE,0x31,0x80,0x00,0x00,0x00,0x00,0x00,0x40,0x20,0x40,0x33,0xF8,0x12,0x08,0x02,0x08,0x03,0xF8,0x72,0x00,0x13,0xFC,
    0x12,0x04,0x12,0x04,0x13,0xFC,0x1A,0x04,0x3C,0x00,0x43,0xFE,0x00,0x00,0x00,0x00,0x08,0x20,0x7F,0xA0,0x0C,0x3E,0x3F,0x4C,
    0x7F,0x28,0x18,0x38,0x13,0x38,0x26,0x46,0x0F,0xF8,0x18,0x08,0x19,0x88,0x19,0x08,0x03,0x70,0x3C,0x0C,0x00,0x00,0x00,0x00,
    0x3E,0x20,0x3E,0x20,0x24,0x20,0x24,0x30,0x24,0x70,0x22,0x58,0x26,0xCC,0x25,0x86,0x20,0x00,0x01,0x80,0x3F,0xF8,0x01,0x80,
    0x01,0x80,0x7F,0xFE,0x00,0x00,0x00,0x00,0x10,0x00,0x33,0xDE,0x20,0x44,0x63,0xD4,0x49,0xDC,0x79,0xDE,0x12,0x30,0x20,0x00,
    0x6B,0xFE,0x78,0x94,0x03,0x94,0x19,0x9C,0x73,0x5C,0x06,0x36,0x00,0x00,0x00,0x00,0x00,0x00,0x00,0x60,0x23,0xFE,0x10,0x00,
    0x01,0xF8,0x03,0x0C,0x63,0x0C,0x21,0xFC,0x20,0x00,0x23,0xFC,0x20,0x18,0x38,0x20,0x33,0xFE,0x20,0x20,0x00,0x60,0x00,0x40,
    0x00,0x00,0x01,0x20,0x41,0x30,0x63,0x00,0x33,0xFE,0x06,0x20,0x0E,0x20,0x03,0xFC,0x02,0x20,0x12,0x20,0x33,0xFC,0x22,0x20,
    0x62,0x20,0x43,0xFE,0x02,0x00,0x00,0x00,0x10,0x00,0x11,0xFC,0x11,0x04,0x19,0x04,0x7D,0x04,0x11,0xFC,0x10,0x20,0x1C,0x20,
    0x79,0x3C,0x11,0x3C,0x13,0x20,0x13,0xA0,0x16,0xE0,0x34,0x3E,0x20,0x00,0x00,0x00,0x10,0x20,0x10,0x20,0x11,0x26,0x11,0x26,
    0x7D,0x26,0x11,0x26,0x11,0xFC,0x1C,0x20,0x72,0x22,0x12,0x22,0x12,0x22,0x12,0x22,0x13,0x26,0x73,0xFE,0x00,0x00,0x00,0x00,
    0x01,0x00,0x01,0xFC,0x01,0x00,0x01,0x00,0x1F,0xF8,0x10,0x08,0x1F,0xF8,0x10,0x08,0x1F,0xF8,0x01,0x80,0x01,0x80,0x7F,0xFE,
    0x01,0x80,0x01,0x80,0x01,0x00,0x00,0x00,0x01,0x00,0x01,0xFC,0x01,0x00,0x1F,0xF8,0x10,0x08,0x1F,0xF8,0x10,0x08,0x1F,0xF8,
    0x01,0x80,0x7F,0xFE,0x03,0xC0,0x0D,0xA0,0x39,0x9C,0x21,0x84,0x00,0x00,0x00,0x00,0x00,0x00,0x7F,0xFC,0x10,0x40,0x11,0x84,
    0x13,0xCC,0x78,0xD8,0x7B,0xF8,0x13,0x28,0x17,0x68,0x10,0xE4,0x3D,0xA4,0x73,0x26,0x04,0x20,0x00,0xE0,0x00,0x00,0x00,0x00,
    0x04,0x20,0x04,0x60,0x7F,0xFE,0x04,0x20,0x01,0x80,0x11,0x88,0x11,0x88,0x1F,0xF8,0x1F,0xF8,0x21,0x80,0x21,0x84,0x21,0x84,
    0x3F,0xFC,0x3F,0xFC,0x00,0x00,0x00,0x00,0x00,0x20,0x7F,0x20,0x14,0x20,0x14,0x7E,0x7F,0x42,0x75,0xC2,0x75,0x02,0x75,0x22,
    0x73,0x32,0x61,0x12,0x7F,0x02,0x61,0x02,0x7F,0x06,0x61,0x0C,0x00,0x00,0x00,0x00,0x00,0x00,0x03,0xFC,0x78,0x40,0x49,0x84,
    0x4B,0xCC,0x48,0x58,0x4B,0xF8,0x4B,0x28,0x4F,0x68,0x78,0xE4,0x49,0xA4,0x43,0x22,0x06,0x20,0x00,0xE0,0x00,0x00,0x00,0x00,
    0x00,0x00,0x04,0x20,0x06,0x20,0x7F,0xFC,0x01,0x00,0x3F,0xFC,0x02,0x00,0x7F,0xFE,0x06,0x00,0x0F,0xF8,0x3F,0xF8,0x6C,0x08,
    0x0F,0xF8,0x08,0x08,0x0F,0xF8,0x08,0x08,0x00,0x00,0x08,0x40,0x08,0x40,0x08,0x40,0x0A,0xFE,0x6C,0x82,0x49,0x82,0x59,0x02,
    0x58,0x42,0x18,0x22,0x1C,0x22,0x16,0x06,0x33,0x06,0x60,0x06,0x40,0x1C,0x00,0x00,0x00,0x00,0x00,0x40,0x30,0x40,0x18,0x40,
    0x03,0xFC,0x02,0x44,0x62,0x44,0x32,0x44,0x02,0x44,0x03,0xFC,0x12,0x44,0x30,0x40,0x20,0x44,0x60,0x6E,0x67,0xF6,0x00,0x00,
    0x00,0x00,0x04,0x20,0x06,0x20,0x00,0x60,0x7F,0xFE,0x00,0x00,0x08,0x20,0x10,0x60,0x32,0x4C,0x3E,0xF8,0x0C,0x10,0x08,0x20,
    0x12,0x64,0x32,0xC4,0x7B,0xFE,0x00,0x00,0x00,0x00,0x00,0x80,0x21,0x80,0x13,0xFC,0x02,0x48,0x00,0x40,0x18,0xE0,0x31,0xB0,
    0x67,0x1E,0x04,0x00,0x1F,0xF8,0x18,0x18,0x18,0x18,0x1F,0xF8,0x18,0x18,0x00,0x00,0x00,0x80,0x31,0xFC,0x1B,0x4C,0x02,0x48,
    0x08,0x60,0x10,0xB0,0x27,0x0E,0x06,0x00,0x1F,0xF8,0x10,0x08,0x11,0x08,0x11,0x08,0x06,0x38,0x3C,0x0C,0x20,0x00,0x00,0x00,
    0x00,0x00,0x00,0x80,0x31,0xFC,0x1B,0x6C,0x02,0x40,0x08,0xE0,0x11,0x90,0x36,0x0E,0x00,0x00,0x03,0x00,0x7F,0xFE,0x04,0x60,
    0x07,0xC0,0x01,0xF0,0x3E,0x0C,0x00,0x00,0x00,0x00,0x01,0x18,0x21,0x10,0x10,0x10,0x0F,0xFE,0x00,0x00,0x62,0x18,0x26,0x10,
    0x05,0xB4,0x0F,0x3C,0x23,0x0C,0x22,0x08,0x26,0x9C,0x67,0x96,0x4E,0x3E,0x00,0x00,0x03,0x26,0x62,0x64,0x36,0x4C,0x04,0xCC,
    0x06,0x66,0x63,0x22,0x30,0x00,0x07,0xFE,0x06,0x66,0x16,0x66,0x37,0xFE,0x26,0x66,0x27,0xFE,0x67,0xFE,0x00,0x00,0x00,0x00,
    0x00,0x00,0x00,0x40,0x7E,0x40,0x06,0xC0,0x0C,0xFE,0x18,0x88,0x19,0x88,0x1F,0x88,0x38,0xD8,0x78,0x50,0x18,0x70,0x18,0x30,
    0x18,0x70,0x18,0xDC,0x3B,0x06,0x00,0x00,0x04,0x40,0x24,0x4C,0x27,0x70,0x24,0x40,0x3F,0x46,0x7A,0x7C,0x06,0x20,0x1F,0xE0,
    0x1B,0x90,0x06,0x18,0x3F,0xFC,0x00,0x90,0x18,0x98,0x63,0x86,0x00,0x00,0x00,0x00,0x08,0x00,0x0B,0xFC,0x18,0x0C,0x10,0x18,
    0x30,0x20,0x30,0x20,0x73,0xFE,0x53,0xFE,0x10,0x20,0x10,0x20,0x10,0x20,0x10,0x20,0x10,0x60,0x10,0xE0,0x00,0x00,0x00,0x00,
    0x00,0x00,0x08,0xFE,0x08,0x06,0x4B,0x0C,0x6A,0x18,0x08,0x10,0x7E,0x10,0x19,0xFE,0x18,0x30,0x1A,0x10,0x3A,0x10,0x6A,0x10,
    0x08,0x10,0x08,0x10,0x08,0x70,0x08,0x00,0x00,0x00,0x00,0x60,0x33,0xFC,0x1E,0x06,0x06,0x62,0x00,0x60,0x63,0xFC,0x31,0x88,
    0x00,0x90,0x07,0xFE,0x10,0x60,0x30,0x60,0x23,0xFE,0x60,0x60,0x40,0x60,0x00,0x20,0x00,0x00,0x3F,0xFC,0x00,0x38,0x00,0x60,
    0x01,0x80,0x01,0x80,0x7F,0xFE,0x7F,0xFE,0x01,0x80,0x01,0x80,0x01,0x80,0x01,0x80,0x01,0x80,0x07,0x00,0x00,0x00,0x00,0x00,
    0x00,0x00,0x03,0x00,0x03,0x00,0x1F,0xF8,0x1F,0xF8,0x10,0x08,0x10,0x08,0x1F,0xF8,0x10,0x08,0x10,0x08,0x1F,0xF8,0x10,0x08,
    0x10,0x08,0x1F,0xF8,0x10,0x08,0x00,0x00,0x00,0x60,0x33,0xFC,0x10,0x60,0x00,0x60,0x03,0xFC,0x60,0x60,0x37,0xFE,0x03,0xFC,
    0x02,0x04,0x12,0x64,0x32,0x64,0x22,0x40,0x60,0xD8,0x47,0x0E,0x00,0x00,0x00,0x00,0x00,0x00,0x01,0x00,0x01,0x80,0x3F,0xFE,
    0x20,0x06,0x20,0x00,0x0F,0xF0,0x00,0x60,0x00,0xC0,0x01,0x80,0x7F,0xFE,0x00,0x80,0x00,0x80,0x00,0x80,0x03,0x80,0x02,0x00,
    0x1F,0x04,0x31,0x38,0x3F,0x40,0x3F,0x18,0x7F,0x20,0x13,0x1C,0x3F,0x60,0x01,0x80,0x7F,0xFC,0x0F,0xF0,0x00,0x00,0x3F,0xFC,
    0x09,0xB0,0x31,0x1C,0x00,0x00,0x00,0x00,0x10,0x20,0x10,0x20,0x11,0xFE,0x7D,0x02,0x18,0x00,0x10,0xF8,0x3C,0x00,0x3C,0x00,
    0x71,0xFE,0x50,0x20,0x11,0xA8,0x11,0x26,0x12,0x22,0x10,0x60,0x00,0x00,0x00,0x00,0x00,0x00,0x00,0x20,0x7C,0x30,0x65,0xFE,
    0x65,0x02,0x7C,0x00,0x18,0xF8,0x08,0x00,0x49,0xFE,0x4D,0xFE,0x48,0x20,0x48,0xA0,0x5D,0xA4,0x7B,0x22,0x42,0x60,0x00,0x00,
    0x00,0x00,0x01,0x00,0x01,0x80,0x3F,0xFC,0x20,0x04,0x20,0x04,0x0F,0xF0,0x00,0x00,0x00,0x00,0x7F,0xFE,0x01,0x80,0x09,0xB0,
    0x19,0x98,0x31,0x8C,0x23,0x00,0x00,0x00,0x00,0x20,0x10,0x20,0x33,0xFE,0x23,0x02,0x6D,0x02,0x78,0xFC,0x50,0x00,0x10,0x00,
    0x23,0xFE,0x78,0x20,0x00,0x20,0x01,0xA4,0x39,0x26,0x62,0x62,0x00,0x40,0x00,0x00,0x00,0x00,0x0C,0x20,0x04,0x40,0x1F,0xF8,
    0x10,0x18,0x10,0x18,0x10,0x18,0x1F,0xF8,0x00,0x00,0x21,0x08,0x2C,0x8C,0x2C,0x06,0x44,0x10,0x07,0xF0,0x00,0x00,0x00,0x00,
    0x11,0x00,0x11,0x10,0x31,0x10,0x25,0x10,0x6D,0x10,0x79,0x18,0x11,0x18,0x11,0x98,0x25,0xD8,0x79,0x78,0x03,0x2C,0x1E,0x24,
    0x66,0x66,0x04,0xC2,0x00,0x00,0x00,0x00,0x00,0x00,0x10,0x00,0x10,0x3E,0x3F,0x26,0x22,0x24,0x42,0x24,0x06,0x2C,0x7F,0x2C,
    0x01,0x24,0x01,0x26,0x3F,0x22,0x01,0x26,0x01,0x2C,0x7F,0x20,0x01,0x20,0x00,0x00,0x01,0x00,0x01,0x80,0x1F,0xF8,0x01,0x80,
    0x01,0x80,0x01,0x80,0x7F,0xFC,0x01,0x80,0x09,0x80,0x09,0xF8,0x09,0x80,0x1D,0x80,0x17,0x80,0x61,0xFE,0x00,0x00,0x00,0x00,
    0x01,0x80,0x3F,0xFC,0x03,0x80,0x03,0x00,0x1F,0xF8,0x7F,0xFC,0x06,0x30,0x0C,0x38,0x3B,0xEE,0x71,0x80,0x1F,0xF8,0x01,0xC0,
    0x06,0x38,0x3C,0x0C,0x00,0x00,0x00,0x00,0x00,0x00,0x10,0x60,0x13,0xFC,0x10,0x60,0x11,0xFC,0x78,0x40,0x13,0xFE,0x10,0x98,
    0x19,0x88,0x73,0xF6,0x14,0x20,0x13,0xFC,0x10,0x60,0x10,0xF8,0x73,0x0C,0x00,0x00,0x00,0x00,0x3C,0xFC,0x08,0x8C,0x08,0x8C,
    0x08,0x8C,0x7E,0xFC,0x18,0x8C,0x18,0x8C,0x1A,0xFC,0x2A,0x8C,0x68,0x8C,0x48,0x8C,0x09,0xFE,0x09,0xFE,0x00,0x00,0x00,0x00,
    0x0F,0xF0,0x18,0x18,0x18,0x18,0x18,0x18,0x18,0x18,0x0F,0xF0,0x01,0x80,0x01,0x80,0x19,0xFC,0x11,0x80,0x19,0x80,0x1D,0x80,
    0x27,0x80,0x61,0xFE,0x00,0x00,0x00,0x00,0x00,0x00,0x01,0x00,0x01,0x80,0x7F,0xFE,0x04,0x10,0x0C,0x30,0x0C,0x30,0x1E,0x78,
    0x32,0xCC,0x20,0x80,0x01,0x80,0x7F,0xFE,0x01,0x80,0x01,0x80,0x01,0x80,0x01,0x00,0x00,0x00,0x10,0x40,0x18,0xC0,0x00,0xFE,
    0x7F,0x80,0x13,0x40,0x10,0x7C,0x1C,0xB0,0x34,0xB0,0x35,0xFE,0x34,0x30,0x24,0x30,0x24,0x78,0x6C,0xCC,0x49,0x86,0x00,0x00,
    0x00,0x00,0x10,0x00,0x19,0xF8,0x01,0x8C,0x7D,0x0C,0x0D,0x0C,0x09,0xFC,0x19,0x0C,0x39,0x0C,0x3D,0x0C,0x55,0xFC,0x11,0x0C,
    0x11,0x0C,0x11,0x0C,0x13,0xFE,0x10,0x00,0x20,0x00,0x31,0xFC,0x19,0x0C,0x01,0x0C,0x01,0x0C,0x71,0xFC,0x11,0x0C,0x11,0x0C,
    0x11,0x0C,0x11,0xFC,0x15,0x0C,0x1D,0x0C,0x19,0x0C,0x17,0xFE,0x00,0x00,0x00,0x00,0x00,0x00,0x7D,0xFC,0x6D,0x0C,0x69,0x0C,
    0x69,0x0C,0x69,0xFC,0x69,0x0C,0x65,0x0C,0x65,0x0C,0x6D,0xFC,0x69,0x0C,0x61,0x0C,0x61,0x0C,0x67,0xFE,0x00,0x00,0x00,0x00,
    0x00,0x00,0x30,0xF8,0x21,0x8C,0x21,0x84,0x4D,0x84,0x79,0xFC,0x51,0x8C,0x11,0x84,0x21,0x8C,0x7D,0xFC,0x01,0x84,0x01,0x84,
    0x7D,0x84,0x43,0xFE,0x00,0x00,0x00,0x00,0x18,0x20,0x18,0x20,0x10,0x20,0x3E,0x3E,0x60,0x20,0x7E,0x20,0x18,0x20,0x18,0xFC,
    0x7E,0x84,0x18,0x84,0x18,0x84,0x1E,0x84,0x1C,0xFC,0x18,0x84,0x00,0x00,0x00,0x00,0x08,0x20,0x1F,0x7E,0x36,0x48,0x2F,0xF8,
    0x0F,0xF8,0x08,0x18,0x0F,0xF8,0x06,0x00,0x7F,0xFE,0x0B,0x58,0x37,0x86,0x07,0xF8,0x04,0x80,0x19,0x9C,0x00,0x00,0x00,0x00,
    0x00,0x10,0x00,0x94,0x72,0xD8,0x52,0x90,0x53,0xDE,0x55,0x80,0x51,0xF0,0x57,0x30,0x53,0xFC,0x73,0xFC,0x43,0x4C,0x43,0xFC,
    0x02,0x4C,0x04,0x48,0x00,0x00,0x00,0x00,0x00,0x00,0x00,0x30,0x7E,0x10,0x18,0xFE,0x38,0x00,0x7E,0x44,0x4A,0xCC,0x4A,0xEE,
    0x6A,0x92,0x66,0x10,0x42,0x10,0x7E,0xFE,0x42,0x10,0x7E,0x10,0x42,0x10,0x00,0x10,0x00,0x00,0x1F,0xF8,0x1F,0xF8,0x18,0x18,
    0x1F,0xF8,0x00,0x00,0x7F,0xFE,0x11,0x00,0x1F,0xF8,0x13,0x48,0x1F,0x48,0x13,0x30,0x7F,0x38,0x01,0x4C,0x00,0x00,0x00,0x00,
    0x00,0x00,0x3F,0xFC,0x32,0x4C,0x3F,0xFC,0x1F,0xF8,0x02,0x40,0x3E,0x7C,0x02,0x40,0x02,0x40,0x3E,0x7C,0x02,0x40,0x7E,0x7E,
    0x02,0x40,0x02,0x40,0x00,0x00,0x00,0x00,0x00,0x00,0x04,0x20,0x06,0x40,0x7F,0xFE,0x02,0x40,0x1F,0xF8,0x16,0x78,0x14,0x08,
    0x1F,0xF8,0x1F,0xF8,0x00,0x18,0x7F,0xFE,0x00,0x10,0x08,0x10,0x04,0x70,0x00,0x00,0x00,0x00,0x01,0x10,0x21,0x20,0x37,0xFC,
    0x10,0xA0,0x02,0xAC,0x03,0x3C,0x73,0xFC,0x12,0x0C,0x13,0xF8,0x17,0xFC,0x10,0x18,0x11,0x10,0x6E,0x00,0x43,0xFE,0x00,0x00,
    0x00,0x40,0x3C,0xC0,0x6C,0xFC,0x45,0xE0,0x45,0x40,0x6F,0x40,0x7C,0x7C,0x44,0x40,0x44,0x40,0x64,0x40,0x7C,0x7E,0x44,0x40,
    0x40,0x40,0x00,0x40,0x00,0x00,0x00,0x00,0x03,0x00,0x03,0x00,0x03,0x00,0x3F,0xFC,0x02,0x00,0x06,0x00,0x04,0x00,0x0F,0xFC,
    0x08,0xC0,0x18,0xC0,0x30,0xC0,0x60,0xC0,0x40,0xC0,0x1F,0xFE,0x00,0x00,0x00,0x00,0x08,0x80,0x08,0x80,0x18,0x80,0x17,0xFE,
    0x30,0x80,0x30,0x80,0x71,0x00,0x51,0xFC,0x13,0x20,0x12,0x20,0x1C,0x20,0x14,0x20,0x10,0x30,0x13,0xFE,0x00,0x00,0x00,0x00,
    0x00,0x00,0x18,0x40,0x18,0xC0,0x18,0xC0,0x7C,0xFE,0x19,0x60,0x1B,0x60,0x1C,0x7C,0x3E,0x60,0x7A,0x60,0x58,0x60,0x18,0x7E,
    0x18,0x60,0x18,0x60,0x18,0x60,0x00,0x00,0x08,0x10,0x09,0x10,0x19,0x10,0x11,0x3E,0x37,0xFC,0x31,0x24,0x71,0x64,0x17,0xE4,
    0x16,0xDC,0x14,0xD8,0x16,0xD8,0x17,0xD8,0x14,0x3C,0x10,0x66,0x00,0x00,0x00,0x00,0x00,0x00,0x08,0xC0,0x08,0x80,0x19,0x80,
    0x11,0xFE,0x33,0x40,0x32,0x40,0x50,0x7C,0x50,0x40,0x10,0x40,0x10,0x40,0x10,0x7E,0x10,0x40,0x10,0x40,0x10,0x40,0x00,0x40,
    0x00,0x00,0x01,0x00,0x01,0x80,0x19,0x98,0x11,0x90,0x19,0x98,0x3D,0xBC,0x25,0xA6,0x61,0xC0,0x01,0x80,0x3F,0xFC,0x01,0x80,
    0x01,0x80,0x01,0x80,0x7F,0xFE,0x00,0x00,0x00,0x00,0x01,0x80,0x00,0x80,0x3F,0xFC,0x20,0x40,0x26,0x48,0x24,0x48,0x26,0x5C,
    0x29,0xD6,0x28,0x60,0x27,0xFC,0x20,0xC0,0x20,0x40,0x60,0x40,0x5F,0xFE,0x00,0x00,
};
